username,active_num_days,active_avg_count,active_sum_count,problem_num_days,problem_avg_count,problem_sum_count,video_num_days,video_avg_count,video_sum_count,forum_num_days,forum_avg_count,forum_sum_count,num_watched,num_complete,num_incomplete,complete_rate,watched_time_hour,watched_time_weekday,seek_video_sum,seek_video_avg,pause_video_sum,pause_video_avg,stop_video_sum,video_forward_seek_sum,video_forward_seek_avg,video_backward_seek_sum,video_backward_seek_avg,video_pause_forward_seek_sum,video_pause_forward_seek_avg,video_pause_backward_seek_sum,video_pause_backward_seek_avg,video_stop_backward_seek_sum,all_type_video_forward_seek_sum,all_type_video_forward_seek_avg,all_type_video_backward_seek_sum,all_type_video_backward_seek_avg,all_type_video_seek_sum,all_type_video_seek_avg,video_pause_sum,video_pause_avg,video_stop_sum,video_play_sum,video_play_avg,video_events_sum,video_events_avg,mt_practice_sum,mt_unit_sum,mt_online_num_day,mt_online_practice_num_day,hw_mean,qz_mean,final_score
Y1050160,1.166666667,215.83333330000002,282.1666667,1.166666667,20.13888889,25.83333333,1.166666667,20.80555556,27.0,0.0,0.0,0.0,3.0,1.0,2.0,0.1,5.152333648,1.0,2.333333333,0.5083333329999999,3.0,0.666666667,0.0,8.333333332999999,2.05,3.666666667,0.908333333,5.5,1.95,1.8333333330000001,0.308333333,0.0,13.83333333,4.0,5.5,1.216666667,19.33333333,5.216666667,9.666666667000001,2.858333333,0.0,22.33333333,5.8833333329999995,51.33333333,13.95833333,0.0,0.0,0.0,0.0,0.0,37.0,1
Y1050161,0.833333333,93.33333333,148.16666669999998,0.5,12.91666667,19.33333333,0.166666667,7.166666667,7.166666667,0.0,0.0,0.0,1.0,0.166666667,0.833333333,0.027777778,1.80996962,0.5,0.5,0.083333333,1.0,0.166666667,0.0,1.0,0.166666667,0.833333333,0.13888888900000002,2.166666667,0.36111111100000004,0.333333333,0.055555556,0.0,3.166666667,0.5277777779999999,1.166666667,0.194444445,4.333333333,0.7222222220000001,3.5,0.583333333,0.0,5.333333333,0.8888888890000001,13.16666667,2.194444445,0.0,0.0,0.0,0.0,0.0,52.5,1
Y1050162,2.333333333,368.1111111,1070.333333,2.166666667,18.19444445,48.0,2.166666667,86.33333332,229.66666669999998,0.0,0.0,0.0,9.666666667000001,7.666666667,2.0,0.657295482,8.22577993,3.666666667,8.666666667000001,0.7291208790000001,9.5,0.8222222220000001,0.333333333,38.5,3.02936508,67.33333333,6.02905983,77.0,6.866361416,22.83333333,2.03943834,0.333333333,115.5,9.895726496,90.5,8.093223443,206.0,17.98894994,108.83333329999999,9.689407815,0.333333333,215.66666669999998,18.82228327,530.8333333,46.525366299999995,0.0,0.0,0.0,0.0,0.0,44.16666667,1
Y1050163,0.0,0.0,0.0,0.0,0.0,0.0,0.0,0.0,0.0,0.0,0.0,0.0,0.0,0.0,0.0,0.0,0.0,0.0,0.0,0.0,0.0,0.0,0.0,0.0,0.0,0.0,0.0,0.0,0.0,0.0,0.0,0.0,0.0,0.0,0.0,0.0,0.0,0.0,0.0,0.0,0.0,0.0,0.0,0.0,0.0,0.0,0.0,0.0,0.0,0.0,0.0,0
Y1050164,0.5,6.055555555,18.16666667,0.0,0.0,0.0,0.5,0.666666667,2.0,0.0,0.0,0.0,1.0,0.666666667,0.333333333,0.111111111,1.2383962720000001,0.333333333,0.166666667,0.027777778,0.666666667,0.111111111,0.333333333,0.0,0.0,0.0,0.0,0.166666667,0.027777778,0.0,0.0,0.166666667,0.166666667,0.027777778,0.166666667,0.027777778,0.333333333,0.055555556,0.833333333,0.13888888900000002,0.333333333,1.333333333,0.222222222,2.833333333,0.472222222,0.0,0.0,0.0,0.0,0.0,0.0,0
Y1050165,0.5,12.41666667,24.16666667,0.0,0.0,0.0,0.333333333,2.833333333,5.666666667,0.0,0.0,0.0,0.5,0.166666667,0.333333333,0.055555556,1.249698802,0.333333333,0.333333333,0.111111111,0.5,0.166666667,0.166666667,0.5,0.166666667,0.166666667,0.055555556,3.666666667,1.222222222,0.166666667,0.055555556,0.0,4.166666667,1.388888889,0.333333333,0.111111111,4.5,1.5,4.166666667,1.388888889,0.166666667,5.0,1.6666666669999999,13.83333333,4.611111112,0.0,0.0,0.0,0.0,0.0,0.0,0
Y1050166,1.166666667,24.83333333,65.66666667,0.5,1.083333333,2.0,0.833333333,2.444444445,5.833333333,0.0,0.0,0.0,0.666666667,0.0,0.666666667,0.0,1.475020089,0.833333333,0.333333333,0.222222222,0.666666667,0.333333333,0.0,0.666666667,0.222222222,0.166666667,0.166666667,2.0,1.111111111,0.666666667,0.666666667,0.0,2.666666667,1.333333333,0.833333333,0.833333333,3.5,2.166666667,3.333333333,2.111111111,0.0,4.166666667,2.5,11.0,6.777777778,0.0,0.0,0.0,0.0,0.0,27.5,0
Y1050167,1.166666667,142.02777780000002,311.0,0.666666667,35.41666667,39.83333333,0.833333333,9.0,13.0,0.0,0.0,0.0,4.0,2.0,2.0,0.27483165,3.2132539560000004,2.333333333,1.333333333,0.16456229,3.5,0.444444445,0.5,0.833333333,0.11237373699999999,0.666666667,0.097222222,3.833333333,0.534511785,0.5,0.07533669999999999,0.166666667,4.666666667,0.646885522,1.333333333,0.214225589,6.0,0.8611111109999999,7.166666667,0.937289562,0.5,10.0,1.361111111,23.66666667,3.2613636360000005,0.666666667,0.5,0.833333333,0.5,1.294117647,47.66666667,1
Y1050168,1.0,59.58333333,158.83333330000002,0.666666667,5.583333333,10.16666667,0.666666667,4.666666667,13.33333333,0.0,0.0,0.0,1.8333333330000001,1.333333333,0.5,0.148148148,3.6263169960000003,1.5,1.0,0.111111111,1.333333333,0.27777777800000003,0.833333333,4.166666667,0.46296296299999995,2.5,0.27777777800000003,1.333333333,0.148148148,1.333333333,0.148148148,0.666666667,5.5,0.611111111,4.5,0.5,10.0,1.111111111,4.0,0.574074074,1.0,11.83333333,1.444444445,26.83333333,3.24074074,0.666666667,0.666666667,0.166666667,0.666666667,1.029411765,11.33333333,0
Y1050169,1.166666667,132.1666667,350.8333333,1.0,13.33333333,29.0,1.166666667,19.55555556,52.66666667,0.0,0.0,0.0,4.0,2.0,2.0,0.25,2.637164382,1.5,2.333333333,0.34848484799999996,3.833333333,0.484848485,0.166666667,20.33333333,2.939393939,7.166666667,0.651515152,15.0,1.363636364,2.666666667,0.242424243,0.0,35.33333333,4.303030303,9.833333332999999,0.8939393940000001,45.16666667,5.196969697,21.16666667,2.060606061,0.166666667,49.16666667,5.696969697,115.66666670000001,12.96969697,0.0,0.0,0.0,0.0,0.0,0.0,0
Y1050170,1.333333333,150.34722219999998,355.1666667,0.833333333,21.83333333,30.16666667,1.0,18.95833333,32.33333333,0.0,0.0,0.0,5.166666667,4.666666667,0.5,0.43849206399999996,3.105629501,2.666666667,2.166666667,0.21031746,5.0,0.48611111100000004,1.0,1.0,0.083333333,2.666666667,0.27182539699999997,17.33333333,1.5833333330000001,3.166666667,0.293650794,0.0,18.33333333,1.6666666669999999,5.833333333,0.565476191,24.16666667,2.232142857,24.5,2.259920635,1.0,29.33333333,2.732142857,79.0,7.317460317,1.333333333,1.166666667,0.833333333,1.166666667,3.3264705880000003,0.0,0
Y1050171,2.833333333,161.7138889,491.0,2.166666667,25.38888889,65.0,2.333333333,7.819444445,21.0,0.0,0.0,0.0,8.166666667000001,8.0,0.166666667,0.80952381,5.68261827,1.5,0.833333333,0.080176768,7.5,0.766594517,1.8333333330000001,0.5,0.051136364000000004,1.0,0.09532828300000001,7.166666667,0.756132756,1.8333333330000001,0.19110750399999998,0.0,7.666666667,0.80726912,2.833333333,0.286435787,10.5,1.093704906,15.16666667,1.57783189,1.8333333330000001,18.66666667,1.92703824,46.16666667,4.786165223999999,0.333333333,0.333333333,0.166666667,0.333333333,0.529411765,13.0,0
Y1050172,0.5,157.5,157.5,0.166666667,7.666666667,7.666666667,0.333333333,24.5,24.5,0.0,0.0,0.0,1.5,1.333333333,0.166666667,0.166666667,2.080798553,0.5,1.0,0.125,1.333333333,0.3125,0.333333333,2.166666667,0.270833333,1.5,0.1875,17.83333333,5.0,0.666666667,0.083333333,0.166666667,20.0,5.270833333,2.333333333,0.291666667,22.33333333,5.5625,19.66666667,5.375,0.333333333,23.83333333,5.895833333,66.16666667,16.875,0.333333333,0.333333333,0.166666667,0.333333333,0.0,15.5,0
Y1050173,3.0,226.25555559999998,554.8333332999999,2.0,20.83333333,45.66666667,1.6666666669999999,34.52777778,50.83333333,0.0,0.0,0.0,5.666666667,3.666666667,2.0,0.480555556,7.244952281000001,2.5,3.166666667,0.447222222,5.5,0.819444445,1.166666667,7.5,0.975,4.833333333,0.530555556,23.66666667,4.044444445,4.0,0.775,0.166666667,31.16666667,5.019444445,9.0,1.361111111,40.16666667,6.380555556,32.0,5.466666667,1.166666667,45.83333333,7.213888889,119.16666670000001,19.27222222,0.833333333,0.833333333,0.333333333,0.833333333,1.058823529,87.16666667,2
Y1050174,5.166666667,117.8809524,613.3333332999999,3.333333333,21.23611111,73.33333333,1.0,11.75,20.33333333,0.0,0.0,0.0,3.0,2.166666667,0.833333333,0.41111111100000003,5.69172846,2.0,1.0,0.311111111,2.833333333,0.5,0.5,4.5,0.603703704,0.833333333,0.12962963,10.16666667,1.8037037040000001,1.166666667,0.166666667,0.0,14.66666667,2.407407407,2.0,0.296296296,16.66666667,2.7037037039999996,13.66666667,2.362962963,0.5,19.66666667,3.37037037,50.5,8.544444445,5.666666667,2.833333333,1.8333333330000001,3.666666667,6.71,83.33333333,3
Y1050175,2.666666667,177.84722219999998,575.6666667000001,2.5,18.26388889,54.0,2.666666667,12.09722222,40.0,0.0,0.0,0.0,8.666666667000001,5.833333333,2.833333333,0.536556036,11.86364906,1.333333333,4.333333333,0.45340307799999996,7.5,0.7010582009999999,1.0,3.333333333,0.321849447,4.5,0.45995671,14.33333333,1.328342953,4.833333333,0.412578163,0.166666667,17.66666667,1.6501924,9.5,0.884439635,27.16666667,2.534632035,25.5,2.325817701,1.0,35.83333333,3.367965368,89.5,8.316919192,0.5,0.333333333,0.333333333,0.333333333,0.529411765,37.16666667,1
Y1050176,4.333333333,233.0916667,993.1666667000002,3.0,28.11111111,85.16666667,3.833333333,24.43888889,89.16666667,0.0,0.0,0.0,10.0,8.666666667000001,1.333333333,0.837606838,10.53130432,1.166666667,6.166666667,0.581131831,10.0,1.0,0.0,25.5,2.519295519,9.666666667000001,0.918172106,31.16666667,3.1809116810000004,5.5,0.615821679,0.0,56.66666667,5.7002072,15.16666667,1.533993784,71.83333333,7.234200984,46.0,4.743120306000001,0.0,81.83333333,8.234200984,199.66666669999998,20.21152227,14.16666667,3.0,2.0,3.666666667,9.484705882,81.0,3
Y1050177,2.333333333,302.34722220000003,738.3333332999999,1.0,45.41666667,62.66666667,1.166666667,41.0,64.0,0.0,0.0,0.0,5.166666667,2.5,2.666666667,0.28214285699999997,7.771230455,1.8333333330000001,5.0,0.642857143,4.166666667,0.5380952379999999,0.333333333,18.0,2.310714286,19.5,2.167857143,5.5,0.614285714,5.333333333,0.533333333,0.333333333,23.5,2.925,25.16666667,2.75952381,48.66666667,5.68452381,13.0,1.478571429,0.333333333,53.83333333,6.351190476,115.83333329999999,13.57261905,1.333333333,0.833333333,0.333333333,0.833333333,1.058823529,28.83333333,0
Y1050178,0.333333333,135.33333330000002,135.33333330000002,0.333333333,9.166666667000001,9.166666667000001,0.333333333,22.16666667,22.16666667,0.0,0.0,0.0,3.5,1.8333333330000001,1.6666666669999999,0.17424242399999998,2.245897504,2.0,2.666666667,0.256060606,2.666666667,0.254545455,0.666666667,8.333333332999999,0.812121212,2.0,0.195454546,4.333333333,0.410606061,0.666666667,0.065151515,0.0,12.66666667,1.222727273,2.666666667,0.260606061,15.33333333,1.483333333,6.333333333,0.6030303029999999,0.666666667,18.83333333,1.8166666669999998,41.16666667,3.965151515,0.333333333,0.333333333,0.166666667,0.333333333,0.308823529,32.5,0
Y1050179,4.833333333,250.0805556,1269.5,3.5,27.07222222,96.66666667,4.333333333,33.18888889,158.5,0.0,0.0,0.0,11.5,10.16666667,1.333333333,0.848009116,12.99105486,1.0,7.0,0.571641727,11.16666667,0.9814241490000001,2.666666667,50.5,2.9405572760000003,24.16666667,1.570201238,36.33333333,3.04624613,12.66666667,1.082408841,1.5,86.83333333,5.986803406,38.33333333,2.754089267,125.16666670000001,8.740892672000001,57.5,4.915097179,3.0,136.66666669999998,9.740892672000001,322.3333333,23.61511868,3.666666667,1.8333333330000001,1.8333333330000001,2.5,7.980588235,96.33333333,3
Y1050180,3.5,49.94444444,153.83333330000002,0.333333333,3.833333333,7.666666667,1.0,4.833333333,14.5,0.0,0.0,0.0,3.5,2.666666667,0.833333333,0.254545455,1.946284865,1.0,0.833333333,0.08030303,3.0,0.28636363600000003,0.666666667,1.5,0.142424243,1.333333333,0.133333333,3.666666667,0.35,0.5,0.05,0.166666667,5.166666667,0.492424243,2.0,0.2,7.166666667,0.6924242429999999,6.666666667,0.637878788,0.666666667,10.66666667,1.025757576,25.16666667,2.41969697,0.333333333,0.333333333,0.166666667,0.333333333,0.352941176,51.33333333,1
Y1050181,2.0,71.56666667,215.0,1.333333333,15.5,38.0,0.0,0.0,0.0,0.0,0.0,0.0,0.0,0.0,0.0,0.0,0.0,0.0,0.0,0.0,0.0,0.0,0.0,0.0,0.0,0.0,0.0,0.0,0.0,0.0,0.0,0.0,0.0,0.0,0.0,0.0,0.0,0.0,0.0,0.0,0.0,0.0,0.0,0.0,0.0,0.0,0.0,0.0,0.0,0.0,35.0,0
Y1050182,4.5,205.5166667,941.0,3.166666667,18.94444445,58.16666667,4.0,25.95833333,105.16666670000001,0.0,0.0,0.0,12.0,8.5,3.5,0.696136788,10.35610705,1.0,7.0,0.5756010739999999,11.66666667,0.975694445,2.333333333,5.833333333,0.48847455700000003,15.66666667,1.275414332,41.83333333,3.677054155,19.0,1.645629085,1.0,47.66666667,4.1655287119999995,35.66666667,3.000291783,83.33333333,7.165820495,68.83333333,5.980129552,2.333333333,95.33333333,8.165820495,249.83333330000002,21.5067402,2.666666667,2.0,2.0,2.333333333,7.117647058999999,89.16666667,3
Y1050183,0.0,0.0,0.0,0.0,0.0,0.0,0.0,0.0,0.0,0.0,0.0,0.0,0.0,0.0,0.0,0.0,0.0,0.0,0.0,0.0,0.0,0.0,0.0,0.0,0.0,0.0,0.0,0.0,0.0,0.0,0.0,0.0,0.0,0.0,0.0,0.0,0.0,0.0,0.0,0.0,0.0,0.0,0.0,0.0,0.0,0.0,0.0,0.0,0.0,0.0,5.5,0
Y1050184,0.166666667,10.33333333,10.33333333,0.0,0.0,0.0,0.0,0.0,0.0,0.0,0.0,0.0,0.0,0.0,0.0,0.0,0.0,0.0,0.0,0.0,0.0,0.0,0.0,0.0,0.0,0.0,0.0,0.0,0.0,0.0,0.0,0.0,0.0,0.0,0.0,0.0,0.0,0.0,0.0,0.0,0.0,0.0,0.0,0.0,0.0,0.5,0.5,0.166666667,0.5,0.647058824,18.83333333,0
Y1050185,5.833333333,130.515873,733.5,2.5,28.57777778,70.5,2.833333333,13.45555556,41.83333333,1.0,0.5555555560000001,1.6666666669999999,9.5,7.666666667,1.8333333330000001,0.8821830340000001,7.551737185,2.0,4.5,0.359343555,8.333333332999999,0.785953177,2.666666667,3.5,0.37005747899999997,8.333333332999999,0.686863861,9.166666667000001,0.758104215,4.166666667,0.311724508,0.666666667,12.66666667,1.128161693,13.16666667,1.0441370220000001,25.83333333,2.172298716,19.83333333,1.522615066,2.666666667,35.5,3.179545093,83.83333333,7.377890225,9.833333332999999,3.0,2.833333333,4.166666667,10.0,90.66666667,3
Y1050186,4.333333333,229.5,967.1666667000002,2.5,32.38888889,79.66666667,3.5,27.25,94.33333333,0.0,0.0,0.0,10.16666667,8.5,1.6666666669999999,0.780830281,6.56554816,1.333333333,7.333333333,0.746336997,9.833333332999999,0.974358974,2.666666667,20.66666667,2.494505495,29.33333333,2.611111111,17.66666667,1.5932539680000002,8.333333332999999,0.727564103,0.166666667,38.33333333,4.087759463,37.83333333,3.351495727,76.16666667,7.439255189,33.0,2.98489011,2.666666667,86.33333333,8.439255188999999,198.16666669999998,19.13186813,6.0,2.666666667,1.333333333,4.0,8.436470587999999,83.83333333,3
Y1050187,0.333333333,25.25,50.5,0.166666667,1.333333333,1.333333333,0.166666667,8.833333332999999,8.833333332999999,0.0,0.0,0.0,1.0,0.333333333,0.666666667,0.055555556,2.118412448,0.333333333,1.0,0.166666667,0.666666667,0.111111111,0.0,5.166666667,0.8611111109999999,0.833333333,0.13888888900000002,0.333333333,0.055555556,0.166666667,0.027777778,0.0,5.5,0.916666667,1.0,0.166666667,6.5,1.083333333,0.833333333,0.13888888900000002,0.0,7.5,1.25,14.83333333,2.472222222,0.0,0.0,0.0,0.0,0.0,26.66666667,0
Y1050188,3.833333333,82.16349206,323.1666667,2.5,5.133333333,17.0,2.166666667,20.86111111,52.83333333,0.0,0.0,0.0,2.666666667,1.0,1.6666666669999999,0.261111111,11.21586004,2.333333333,1.6666666669999999,0.544444445,2.666666667,1.0,0.166666667,17.83333333,4.833333333,1.0,0.311111111,24.33333333,7.786111112,3.0,1.538888889,0.0,42.16666667,12.61944445,4.0,1.85,46.16666667,14.46944445,29.66666667,10.22777778,0.166666667,48.83333333,15.46944445,124.83333329999999,40.22222222,1.333333333,0.666666667,1.6666666669999999,0.833333333,2.7058823530000002,55.0,1
Y1050189,3.333333333,314.8888889,941.1666667000002,2.333333333,28.94444445,74.66666667,2.0,57.05555556,106.66666670000001,0.0,0.0,0.0,11.5,9.5,2.0,0.844907407,10.80739841,3.833333333,8.333333332999999,0.707112795,10.83333333,0.9469907409999999,1.5,49.0,4.233038721000001,20.5,1.741056397,15.83333333,1.29452862,7.166666667,0.6721590909999999,0.333333333,64.83333333,5.52756734,28.0,2.4317340069999998,92.83333333,7.959301347,33.33333333,2.8835858589999996,1.5,104.33333329999999,8.959301347,232.0,19.90380892,4.0,3.0,1.333333333,3.5,7.52,91.66666667,3
Y1050190,3.833333333,322.6666667,1221.333333,2.833333333,24.80555556,63.0,2.5,83.26666667,177.16666669999998,0.0,0.0,0.0,10.33333333,8.0,2.333333333,0.799801587,10.78190574,2.5,9.0,0.879662698,9.833333332999999,0.967361111,1.166666667,29.0,3.538095238,39.66666667,3.896230159,58.66666667,5.73968254,20.33333333,2.054166667,0.666666667,87.66666667,9.277777777999999,60.66666667,6.006646826,148.33333330000002,15.284424599999998,87.0,8.592460317,1.166666667,158.66666669999998,16.284424599999998,395.1666667,40.25367064,7.333333333,2.666666667,1.166666667,5.166666667,6.9876470589999995,88.83333333,3
Y1050191,3.0,244.3055556,555.3333332999999,1.6666666669999999,11.54166667,17.5,2.333333333,74.57222222,151.16666669999998,0.0,0.0,0.0,7.833333333,2.5,5.333333333,0.217592593,2.359121253,2.5,7.0,0.784391535,6.833333333,0.756613757,0.0,116.5,11.78406085,7.5,1.243716931,7.5,1.59292328,3.833333333,0.809854498,0.0,124.0,13.37698413,11.33333333,2.0535714290000002,135.33333330000002,15.43055556,17.66666667,3.1263227510000005,0.0,143.16666669999998,16.26388889,296.1666667,34.8207672,0.166666667,0.166666667,0.166666667,0.166666667,0.294117647,41.66666667,1
Y1050192,2.666666667,430.0,1081.0,1.8333333330000001,71.41666667,124.66666670000001,2.166666667,31.05555556,64.33333333,0.0,0.0,0.0,11.5,8.833333332999999,2.666666667,0.749065518,9.495949608,3.0,6.333333333,0.560961261,10.5,0.9009920640000001,0.666666667,16.66666667,1.536741731,12.83333333,1.052799284,8.333333332999999,0.705775475,6.5,0.564329421,0.166666667,25.0,2.242517205,19.5,1.631017594,44.5,3.8735347989999998,23.5,2.033578227,0.666666667,56.0,4.873534799,124.66666670000001,10.83677156,14.5,3.0,5.666666667,5.0,7.8629411760000005,66.83333333,2
Y1050193,2.0,60.63888889,267.5,0.833333333,11.25,21.16666667,1.6666666669999999,6.0,21.0,0.0,0.0,0.0,3.333333333,2.166666667,1.166666667,0.322222222,3.396672327,0.833333333,1.8333333330000001,0.275,3.333333333,0.5,0.166666667,2.5,0.208333333,2.166666667,0.283333333,8.333333332999999,1.3,3.5,0.5111111110000001,0.166666667,10.83333333,1.5083333330000002,5.833333333,0.808333333,16.66666667,2.316666667,14.66666667,2.208333333,0.166666667,20.0,2.816666667,51.5,7.355555555,0.333333333,0.333333333,0.166666667,0.333333333,0.058823529000000006,25.83333333,0
Y1050194,2.5,194.4444445,514.1666667,1.8333333330000001,18.08333333,39.0,1.6666666669999999,35.41666667,64.0,0.0,0.0,0.0,4.833333333,3.0,1.8333333330000001,0.40223665200000003,12.4775163,2.833333333,3.833333333,0.712481962,4.833333333,0.833333333,0.333333333,6.833333333,0.977453103,24.16666667,4.4218975469999995,16.33333333,2.750721501,6.333333333,0.886544012,0.0,23.16666667,3.7281746030000003,30.5,5.308441558,53.66666667,9.036616161,27.0,4.247113997,0.333333333,58.5,9.869949494,139.5,23.21049784,0.5,0.5,0.166666667,0.5,0.9411764709999999,25.0,0
Y1050195,4.666666667,276.6924603,1354.666667,3.5,21.84444445,78.16666667,3.166666667,38.84722222,141.66666669999998,0.0,0.0,0.0,9.166666667000001,8.0,1.166666667,0.7410256409999999,10.22621458,1.0,5.833333333,0.532600733,9.166666667000001,0.833333333,1.5,14.0,1.18974359,16.16666667,1.439072039,86.5,8.053907204,9.833333332999999,0.895054945,0.166666667,100.5,9.243650794,26.16666667,2.350793651,126.66666670000001,11.59444445,104.16666670000001,9.6496337,1.5,135.83333330000002,12.42777778,368.1666667,33.82118437,1.333333333,1.166666667,0.5,1.333333333,1.382352941,53.0,1
Y1050196,1.166666667,18.27777778,48.83333333,0.166666667,1.333333333,1.333333333,0.333333333,2.166666667,2.166666667,0.0,0.0,0.0,0.5,0.0,0.5,0.0,2.4799972830000003,1.333333333,0.166666667,0.083333333,0.5,0.333333333,0.0,0.166666667,0.083333333,0.0,0.0,0.166666667,0.083333333,0.166666667,0.083333333,0.0,0.333333333,0.166666667,0.166666667,0.083333333,0.5,0.25,0.666666667,0.41666666700000005,0.0,1.0,0.583333333,2.166666667,1.25,0.0,0.0,0.0,0.0,0.0,9.166666667000001,0
Y1050197,3.333333333,634.3472222,1818.3333329999998,2.5,31.52777778,84.16666667,2.833333333,160.33333330000002,407.3333333,0.0,0.0,0.0,21.16666667,19.0,2.166666667,0.867760181,11.75136418,1.6666666669999999,17.83333333,0.7655165909999999,19.66666667,0.925584465,4.333333333,192.16666669999998,6.436041982000001,80.5,3.0076168930000002,46.16666667,1.7836287080000002,21.5,0.946122424,2.5,238.33333330000002,8.21967069,104.5,4.069155353999999,342.8333333,12.28882604,82.66666667,3.4444884360000003,4.5,364.0,13.28882604,794.0,29.23141654,3.333333333,2.166666667,2.0,2.333333333,5.4117647060000005,80.5,3
Y1050198,1.166666667,102.08333329999999,190.16666669999998,0.833333333,10.25,19.16666667,1.0,11.0,16.83333333,0.0,0.0,0.0,2.666666667,2.0,0.666666667,0.375,9.511217896,1.5,2.166666667,0.529166667,2.666666667,0.666666667,0.5,2.0,0.591666667,5.5,2.2166666669999997,3.166666667,1.029166667,0.5,0.1,0.333333333,5.166666667,1.6208333330000002,6.333333333,2.420833333,11.5,4.041666667,6.0,1.608333333,0.5,14.16666667,4.708333333,32.16666667,10.48333333,0.0,0.0,0.0,0.0,0.0,36.5,0
Y1050199,1.6666666669999999,120.3611111,393.5,1.0,17.0,34.0,1.5,18.88888889,56.66666667,0.0,0.0,0.0,6.0,4.166666667,1.8333333330000001,0.350396826,4.552986571,0.666666667,3.333333333,0.27698412699999997,5.666666667,0.472222222,0.666666667,26.83333333,2.357539683,8.833333332999999,0.7222222220000001,9.333333332999999,0.8079365079999999,2.333333333,0.19563492100000002,0.166666667,36.16666667,3.165476191,11.33333333,0.929761905,47.5,4.095238095,16.83333333,1.431349206,0.666666667,53.5,4.595238095,118.5,10.1781746,8.5,1.6666666669999999,1.8333333330000001,2.833333333,4.147058824,35.0,1
Y1050200,2.5,238.69444449999997,657.5,1.333333333,16.02777778,33.5,2.0,54.83333333,114.33333329999999,0.0,0.0,0.0,5.833333333,4.166666667,1.6666666669999999,0.609704185,9.746986284,2.0,4.166666667,0.740836941,5.666666667,0.976190476,0.166666667,4.666666667,0.674945888,20.33333333,3.684036797,65.33333333,11.50566378,9.0,1.723593074,0.166666667,70.0,12.18060967,29.5,5.431439394,99.5,17.61204906,79.83333333,14.19029581,0.166666667,105.33333329999999,18.61204906,284.8333333,50.43820346,2.333333333,0.666666667,0.833333333,0.666666667,1.529411765,27.66666667,1
Y1050201,3.666666667,254.44444449999997,932.6666667000002,2.333333333,20.43055556,52.83333333,3.166666667,40.70833334,126.0,0.0,0.0,0.0,15.0,11.33333333,3.666666667,0.803907127,11.56910548,1.333333333,10.83333333,0.712191358,14.16666667,0.9559133,1.0,21.16666667,1.3628998319999999,16.5,1.185185185,41.83333333,3.151339787,14.83333333,1.122685185,0.166666667,63.0,4.514239618,31.5,2.3217592590000002,94.5,6.835998878,67.83333333,5.040088384,1.0,109.5,7.835998878,272.8333333,19.78549383,5.166666667,1.6666666669999999,1.8333333330000001,2.666666667,6.644117647000001,66.0,2
Y1050202,4.0,214.65,878.3333332999998,2.833333333,22.88888889,71.16666667,3.0,28.86111111,92.0,0.0,0.0,0.0,9.666666667000001,9.333333332999999,0.333333333,0.965079365,11.93303086,1.166666667,2.166666667,0.192724868,9.666666667000001,1.0,3.0,4.0,0.34150132299999997,1.6666666669999999,0.133300265,62.0,6.8880621689999995,10.5,1.071097884,0.5,66.0,7.2295634920000005,12.66666667,1.24973545,78.66666667,8.479298942,79.5,8.715277777999999,3.0,88.33333333,9.479298942,249.5,26.95198413,2.5,1.6666666669999999,0.833333333,2.166666667,6.907058824,76.66666667,2
Y1050203,0.333333333,55.33333333,55.33333333,0.166666667,4.833333333,4.833333333,0.333333333,1.8333333330000001,1.8333333330000001,0.0,0.0,0.0,0.5,0.166666667,0.333333333,0.083333333,1.236597832,0.833333333,0.166666667,0.083333333,0.166666667,0.166666667,0.166666667,0.333333333,0.166666667,0.0,0.0,0.0,0.0,0.0,0.0,0.0,0.333333333,0.166666667,0.0,0.0,0.333333333,0.166666667,0.166666667,0.166666667,0.166666667,0.833333333,0.5,1.5,0.916666667,0.0,0.0,0.0,0.0,0.0,12.83333333,0
Y1050204,2.333333333,271.7361111,593.6666667000001,1.6666666669999999,31.36111111,43.83333333,2.166666667,25.94444445,54.83333333,0.0,0.0,0.0,11.83333333,9.333333332999999,2.5,0.727147822,3.5368402010000004,1.5,4.5,0.367904855,10.83333333,0.918540241,3.333333333,9.333333332999999,0.899576409,10.0,0.830694037,13.0,1.192467688,4.333333333,0.433235582,1.166666667,22.33333333,2.092044097,15.5,1.35884653,37.83333333,3.4508906269999997,26.5,2.373989899,3.5,49.66666667,4.450890627,117.5,10.5853644,0.666666667,0.666666667,0.5,0.666666667,6.659411765,89.0,3
Y1050205,3.166666667,218.30833330000002,726.5,1.8333333330000001,21.09722222,52.5,2.5,23.51111111,70.66666667,0.0,0.0,0.0,10.33333333,9.166666667000001,1.166666667,0.7061923590000001,9.684649873,2.166666667,4.833333333,0.41304347799999996,9.833333332999999,0.797979798,3.666666667,2.5,0.224967062,13.0,2.021519543,27.33333333,4.3610013180000005,6.166666667,0.7807971020000001,0.5,29.83333333,4.58596838,19.66666667,2.8313570489999997,49.5,7.417325429,39.83333333,5.655797102,3.833333333,59.83333333,8.250658762,153.0,21.64317084,3.333333333,1.6666666669999999,0.666666667,1.6666666669999999,7.711176471,85.83333333,3
Y1050206,3.166666667,254.47777779999998,743.0,3.0,26.55555556,75.0,2.833333333,13.61111111,37.83333333,0.0,0.0,0.0,9.333333332999999,5.5,3.833333333,0.626165501,7.143646831,1.5,3.833333333,0.416375292,8.5,0.93482906,1.0,8.166666667000001,1.031759907,5.333333333,0.513986014,5.333333333,0.6047494170000001,2.166666667,0.29647435899999997,0.333333333,13.5,1.6365093240000002,7.833333333,0.853389666,21.33333333,2.48989899,15.33333333,1.7457750580000002,1.0,30.66666667,3.48989899,68.33333333,7.857711732,0.666666667,0.666666667,0.166666667,0.666666667,2.8529411760000003,85.66666667,2
Y1050207,1.0,472.66666669999995,541.0,0.666666667,10.66666667,16.0,1.0,139.58333330000002,149.66666669999998,0.0,0.0,0.0,11.16666667,7.166666667,4.0,0.528409091,9.890814652000001,3.833333333,9.0,0.636574074,8.833333332999999,0.7305871209999999,0.833333333,93.5,5.321759258999999,11.33333333,0.920770202,17.5,1.49174032,4.333333333,0.39709596,0.5,111.0,6.813499579,16.16666667,1.333491162,127.16666670000001,8.146990741,28.66666667,2.4347117000000003,0.833333333,138.33333330000002,8.980324074,295.0,19.58806818,0.0,0.0,0.0,0.0,0.0,63.83333333,1
Y1050208,5.0,207.5476191,1004.5,4.0,21.80555556,72.16666667,3.333333333,35.74166667,99.16666667,0.0,0.0,0.0,6.333333333,3.0,3.333333333,0.596891535,6.659132908999999,3.166666667,6.166666667,0.9814814820000001,5.666666667,0.915343915,0.0,67.0,11.61474868,6.333333333,1.174603175,15.66666667,2.8237433860000003,1.333333333,0.29861111100000004,0.0,82.66666667,14.43849206,7.666666667,1.473214286,90.33333333,15.91170635,22.5,4.016865079,0.0,96.66666667,16.91170635,209.5,36.84027778,5.166666667,1.8333333330000001,1.0,2.5,6.647058824,65.83333333,2
Y1050209,5.333333333,138.34126980000002,763.0,4.333333333,11.23333333,51.0,3.5,13.13888889,44.66666667,0.0,0.0,0.0,10.83333333,4.333333333,6.5,0.494444445,2.833642203,1.6666666669999999,2.0,0.244444445,10.83333333,1.0,1.0,4.166666667,0.294444445,3.333333333,0.355555556,16.0,2.333333333,6.666666667,0.7,0.333333333,20.16666667,2.627777778,10.33333333,1.083333334,30.5,3.711111111,32.66666667,3.95,1.0,41.5,4.722222222,105.66666670000001,12.48055556,5.333333333,3.0,1.8333333330000001,4.5,8.197058823999999,81.5,3
Y1050210,0.833333333,62.22222222,179.83333330000002,0.5,9.833333332999999,18.83333333,0.5,3.416666667,6.333333333,0.0,0.0,0.0,1.5,0.833333333,0.666666667,0.10416666699999999,1.8802153419999998,1.333333333,0.5,0.0625,1.5,0.333333333,0.0,0.666666667,0.083333333,0.166666667,0.020833333,1.0,0.270833333,0.5,0.0625,0.0,1.6666666669999999,0.35416666700000005,0.666666667,0.083333333,2.333333333,0.4375,2.833333333,0.645833333,0.0,3.833333333,0.770833333,9.0,1.8541666669999999,0.0,0.0,0.0,0.0,0.0,27.5,0
Y1050211,1.5,339.02777779999997,570.6666667000001,1.166666667,28.16666667,40.16666667,1.166666667,60.66666667,88.33333333,0.0,0.0,0.0,6.0,4.333333333,1.6666666669999999,0.534090909,8.796860642,3.166666667,5.166666667,0.608585859,5.5,0.636363636,0.333333333,32.83333333,2.8939393939999998,20.83333333,1.845959596,12.33333333,1.082070707,3.833333333,0.48737373700000003,0.166666667,45.16666667,3.9760101010000004,24.83333333,2.347222222,70.0,6.323232322999999,20.5,1.953282828,0.333333333,76.0,7.156565657000001,166.83333330000002,15.61363637,1.5,0.666666667,1.5,0.666666667,1.8970588240000001,33.83333333,1
Y1050212,1.6666666669999999,130.0555556,342.8333333,1.333333333,14.33333333,28.33333333,1.166666667,18.66666667,43.5,0.0,0.0,0.0,3.666666667,2.833333333,0.833333333,0.375,4.7622143789999996,1.333333333,2.5,0.319444445,3.666666667,0.5,0.333333333,6.0,0.6527777779999999,15.83333333,2.194444445,11.0,1.6527777780000001,3.0,0.430555556,0.166666667,17.0,2.305555556,19.0,2.63888889,36.0,4.944444445,17.16666667,2.541666667,0.333333333,39.66666667,5.444444445,93.16666667,12.95833333,0.0,0.0,0.0,0.0,0.0,18.33333333,0
Y1050213,0.333333333,12.66666667,12.66666667,0.0,0.0,0.0,0.0,0.0,0.0,0.0,0.0,0.0,0.0,0.0,0.0,0.0,0.0,0.0,0.0,0.0,0.0,0.0,0.0,0.0,0.0,0.0,0.0,0.0,0.0,0.0,0.0,0.0,0.0,0.0,0.0,0.0,0.0,0.0,0.0,0.0,0.0,0.0,0.0,0.0,0.0,0.0,0.0,0.0,0.0,0.0,3.333333333,0
Y1050214,2.333333333,90.625,351.6666667,1.6666666669999999,5.375,17.83333333,2.333333333,16.83611111,67.83333333,0.0,0.0,0.0,4.833333333,4.166666667,0.666666667,0.436363636,8.531410697,1.166666667,3.0,0.31969697,4.666666667,0.6527777779999999,1.166666667,10.83333333,1.206565657,14.83333333,1.6116161619999998,30.33333333,3.92449495,3.5,0.664393939,0.166666667,41.16666667,5.131060606,18.5,2.291161616,59.66666667,7.422222222,37.16666667,5.106060606000001,1.166666667,64.5,8.088888888,162.5,20.73762626,0.5,0.5,0.333333333,0.5,0.279411765,22.16666667,0
Y1050215,1.6666666669999999,122.48333329999998,325.5,1.0,18.19444445,34.16666667,1.166666667,10.95833333,21.16666667,0.0,0.0,0.0,6.166666667,5.5,0.666666667,0.45669934700000003,4.144907685,1.5,1.333333333,0.101715686,5.833333333,0.47630719,1.0,1.8333333330000001,0.179330065,2.333333333,0.161764706,5.333333333,0.44281045799999996,2.5,0.20751634,0.166666667,7.166666667,0.622140523,5.0,0.37908496700000005,12.16666667,1.00122549,13.0,1.0723039220000001,1.0,18.33333333,1.50122549,44.5,3.64869281,0.0,0.0,0.0,0.0,0.0,31.66666667,0
Y1050216,0.666666667,26.77777778,66.33333333,0.166666667,2.0,2.0,0.166666667,3.666666667,3.666666667,0.0,0.0,0.0,0.666666667,0.0,0.666666667,0.0,2.254260183,1.166666667,0.666666667,0.166666667,0.166666667,0.041666667000000004,0.0,0.666666667,0.166666667,0.666666667,0.166666667,0.833333333,0.208333333,0.166666667,0.041666667000000004,0.0,1.5,0.375,0.833333333,0.208333333,2.333333333,0.583333333,1.0,0.25,0.0,3.0,0.75,6.333333333,1.5833333330000001,0.0,0.0,0.0,0.0,0.0,3.333333333,0
Y1050217,0.0,0.0,0.0,0.0,0.0,0.0,0.0,0.0,0.0,0.0,0.0,0.0,0.0,0.0,0.0,0.0,0.0,0.0,0.0,0.0,0.0,0.0,0.0,0.0,0.0,0.0,0.0,0.0,0.0,0.0,0.0,0.0,0.0,0.0,0.0,0.0,0.0,0.0,0.0,0.0,0.0,0.0,0.0,0.0,0.0,0.0,0.0,0.0,0.0,0.0,4.166666667,0
Y1050218,0.333333333,68.91666667,137.83333330000002,0.333333333,8.666666667000001,17.33333333,0.333333333,3.083333333,6.166666667,0.0,0.0,0.0,1.0,0.666666667,0.333333333,0.111111111,2.134756433,0.666666667,0.5,0.083333333,1.0,0.166666667,0.0,1.0,0.166666667,2.333333333,0.38888888899999996,1.333333333,0.222222222,0.333333333,0.055555556,0.0,2.333333333,0.38888888899999996,2.666666667,0.444444445,5.0,0.833333333,2.666666667,0.444444445,0.0,6.0,1.0,13.66666667,2.277777778,0.0,0.0,0.0,0.0,0.0,4.166666667,0
Y1050219,1.6666666669999999,108.21666670000002,246.16666669999998,1.0,15.36111111,29.83333333,1.166666667,4.944444445,9.833333332999999,0.0,0.0,0.0,3.5,0.5,3.0,0.0625,9.14967504,1.333333333,3.0,0.4375,1.8333333330000001,0.41666666700000005,0.0,2.666666667,0.35416666700000005,0.5,0.0625,2.333333333,0.333333333,0.666666667,0.083333333,0.0,5.0,0.6875,1.166666667,0.145833333,6.166666667,0.833333333,4.166666667,0.729166667,0.0,9.666666667000001,1.5,20.0,3.0625,1.0,0.666666667,0.166666667,1.0,1.294117647,34.0,0
Y1050220,1.8333333330000001,188.16666669999998,503.66666669999995,0.833333333,6.555555556,8.0,1.8333333330000001,39.41666667,107.83333329999999,0.0,0.0,0.0,9.166666667000001,7.5,1.6666666669999999,0.582894737,2.066963243,1.333333333,7.833333333,0.5541068579999999,8.833333332999999,0.65,1.0,10.5,0.694019139,23.0,1.660247209,37.16666667,2.5029904309999997,11.66666667,0.773763955,0.333333333,47.66666667,3.19700957,35.0,2.457934609,82.66666667,5.654944179,56.33333333,3.813317384,1.0,91.83333333,6.3216108460000004,231.83333330000002,15.86802233,0.0,0.0,0.0,0.0,0.0,35.0,1
Y1050221,2.833333333,158.90277780000002,534.5,1.8333333330000001,29.94444445,66.83333333,1.5,3.833333333,8.5,0.0,0.0,0.0,2.5,0.666666667,1.8333333330000001,0.074074074,4.335970026,2.333333333,0.666666667,0.268518519,2.333333333,0.625,0.0,1.0,0.226851852,0.5,0.375,2.333333333,0.875,0.5,0.078703704,0.0,3.333333333,1.101851852,1.0,0.453703704,4.333333333,1.5555555559999998,5.166666667,1.578703704,0.0,6.833333333,2.222222222,16.33333333,5.3564814819999995,3.666666667,2.333333333,1.5,3.0,7.149411765,80.5,3
Y1050222,3.0,160.98611110000002,509.5,1.8333333330000001,37.91666667,64.83333333,1.8333333330000001,7.361111112000001,17.5,0.0,0.0,0.0,4.666666667,2.0,2.666666667,0.311111111,8.95074476,2.666666667,1.333333333,0.20793650800000002,4.333333333,0.7857142859999999,0.5,3.833333333,0.6476190479999999,2.833333333,0.412698413,3.0,0.47698412700000004,1.166666667,0.188095238,0.166666667,6.833333333,1.124603175,4.166666667,0.624603175,11.0,1.749206349,8.5,1.450793651,0.5,15.66666667,2.5825396830000003,35.66666667,5.853968255,0.0,0.0,0.0,0.0,0.0,64.16666667,1
Y1050223,1.333333333,178.97222219999998,489.16666669999995,1.166666667,18.16666667,38.5,1.166666667,20.55555556,46.0,0.0,0.0,0.0,5.0,2.833333333,2.166666667,0.274621212,6.987876765,2.166666667,4.333333333,0.433712121,4.5,0.4375,0.5,7.5,0.767045455,4.666666667,0.424242424,20.16666667,1.9469696969999999,3.166666667,0.293560606,0.333333333,27.66666667,2.714015152,8.166666667000001,0.748106061,35.83333333,3.462121212,25.83333333,2.4905303030000003,0.666666667,40.83333333,3.962121212,103.16666670000001,9.981060605,0.5,0.5,0.166666667,0.5,0.235294118,24.66666667,0
Y1050224,2.5,148.375,453.33333330000005,1.6666666669999999,17.375,33.33333333,2.0,20.76388889,57.66666667,0.0,0.0,0.0,7.166666667,5.166666667,2.0,0.492216117,5.29159783,1.8333333330000001,3.5,0.299908425,7.0,0.8214285720000001,1.6666666669999999,8.166666667000001,0.6989468870000001,9.666666667000001,0.841346154,16.5,2.03937729,6.333333333,0.573031136,0.833333333,24.66666667,2.7383241760000003,16.83333333,1.4947344319999998,41.5,4.233058608,27.66666667,3.217948718,1.8333333330000001,48.83333333,5.087225275,119.83333329999999,12.71657509,1.0,0.666666667,0.166666667,0.666666667,2.470588235,86.16666667,2
Y1050225,4.5,161.09722219999998,819.3333332999999,3.166666667,18.0,67.0,4.0,21.06666667,92.5,0.0,0.0,0.0,9.833333332999999,8.5,1.333333333,0.7675925929999999,6.496432755,1.6666666669999999,6.666666667,0.693518519,9.333333332999999,0.894444445,2.833333333,19.33333333,2.034259259,20.83333333,2.407407407,20.66666667,2.346296296,8.666666667000001,0.994444445,1.8333333330000001,40.0,4.380555556,31.33333333,3.5361111110000003,71.33333333,7.916666667,36.83333333,4.092592593,3.0,81.16666667,8.916666667000001,192.33333330000002,21.15462963,7.0,2.5,2.666666667,3.833333333,7.723529412,71.33333333,2
Y1050226,1.333333333,352.6666667,687.1666667000001,0.333333333,37.08333333,74.16666667,1.0,47.91666667,61.83333333,0.0,0.0,0.0,9.333333332999999,5.833333333,3.5,0.396011396,0.827392218,2.166666667,3.5,0.21310541300000002,7.333333333,0.5085470089999999,1.5,24.33333333,1.554415954,6.0,0.39743589799999995,7.333333333,0.525071225,5.5,0.314957265,0.0,31.66666667,2.07948718,11.5,0.712393163,43.16666667,2.791880341,18.83333333,1.287891738,1.5,52.5,3.458547008,116.0,7.637037038,0.333333333,0.333333333,0.166666667,0.333333333,0.0,60.83333333,1
Y1050227,1.166666667,89.66666667,168.5,0.666666667,5.333333333,10.0,0.833333333,9.666666667000001,14.66666667,0.0,0.0,0.0,2.666666667,1.0,1.6666666669999999,0.21666666699999998,4.353778795,1.6666666669999999,1.8333333330000001,0.36190476200000005,2.5,0.47619047600000003,0.0,1.0,0.17857142899999998,1.5,0.314285714,7.666666667,1.497619048,0.5,0.107142857,0.0,8.666666667000001,1.676190476,2.0,0.42142857200000006,10.66666667,2.0976190480000003,10.33333333,2.015476191,0.0,13.33333333,2.5976190480000003,34.33333333,6.710714285,0.333333333,0.333333333,0.166666667,0.333333333,0.0,18.0,0
Y1050228,3.166666667,236.5,972.8333332999998,2.333333333,22.625,67.0,3.0,29.20833333,117.0,1.166666667,0.5555555560000001,1.333333333,11.66666667,7.0,4.666666667,0.562349501,7.814699384,1.5,5.5,0.479325765,11.5,0.8240740740000001,1.5,21.16666667,1.245138172,12.33333333,1.21958491,52.83333333,3.0442609789999997,11.33333333,0.651811719,0.833333333,74.0,4.289399152,24.5,1.920634102,98.5,6.210033254,75.0,4.481745213,1.5,110.16666670000001,7.043366587,285.1666667,17.82278408,2.333333333,2.0,0.833333333,2.166666667,5.674117647,66.33333333,2
Y1050229,5.0,209.2353175,988.1666667000002,3.0,21.13888889,72.83333333,3.166666667,23.06746032,81.66666667,0.0,0.0,0.0,10.83333333,10.0,0.833333333,0.76043771,5.749316887999999,2.5,4.666666667,0.37958406100000003,10.83333333,0.833333333,0.666666667,3.833333333,0.260069366,8.666666667000001,0.6814688240000001,41.33333333,3.41507177,12.16666667,0.960214931,0.333333333,45.16666667,3.675141136,21.16666667,1.659227615,66.33333333,5.33436875,63.83333333,5.166514772,0.666666667,77.16666667,6.167702084,208.0,16.7194628,9.333333332999999,3.0,2.166666667,5.0,9.980588235,100.0,3
Y1050230,0.0,0.0,0.0,0.0,0.0,0.0,0.0,0.0,0.0,0.0,0.0,0.0,0.0,0.0,0.0,0.0,0.0,0.0,0.0,0.0,0.0,0.0,0.0,0.0,0.0,0.0,0.0,0.0,0.0,0.0,0.0,0.0,0.0,0.0,0.0,0.0,0.0,0.0,0.0,0.0,0.0,0.0,0.0,0.0,0.0,0.0,0.0,0.0,0.0,0.0,0.0,0
Y1050231,0.333333333,52.83333333,52.83333333,0.0,0.0,0.0,0.333333333,4.833333333,4.833333333,0.0,0.0,0.0,3.666666667,3.666666667,0.0,0.333333333,0.908231419,1.0,0.0,0.0,2.333333333,0.21666666699999998,1.333333333,0.0,0.0,0.0,0.0,0.166666667,0.016666667,0.0,0.0,0.0,0.166666667,0.016666667,0.0,0.0,0.166666667,0.016666667,2.5,0.233333333,1.333333333,3.833333333,0.35,7.833333333,0.716666667,1.0,0.333333333,0.833333333,0.333333333,0.352941176,6.666666667,0
Y1050232,1.166666667,140.5,262.8333333,0.833333333,7.916666667,9.0,1.0,31.83333333,44.66666667,0.0,0.0,0.0,2.833333333,2.333333333,0.5,0.5625,2.639709779,1.8333333330000001,1.6666666669999999,0.47916666700000005,2.833333333,0.666666667,0.5,8.333333332999999,2.166666667,8.5,2.520833333,14.16666667,3.020833333,3.0,0.645833333,0.333333333,22.5,5.1875,11.83333333,3.229166667,34.33333333,8.416666667000001,19.33333333,4.1875,0.666666667,37.16666667,9.083333332999999,91.5,21.8125,0.0,0.0,0.0,0.0,0.0,15.0,0
Y1050233,0.5,81.83333333,81.83333333,0.166666667,2.0,2.0,0.5,14.33333333,14.33333333,0.0,0.0,0.0,1.6666666669999999,0.833333333,0.833333333,0.236111111,1.336079629,1.5,0.666666667,0.222222222,1.5,0.444444445,0.0,2.833333333,0.944444445,6.166666667,2.055555555,0.5,0.152777778,0.333333333,0.097222222,0.0,3.333333333,1.097222222,6.5,2.152777778,9.833333332999999,3.250000001,2.166666667,0.638888889,0.0,11.5,3.750000001,23.5,7.63888889,0.0,0.0,0.0,0.0,0.0,7.5,0
Y1050234,0.166666667,27.16666667,27.16666667,0.0,0.0,0.0,0.166666667,2.0,2.0,0.0,0.0,0.0,1.5,1.5,0.0,0.166666667,0.49407164299999995,0.5,0.0,0.0,1.166666667,0.12962963,0.333333333,0.0,0.0,0.0,0.0,0.166666667,0.018518519,0.0,0.0,0.0,0.166666667,0.018518519,0.0,0.0,0.166666667,0.018518519,1.333333333,0.148148148,0.333333333,1.6666666669999999,0.185185185,3.5,0.38888888899999996,1.6666666669999999,0.333333333,1.5,0.333333333,0.352941176,5.833333333,0
Y1050235,0.5,65.0,65.0,0.0,0.0,0.0,0.5,10.83333333,10.83333333,0.0,0.0,0.0,2.166666667,1.6666666669999999,0.5,0.305555556,1.396192876,1.5,0.666666667,0.166666667,1.333333333,0.344444445,0.833333333,4.166666667,0.694444445,0.166666667,0.027777778,1.166666667,0.42222222200000004,0.166666667,0.033333333,0.0,5.333333333,1.116666667,0.333333333,0.061111110999999996,5.666666667,1.177777778,2.333333333,0.688888889,0.833333333,7.833333333,1.677777778,16.66666667,3.7,0.666666667,0.333333333,0.5,0.333333333,0.132352941,7.5,0
Y1050236,0.333333333,195.83333330000002,195.83333330000002,0.166666667,31.5,31.5,0.166666667,0.666666667,0.666666667,0.0,0.0,0.0,0.333333333,0.166666667,0.166666667,0.083333333,0.474605489,0.5,0.0,0.0,0.333333333,0.166666667,0.0,0.0,0.0,0.0,0.0,0.166666667,0.083333333,0.166666667,0.083333333,0.0,0.166666667,0.083333333,0.166666667,0.083333333,0.333333333,0.166666667,0.666666667,0.333333333,0.0,0.666666667,0.333333333,1.6666666669999999,0.833333333,5.5,1.333333333,3.166666667,2.333333333,1.058823529,15.83333333,0
Y1050237,0.166666667,12.66666667,12.66666667,0.0,0.0,0.0,0.166666667,1.0,1.0,0.0,0.0,0.0,0.833333333,0.833333333,0.0,0.166666667,0.42825793700000003,0.5,0.166666667,0.033333333,0.5,0.1,0.333333333,0.0,0.0,0.166666667,0.033333333,0.0,0.0,0.0,0.0,0.0,0.0,0.0,0.166666667,0.033333333,0.166666667,0.033333333,0.5,0.1,0.333333333,1.0,0.2,2.0,0.4,0.0,0.0,0.0,0.0,0.0,0.0,0
Y1050238,0.666666667,405.3333333,405.3333333,0.5,63.16666667,63.16666667,0.5,5.333333333,5.333333333,0.0,0.0,0.0,0.833333333,0.166666667,0.666666667,0.166666667,1.4774706130000002,1.5,0.5,0.333333333,0.666666667,0.41666666700000005,0.166666667,0.5,0.5,0.333333333,0.166666667,0.333333333,0.166666667,0.0,0.0,0.166666667,0.833333333,0.666666667,0.5,0.333333333,1.333333333,1.0,1.0,0.583333333,0.166666667,2.166666667,1.5,4.666666667,3.25,6.5,1.333333333,4.166666667,2.333333333,2.411764706,68.16666667,1
Y1050239,0.166666667,5.333333333,5.333333333,0.0,0.0,0.0,0.166666667,0.333333333,0.333333333,0.0,0.0,0.0,0.166666667,0.166666667,0.0,0.166666667,0.44835357600000003,0.5,0.0,0.0,0.166666667,0.166666667,0.0,0.0,0.0,0.0,0.0,0.0,0.0,0.0,0.0,0.0,0.0,0.0,0.0,0.0,0.0,0.0,0.166666667,0.166666667,0.0,0.166666667,0.166666667,0.333333333,0.333333333,0.333333333,0.333333333,0.166666667,0.333333333,0.058823529000000006,6.666666667,0
Y1050240,0.666666667,90.91666667,122.5,0.166666667,4.666666667,4.666666667,0.666666667,14.25,23.83333333,0.0,0.0,0.0,2.333333333,1.333333333,1.0,0.291666667,1.334627077,1.5,1.0,0.208333333,1.6666666669999999,0.358333333,0.666666667,6.833333333,1.3666666669999998,3.333333333,0.683333333,6.166666667,1.316666667,0.666666667,0.141666667,0.0,13.0,2.683333333,4.0,0.825,17.0,3.508333333,8.166666667000001,1.7416666669999998,0.666666667,19.5,4.041666667,45.33333333,9.433333333,1.8333333330000001,0.5,1.5,0.5,0.441176471,5.0,0
Y1050241,1.333333333,342.75,475.5,0.666666667,11.08333333,19.5,1.333333333,75.41666667,93.0,0.0,0.0,0.0,6.5,3.833333333,2.666666667,0.53505291,8.062017954,2.5,4.666666667,0.737433863,5.5,0.856150794,0.5,16.16666667,2.043650794,6.833333333,0.875992063,12.83333333,1.766534391,2.333333333,0.346230159,0.166666667,29.0,3.810185185,9.333333332999999,1.2430555559999998,38.33333333,5.053240741000001,20.0,2.8339947089999997,0.5,44.83333333,6.053240741000001,103.66666670000001,14.00066138,0.5,0.333333333,0.666666667,0.333333333,0.5735294120000001,30.5,0
Y1050242,0.666666667,98.33333333,140.0,0.333333333,0.5,1.0,0.666666667,28.75,39.16666667,0.0,0.0,0.0,2.833333333,1.8333333330000001,1.0,0.287878788,2.690689302,1.333333333,1.8333333330000001,0.328282828,2.5,0.429292929,1.0,14.83333333,2.762626263,8.333333332999999,2.01010101,5.166666667,0.914141414,2.5,0.55050505,0.5,20.0,3.6767676760000003,11.33333333,2.646464646,31.33333333,6.323232322999999,9.5,1.7525252530000002,1.0,34.16666667,6.823232322000001,76.0,15.07070707,0.333333333,0.333333333,0.166666667,0.333333333,0.0,28.33333333,0
Y1050243,0.5,66.5,66.5,0.0,0.0,0.0,0.5,9.166666667000001,9.166666667000001,0.0,0.0,0.0,3.166666667,2.5,0.666666667,0.291666667,1.50654784,1.5,0.333333333,0.039351852,2.0,0.363425926,1.5,0.0,0.0,0.166666667,0.018518519,3.333333333,0.706018519,0.666666667,0.076388889,0.166666667,3.333333333,0.706018519,1.0,0.115740741,4.333333333,0.821759259,5.5,1.085648148,1.6666666669999999,7.5,1.321759259,19.0,3.425925926,0.0,0.0,0.0,0.0,0.0,15.83333333,0
Y1050244,0.5,81.83333333,81.83333333,0.166666667,1.166666667,1.166666667,0.5,12.5,12.5,0.0,0.0,0.0,2.666666667,1.6666666669999999,1.0,0.322222222,1.535089815,1.5,1.166666667,0.21666666699999998,2.0,0.37222222200000005,1.166666667,0.333333333,0.055555556,1.5,0.283333333,5.0,0.955555556,0.166666667,0.033333333,0.5,5.333333333,1.011111111,2.166666667,0.41666666700000005,7.5,1.427777778,6.5,1.238888889,1.333333333,10.16666667,1.927777778,25.5,4.8555555560000005,0.0,0.0,0.0,0.0,0.0,14.16666667,0
Y1050245,0.5,160.83333330000002,160.83333330000002,0.5,18.5,18.5,0.5,5.5,5.5,0.0,0.0,0.0,2.166666667,1.333333333,0.833333333,0.291666667,1.3464891030000001,1.5,0.5,0.108333333,2.0,0.46666666700000003,0.166666667,0.5,0.11666666699999999,0.666666667,0.133333333,0.833333333,0.18333333300000001,0.333333333,0.075,0.0,1.333333333,0.3,1.0,0.208333333,2.333333333,0.5083333329999999,3.0,0.691666667,0.166666667,4.5,1.008333333,10.0,2.241666667,0.0,0.0,0.0,0.0,0.0,10.83333333,0
Y1050246,0.5,47.0,47.0,0.333333333,5.333333333,5.333333333,0.333333333,2.833333333,2.833333333,0.0,0.0,0.0,0.5,0.333333333,0.166666667,0.25,1.0947322590000002,1.0,0.166666667,0.083333333,0.5,0.333333333,0.0,0.666666667,0.333333333,0.333333333,0.166666667,0.333333333,0.333333333,0.0,0.0,0.0,1.0,0.666666667,0.333333333,0.166666667,1.333333333,0.833333333,0.833333333,0.666666667,0.0,1.8333333330000001,1.166666667,4.0,2.666666667,3.5,1.5,2.5,2.166666667,3.342941176,20.83333333,1
Y1050247,0.666666667,48.08333333,70.0,0.333333333,3.833333333,3.833333333,0.666666667,5.166666667,8.5,0.0,0.0,0.0,1.0,0.333333333,0.666666667,0.13888888900000002,1.5861127659999998,1.5,0.166666667,0.055555556,1.0,0.5,0.0,0.333333333,0.111111111,2.5,0.833333333,2.166666667,1.277777778,0.666666667,0.333333333,0.0,2.5,1.388888889,3.166666667,1.166666667,5.666666667,2.555555556,3.833333333,2.111111111,0.0,6.666666667,3.055555555,16.16666667,7.722222222,3.666666667,1.5,0.5,2.333333333,3.529411765,31.16666667,1
Y1050248,0.5,96.66666667,96.66666667,0.333333333,10.16666667,10.16666667,0.5,5.666666667,5.666666667,0.0,0.0,0.0,2.333333333,1.6666666669999999,0.666666667,0.395238095,1.290962659,1.5,0.5,0.08095238099999999,1.8333333330000001,0.35952381,0.666666667,0.0,0.0,0.5,0.08095238099999999,0.5,0.090476191,0.0,0.0,0.0,0.5,0.090476191,0.5,0.08095238099999999,1.0,0.171428572,2.0,0.39285714299999996,0.666666667,3.333333333,0.6714285720000001,7.0,1.40952381,1.333333333,0.833333333,1.0,0.833333333,1.6764705880000002,34.16666667,1
Y1050249,0.5,93.66666667,93.66666667,0.166666667,4.166666667,4.166666667,0.5,7.833333333,7.833333333,0.0,0.0,0.0,3.666666667,3.0,0.666666667,0.406084656,1.249537586,1.5,0.166666667,0.027777778,2.5,0.350529101,1.5,0.166666667,0.027777778,0.333333333,0.055555556,2.333333333,0.35846560899999996,0.0,0.0,0.0,2.5,0.386243386,0.333333333,0.055555556,2.833333333,0.44179894200000003,4.5,0.653439154,1.5,6.5,0.941798942,15.33333333,2.2420634919999998,3.666666667,0.5,3.166666667,0.666666667,0.705882353,38.83333333,1
Y1050250,0.333333333,37.5,37.5,0.0,0.0,0.0,0.333333333,3.166666667,3.166666667,0.0,0.0,0.0,2.666666667,2.5,0.166666667,0.291666667,0.844085465,1.0,0.0,0.0,1.5,0.180555556,1.166666667,0.0,0.0,0.0,0.0,0.0,0.0,0.0,0.0,0.0,0.0,0.0,0.0,0.0,0.0,0.0,1.5,0.180555556,1.166666667,2.666666667,0.333333333,5.333333333,0.666666667,1.6666666669999999,0.5,3.333333333,0.5,0.735294118,0.0,0
Y1050251,0.333333333,57.33333333,57.33333333,0.0,0.0,0.0,0.333333333,5.0,5.0,0.0,0.0,0.0,3.333333333,3.333333333,0.0,0.333333333,0.880171823,1.0,0.0,0.0,1.8333333330000001,0.186868687,1.6666666669999999,0.0,0.0,0.0,0.0,1.333333333,0.134680135,0.0,0.0,0.0,1.333333333,0.134680135,0.0,0.0,1.333333333,0.134680135,3.0,0.30639730600000004,1.6666666669999999,4.666666667,0.468013468,10.66666667,1.070707071,0.0,0.0,0.0,0.0,0.0,0.0,0
Y1050252,0.5,180.33333330000002,180.33333330000002,0.5,18.5,18.5,0.5,9.5,9.5,0.0,0.0,0.0,3.166666667,2.666666667,0.5,0.333333333,1.332039989,1.5,0.5,0.134920635,2.166666667,0.335978836,1.166666667,0.0,0.0,1.166666667,0.23015873,3.333333333,0.507936508,0.5,0.12962963,0.166666667,3.333333333,0.507936508,1.8333333330000001,0.37830687799999996,5.166666667,0.886243386,5.833333333,0.955026455,1.166666667,8.333333332999999,1.3862433859999999,20.5,3.373015873,0.0,0.0,0.0,0.0,0.0,8.833333332999999,0
Y1050253,0.833333333,189.5555556,246.33333330000002,0.5,20.0,20.0,0.833333333,14.55555556,25.33333333,0.0,0.0,0.0,2.5,0.833333333,1.6666666669999999,0.107407407,2.961688661,1.333333333,1.0,0.25925925899999996,2.5,0.5,0.333333333,1.8333333330000001,0.20370370399999999,2.666666667,0.592592593,11.16666667,2.055555556,2.0,0.385185185,0.166666667,13.0,2.2592592590000002,4.833333333,0.9962962959999999,17.83333333,3.255555556,15.16666667,2.885185185,0.333333333,20.33333333,3.755555556,53.66666667,9.933333333,0.833333333,0.5,0.166666667,0.833333333,0.235294118,15.83333333,0
Y1050254,0.5,281.6666667,281.6666667,0.333333333,37.16666667,37.16666667,0.5,13.0,13.0,0.0,0.0,0.0,1.6666666669999999,0.666666667,1.0,0.208333333,1.387265991,1.5,0.833333333,0.208333333,1.333333333,0.375,0.333333333,5.166666667,1.291666667,1.0,0.25,1.8333333330000001,0.583333333,0.0,0.0,0.0,7.0,1.875,1.0,0.25,8.0,2.125,3.0,0.916666667,0.333333333,9.666666667000001,2.625,21.0,5.791666667,1.6666666669999999,0.666666667,3.333333333,1.0,1.470588235,25.5,0
Y1050255,2.0,136.3194445,408.8333333,1.0,32.91666667,43.5,1.6666666669999999,12.31944445,29.83333333,0.0,0.0,0.0,4.666666667,3.666666667,1.0,0.552380952,4.679903744,1.6666666669999999,2.166666667,0.364550265,4.333333333,0.626190476,1.166666667,9.5,1.22962963,5.5,0.7753968259999999,4.833333333,0.774867725,2.166666667,0.427777778,0.5,14.33333333,2.004497355,8.166666667000001,1.262169312,22.5,3.266666667,10.83333333,1.762698413,1.166666667,27.16666667,3.933333333,61.66666667,9.10978836,3.833333333,1.6666666669999999,1.166666667,2.333333333,3.0982352939999998,56.5,1
Y1050256,0.5,360.6666667,360.6666667,0.333333333,47.66666667,47.66666667,0.5,4.666666667,4.666666667,0.0,0.0,0.0,0.5,0.166666667,0.333333333,0.166666667,0.93091715,1.0,0.333333333,0.25,0.5,0.333333333,0.166666667,0.5,0.5,0.5,0.333333333,0.5,0.25,0.0,0.0,0.166666667,1.0,0.75,0.666666667,0.5,1.6666666669999999,1.25,0.833333333,0.5,0.166666667,2.166666667,1.5833333330000001,4.833333333,3.5,1.6666666669999999,1.0,0.833333333,1.0,0.661764706,41.5,1
Y1050257,0.833333333,102.16666670000001,129.1666667,0.5,10.66666667,10.66666667,0.5,17.33333333,17.33333333,0.0,0.0,0.0,1.333333333,0.333333333,1.0,0.125,1.370443479,1.5,0.833333333,0.291666667,1.333333333,0.5,0.0,5.0,1.8333333330000001,3.666666667,1.625,3.0,1.083333333,0.5,0.208333333,0.0,8.0,2.916666667,4.166666667,1.8333333330000001,12.16666667,4.75,4.666666667,1.75,0.0,13.5,5.25,30.33333333,11.75,0.333333333,0.333333333,0.166666667,0.333333333,0.176470588,65.0,1
Y1050258,0.5,192.16666669999998,192.16666669999998,0.333333333,19.0,19.0,0.5,15.16666667,15.16666667,0.0,0.0,0.0,2.0,0.833333333,1.166666667,0.166666667,1.497509609,1.5,1.333333333,0.38888888899999996,1.8333333330000001,0.41666666700000005,0.333333333,1.5,0.319444445,6.333333333,1.569444445,1.333333333,0.319444445,0.833333333,0.194444445,0.0,2.833333333,0.638888889,7.166666667,1.763888889,10.0,2.402777778,3.5,0.805555556,0.333333333,12.0,2.902777778,25.83333333,6.194444445,0.333333333,0.333333333,0.166666667,0.333333333,0.294117647,10.83333333,0
Y1050259,1.5,436.94444450000003,819.1666667000001,1.333333333,54.30555556,86.0,1.333333333,43.55555556,63.83333333,0.0,0.0,0.0,10.16666667,9.5,0.666666667,0.625,4.856485667,4.0,5.666666667,0.541248607,9.833333332999999,0.8121980679999999,1.333333333,14.33333333,1.38442958,9.5,1.61557042,21.83333333,2.593506132,6.0,0.543292456,0.166666667,36.16666667,3.977935712,15.66666667,2.166109253,51.83333333,6.144044965,36.5,3.8794128580000002,1.333333333,62.0,6.977378298,151.66666669999998,17.07102378,4.166666667,3.0,3.333333333,3.5,6.1541176470000005,89.16666667,3
Y1050260,1.8333333330000001,716.3333332999999,862.0,1.166666667,52.25,63.5,1.5,56.33333333,71.5,0.0,0.0,0.0,9.5,7.666666667,1.8333333330000001,0.768518519,8.812575626000001,4.666666667,6.666666667,0.797453704,8.833333332999999,0.9502314820000001,1.5,4.0,0.5775462960000001,16.66666667,2.5219907409999998,24.33333333,2.7037037039999996,7.666666667,0.671296296,0.333333333,28.33333333,3.28125,24.66666667,3.2129629630000003,53.0,6.494212963,38.66666667,4.1689814819999995,1.5,62.5,7.494212963,155.66666669999998,18.25578704,0.0,0.0,0.0,0.0,0.0,68.5,1
Y1050261,5.333333333,133.2178571,719.0,2.5,35.42777778,90.0,0.166666667,2.833333333,2.833333333,0.0,0.0,0.0,0.5,0.333333333,0.166666667,0.111111111,1.9845613619999998,0.666666667,0.166666667,0.055555556,0.5,0.166666667,0.0,0.833333333,0.27777777800000003,0.0,0.0,1.5,0.5,0.0,0.0,0.0,2.333333333,0.7777777779999999,0.0,0.0,2.333333333,0.7777777779999999,2.0,0.666666667,0.0,2.833333333,0.944444445,7.166666667,2.3888888880000003,2.666666667,2.666666667,1.0,2.666666667,6.039411765,82.16666667,3
Y1050262,1.6666666669999999,107.5972222,212.83333330000002,1.0,11.11111111,18.33333333,1.166666667,6.833333333,10.16666667,0.0,0.0,0.0,3.166666667,1.6666666669999999,1.5,0.49537037,4.452741605,2.5,1.8333333330000001,0.421296296,2.5,0.759259259,0.333333333,2.666666667,0.708333333,0.333333333,0.060185185,2.0,0.611111111,0.166666667,0.166666667,0.0,4.666666667,1.319444445,0.5,0.226851852,5.166666667,1.546296296,4.0,1.291666667,0.333333333,8.333333332999999,2.37962963,17.83333333,5.277777778,0.833333333,0.833333333,0.333333333,0.833333333,1.2352941179999999,76.66666667,1
Y1050263,1.8333333330000001,208.0,453.0,0.666666667,12.88888889,20.66666667,0.5,37.16666667,40.66666667,0.0,0.0,0.0,3.666666667,3.333333333,0.333333333,0.305555556,0.679797702,0.333333333,2.5,0.233333333,3.666666667,0.333333333,0.666666667,0.5,0.044444445,7.666666667,0.752777778,15.66666667,1.5361111109999999,11.83333333,1.155555556,0.0,16.16666667,1.580555556,19.5,1.908333333,35.66666667,3.4888888889999996,29.66666667,2.897222222,0.666666667,39.33333333,3.8222222219999997,105.33333329999999,10.26666667,0.0,0.0,0.0,0.0,0.0,57.5,1
Y1050264,2.333333333,175.90277780000002,541.0,1.6666666669999999,31.73611111,59.16666667,1.6666666669999999,15.84722222,32.16666667,0.0,0.0,0.0,8.666666667000001,7.833333333,0.833333333,0.604129531,6.545249281,2.666666667,1.166666667,0.09692513400000001,8.0,0.61801842,2.333333333,0.166666667,0.013888889,1.166666667,0.106060606,14.66666667,1.145721925,3.333333333,0.290106952,0.333333333,14.83333333,1.159610814,4.833333333,0.42520796200000005,19.66666667,1.5848187759999999,24.16666667,1.909536542,2.333333333,28.33333333,2.251485443,74.5,5.930258467000001,0.166666667,0.166666667,0.166666667,0.166666667,0.441176471,71.83333333,1
Y1050265,0.666666667,235.08333330000002,270.0,0.666666667,19.33333333,21.0,0.666666667,19.83333333,22.83333333,0.0,0.0,0.0,4.833333333,4.5,0.333333333,0.472222222,2.530079148,2.5,2.166666667,0.22727272699999998,4.166666667,0.429292929,1.333333333,5.5,0.875,2.333333333,0.24368686899999997,6.833333333,0.7234848490000001,1.333333333,0.116161616,0.833333333,12.33333333,1.598484849,4.5,0.473484849,16.83333333,2.0719696969999997,12.0,1.23989899,1.5,21.66666667,2.5719696969999997,52.0,6.069444445,0.0,0.0,0.0,0.0,0.0,40.0,0
Y1050266,1.8333333330000001,234.9027778,538.8333332999999,1.6666666669999999,21.625,44.16666667,1.6666666669999999,28.5,63.0,0.0,0.0,0.0,7.166666667,6.666666667,0.5,0.7792207790000001,9.310255574,2.5,2.166666667,0.202922078,6.666666667,0.780483406,2.166666667,4.333333333,0.465367966,5.166666667,0.440476191,38.16666667,4.786075036000001,4.833333333,0.44011544,0.833333333,42.5,5.251443001,10.83333333,0.9512987009999999,53.33333333,6.202741704,48.83333333,5.927308802000001,2.166666667,60.5,7.036075037000001,164.83333330000002,19.36904762,1.0,0.666666667,0.5,0.666666667,0.764705882,72.66666667,1
Y1050267,2.333333333,205.6805556,646.3333332999999,2.166666667,21.14166667,64.0,2.166666667,10.09166667,34.66666667,0.0,0.0,0.0,7.833333333,5.666666667,2.166666667,0.507051282,5.098449659,0.666666667,4.833333333,0.37860195399999996,6.5,0.5461843710000001,1.5,4.166666667,0.351862027,7.166666667,0.558394383,10.5,0.801465202,3.166666667,0.24688644699999998,0.0,14.66666667,1.153327228,10.33333333,0.80528083,25.0,1.9586080590000001,17.5,1.3833333330000002,1.5,32.83333333,2.625274725,76.83333333,6.101587301,1.166666667,0.833333333,0.333333333,1.166666667,1.705882353,51.16666667,1
Y1050268,4.166666667,131.73611110000002,584.8333332999999,2.5,19.11111111,55.83333333,2.666666667,7.869444445,27.0,1.5,1.0555555559999998,2.333333333,8.333333332999999,5.0,3.333333333,0.5071225070000001,3.838551745,1.166666667,1.8333333330000001,0.16025641,7.833333333,0.7521367520000001,1.5,2.5,0.20085470100000002,2.666666667,0.22863247899999997,5.166666667,0.42450142399999996,3.0,0.25997151,0.333333333,7.666666667,0.625356125,6.0,0.51531339,13.66666667,1.140669516,14.5,1.301994302,1.6666666669999999,22.0,1.9740028490000001,51.83333333,4.595441595,0.0,0.0,0.0,0.0,0.0,83.16666667,2
Y1050269,0.0,0.0,0.0,0.0,0.0,0.0,0.0,0.0,0.0,0.0,0.0,0.0,0.0,0.0,0.0,0.0,0.0,0.0,0.0,0.0,0.0,0.0,0.0,0.0,0.0,0.0,0.0,0.0,0.0,0.0,0.0,0.0,0.0,0.0,0.0,0.0,0.0,0.0,0.0,0.0,0.0,0.0,0.0,0.0,0.0,0.0,0.0,0.0,0.0,0.0,8.333333332999999,0
Y1050270,1.333333333,146.97222219999998,324.5,1.0,20.80555556,34.16666667,1.166666667,8.722222223,19.83333333,0.0,0.0,0.0,4.833333333,2.833333333,2.0,0.294444445,4.452653229,2.333333333,2.5,0.25925925899999996,4.0,0.41666666700000005,0.5,0.5,0.053703704000000005,1.333333333,0.14259259300000002,7.333333333,0.775925926,2.333333333,0.251851852,0.0,7.833333333,0.82962963,3.666666667,0.394444445,11.5,1.224074074,12.33333333,1.3037037040000001,0.5,16.33333333,1.724074074,40.66666667,4.303703703,2.666666667,1.6666666669999999,2.0,1.6666666669999999,4.666470588,47.83333333,1
Y1050271,0.0,0.0,0.0,0.0,0.0,0.0,0.0,0.0,0.0,0.0,0.0,0.0,0.0,0.0,0.0,0.0,0.0,0.0,0.0,0.0,0.0,0.0,0.0,0.0,0.0,0.0,0.0,0.0,0.0,0.0,0.0,0.0,0.0,0.0,0.0,0.0,0.0,0.0,0.0,0.0,0.0,0.0,0.0,0.0,0.0,0.0,0.0,0.0,0.0,0.0,0.0,0
Y1050272,0.0,0.0,0.0,0.0,0.0,0.0,0.0,0.0,0.0,0.0,0.0,0.0,0.0,0.0,0.0,0.0,0.0,0.0,0.0,0.0,0.0,0.0,0.0,0.0,0.0,0.0,0.0,0.0,0.0,0.0,0.0,0.0,0.0,0.0,0.0,0.0,0.0,0.0,0.0,0.0,0.0,0.0,0.0,0.0,0.0,0.0,0.0,0.0,0.0,0.0,0.0,0
Y1050273,0.833333333,68.5,79.0,0.166666667,2.5,2.5,0.5,3.5,3.5,0.0,0.0,0.0,1.166666667,0.333333333,0.833333333,0.125,1.8823015619999999,1.333333333,0.5,0.25,1.166666667,0.5,0.0,1.166666667,0.916666667,0.333333333,0.083333333,0.166666667,0.166666667,0.166666667,0.166666667,0.0,1.333333333,1.083333333,0.5,0.25,1.8333333330000001,1.333333333,1.333333333,0.666666667,0.0,3.0,1.8333333330000001,6.166666667,3.833333333,2.333333333,1.6666666669999999,0.666666667,2.166666667,4.544117647,35.66666667,1
Y9999986,2.5,284.3194445,755.5,2.166666667,23.61111111,54.5,2.166666667,37.73611111,94.33333333,0.0,0.0,0.0,8.666666667000001,7.0,1.6666666669999999,0.657814408,8.066255492,2.666666667,5.833333333,0.5458638579999999,8.5,0.819444445,1.5,12.5,1.110729548,29.0,2.7608363860000003,30.33333333,2.707112332,10.5,0.9463522590000001,0.333333333,42.83333333,3.81784188,39.83333333,3.734966423,82.66666667,7.552808303,47.83333333,4.343330281,1.5,91.33333333,8.386141636,223.33333330000002,20.41185898,0.5,0.333333333,0.333333333,0.333333333,0.705882353,73.0,1
Y9999987,0.0,0.0,0.0,0.0,0.0,0.0,0.0,0.0,0.0,0.0,0.0,0.0,0.0,0.0,0.0,0.0,0.0,0.0,0.0,0.0,0.0,0.0,0.0,0.0,0.0,0.0,0.0,0.0,0.0,0.0,0.0,0.0,0.0,0.0,0.0,0.0,0.0,0.0,0.0,0.0,0.0,0.0,0.0,0.0,0.0,0.0,0.0,0.0,0.0,0.0,38.83333333,0
Y9999988,1.6666666669999999,170.65277780000002,258.6666667,0.5,8.0,8.0,0.833333333,18.25,20.33333333,0.0,0.0,0.0,5.5,3.5,2.0,0.427946128,7.239531692000001,3.5,2.166666667,0.25387205399999996,5.0,0.61969697,0.333333333,2.5,0.286026936,2.0,0.205050505,3.833333333,0.504545455,2.0,0.253703704,0.0,6.333333333,0.790572391,4.0,0.45875420899999997,10.33333333,1.249326599,10.0,1.295454546,0.333333333,15.83333333,1.9159932659999999,36.5,4.492592593,0.0,0.0,0.0,0.0,0.0,47.16666667,1
Y9999989,0.666666667,253.08333330000002,305.1666667,0.5,44.0,44.0,0.666666667,4.833333333,5.833333333,0.0,0.0,0.0,3.333333333,3.333333333,0.0,0.5,6.526365145,2.5,0.0,0.0,2.5,0.375,0.833333333,0.0,0.0,0.0,0.0,0.0,0.0,0.166666667,0.020833333,0.0,0.0,0.0,0.166666667,0.020833333,0.166666667,0.020833333,2.666666667,0.39583333299999995,0.833333333,3.5,0.520833333,7.166666667,1.0625,0.0,0.0,0.0,0.0,0.0,79.66666667,1
Y9999990,3.833333333,260.3222222,769.5,3.0,26.225,66.0,3.0,38.775,88.16666667,0.0,0.0,0.0,10.5,9.833333332999999,0.666666667,0.9027777779999999,11.04563461,2.333333333,4.333333333,0.4399902,10.33333333,0.979166667,1.8333333330000001,8.0,0.789168434,6.5,0.713257503,51.0,4.970744168,6.833333333,0.617095624,0.166666667,59.0,5.759912602000001,13.5,1.3391250559999999,72.5,7.0990376589999995,66.33333333,6.329224504,1.8333333330000001,83.0,8.099037659,223.66666669999998,21.75004418,0.0,0.0,0.0,0.0,0.0,89.16666667,2
Y9999991,0.666666667,258.3333333,314.3333333,0.5,32.41666667,37.5,0.333333333,32.0,32.0,0.0,0.0,0.0,3.833333333,3.166666667,0.666666667,0.291666667,3.2081240269999998,2.166666667,2.5,0.183035714,3.333333333,0.261904762,0.666666667,21.16666667,1.4166666669999999,0.666666667,0.055059524000000006,3.333333333,0.275297619,0.333333333,0.034226191,0.166666667,24.5,1.691964286,1.166666667,0.113095238,25.66666667,1.805059524,6.833333333,0.561011905,0.666666667,29.5,2.138392857,62.66666667,4.599702381,0.0,0.0,0.0,0.0,0.0,61.33333333,1
Y9999992,1.8333333330000001,275.125,485.16666669999995,1.8333333330000001,29.16666667,51.0,1.8333333330000001,16.68055556,29.0,0.0,0.0,0.0,9.166666667000001,8.666666667000001,0.5,0.782407408,11.52599022,2.833333333,1.6666666669999999,0.156374644,8.0,0.7440349,2.333333333,1.166666667,0.111111111,2.666666667,0.232229345,9.333333332999999,0.836235755,3.0,0.304148861,0.333333333,10.5,0.947346866,6.0,0.557211539,16.5,1.504558405,19.33333333,1.777991453,2.5,25.66666667,2.337891738,64.0,5.837001425,0.0,0.0,0.0,0.0,0.0,53.5,1
Y9999993,1.166666667,433.875,707.8333332999999,0.833333333,29.72222222,36.83333333,1.166666667,81.04166667,124.5,0.0,0.0,0.0,10.16666667,9.166666667000001,1.0,0.457729469,3.5316472039999995,2.333333333,7.333333333,0.374568668,10.16666667,0.5,0.833333333,27.0,1.4521221530000001,24.83333333,1.2715234640000002,41.0,2.129270186,9.833333332999999,0.519021739,0.333333333,68.0,3.58139234,35.0,1.8096963419999998,103.0,5.391088681,59.33333333,3.068624914,0.833333333,113.16666670000001,5.891088681,276.3333333,14.39574707,0.333333333,0.333333333,0.166666667,0.333333333,0.0,73.5,1
Y9999994,0.333333333,52.0,52.0,0.166666667,0.833333333,0.833333333,0.333333333,3.666666667,3.666666667,0.0,0.0,0.0,2.0,0.333333333,1.6666666669999999,0.166666667,3.975992264,1.333333333,0.166666667,0.016666667,1.6666666669999999,0.233333333,0.166666667,0.5,0.05,0.666666667,0.066666667,0.166666667,0.016666667,0.0,0.0,0.0,0.666666667,0.066666667,0.666666667,0.066666667,1.333333333,0.133333333,1.8333333330000001,0.25,0.166666667,3.333333333,0.46666666700000003,6.666666667,0.933333333,0.0,0.0,0.0,0.0,0.0,30.83333333,0
Y9999995,1.333333333,129.6666667,185.0,0.666666667,10.66666667,11.66666667,0.833333333,17.5,21.5,0.0,0.0,0.0,4.666666667,2.166666667,2.5,0.383597884,6.911921202,4.166666667,2.833333333,0.404761905,4.166666667,0.605820106,0.5,7.666666667,0.9523809520000001,1.0,0.222222222,2.166666667,0.32010582,1.5,0.177248677,0.0,9.833333332999999,1.272486772,2.5,0.3994709,12.33333333,1.6719576719999998,6.166666667,0.8756613759999999,0.5,17.0,2.338624339,36.0,4.9841269839999995,0.0,0.0,0.0,0.0,0.0,79.83333333,1
Y9999996,0.0,0.0,0.0,0.0,0.0,0.0,0.0,0.0,0.0,0.0,0.0,0.0,0.0,0.0,0.0,0.0,0.0,0.0,0.0,0.0,0.0,0.0,0.0,0.0,0.0,0.0,0.0,0.0,0.0,0.0,0.0,0.0,0.0,0.0,0.0,0.0,0.0,0.0,0.0,0.0,0.0,0.0,0.0,0.0,0.0,0.0,0.0,0.0,0.0,0.0,77.33333333,1
Y9999997,1.5,165.45833330000002,402.1666667,1.166666667,22.70833333,50.83333333,1.166666667,7.208333333,17.83333333,0.0,0.0,0.0,6.5,5.833333333,0.666666667,0.564102564,7.025460207999999,1.333333333,1.8333333330000001,0.147435898,5.5,0.616096866,1.5,2.166666667,0.083333333,2.166666667,0.083333333,1.6666666669999999,0.141025641,1.333333333,0.152421652,0.5,3.833333333,0.224358974,4.0,0.254985755,7.833333333,0.47934472899999997,8.0,0.813390313,1.5,14.33333333,1.146011396,31.66666667,2.508547009,0.0,0.0,0.0,0.0,0.0,83.83333333,1
Y9999998,1.5,158.72222219999998,301.1666667,0.666666667,4.916666667,8.0,1.333333333,41.55555556,69.0,0.0,0.0,0.0,9.333333332999999,6.833333333,2.5,0.47883597899999997,5.45527453,2.333333333,5.333333333,0.39748677200000004,6.666666667,0.485449736,1.0,44.83333333,3.356481482,3.333333333,0.243386243,4.166666667,0.289021164,1.6666666669999999,0.12301587300000001,0.0,49.0,3.645502646,5.0,0.366402117,54.0,4.0119047619999995,10.83333333,0.767857143,1.0,63.33333333,4.678571429,129.1666667,9.515873016,0.0,0.0,0.0,0.0,0.0,64.83333333,1
Y9999999,2.333333333,364.15,664.1666667000001,0.5,33.66666667,33.66666667,1.8333333330000001,62.58333333,104.5,0.0,0.0,0.0,12.16666667,8.333333332999999,3.833333333,0.46489899,10.32776639,2.0,6.5,0.343813131,11.0,0.59040404,1.5,16.66666667,0.8554292929999999,7.166666667,0.37537878799999996,46.0,2.437121212,7.0,0.373106061,0.333333333,62.66666667,3.292550505,14.5,0.762373737,77.16666667,4.054924243,61.66666667,3.27449495,1.6666666669999999,89.33333333,4.721590909,229.83333330000002,12.14318182,0.0,0.0,0.0,0.0,0.0,100.83333329999999,2
