username,active_num_days,active_avg_count,active_sum_count,problem_num_days,problem_avg_count,problem_sum_count,video_num_days,video_avg_count,video_sum_count,forum_num_days,num_watched,num_complete,num_incomplete,complete_rate,incomplete_rate,watched_time_hour,watched_time_weekday,seek_video_sum,seek_video_avg,pause_video_sum,pause_video_avg,stop_video_sum,stop_video_avg,video_forward_seek_sum,video_forward_seek_avg,video_backward_seek_sum,video_backward_seek_avg,video_pause_forward_seek_sum,video_pause_forward_seek_avg,video_pause_backward_seek_sum,video_pause_backward_seek_avg,video_stop_backward_seek_sum,video_stop_backward_seek_avg,all_type_video_forward_seek_sum,all_type_video_forward_seek_avg,all_type_video_backward_seek_sum,all_type_video_backward_seek_avg,all_type_video_seek_sum,all_type_video_seek_avg,video_pause_sum,video_pause_avg,video_stop_sum,video_stop_avg,video_play_sum,video_play_avg,video_events_sum,video_events_avg,mt_practice_sum,mt_unit_sum,mt_online_num_day,mt_online_practice_num_day,hw_mean,qz_mean,final_score
Y1050274,3.0,260.65,670.0,1.6,22.833333334,36.2,2.2,37.8,87.0,0.0,14.2,10.8,3.4,0.7523268398,0.2476731602,6.2013283322,3.0,6.6,0.4942640692,14.0,0.993939394,0.2,0.006060606,16.8,1.5444805196,10.6,0.7256493504,36.8,2.3329545454,4.6,0.299404762,0.0,0.0,53.6,3.877435065,15.2,1.0250541124,68.8,4.9024891774,54.8,3.5734848486,0.2,0.006060606,83.0,5.9024891774,206.8,14.384523808,2.0,2.0,0.8,2.0,8.166923077,6.56,80.0
Y1050275,1.0,62.4,312.0,0.6,2.733333334,8.2,1.0,12.76,63.8,0.0,6.8,5.8,1.0,0.1705882352,0.0294117648,2.1884322,0.4,4.4,0.1294117648,6.4,0.1882352942,0.6,0.0176470588,5.0,0.1470588236,16.0,0.4705882352,20.4,0.6,8.6,0.2529411764,0.0,0.0,25.4,0.7470588236,24.6,0.7235294118,50.0,1.4705882352,34.0,1.0,0.6,0.0176470588,56.8,1.6705882352,141.4,4.15882353,0.0,0.0,0.0,0.0,0.0,1.4,20.0
Y1050276,2.4,244.92666666,658.0,2.0,42.88,82.4,1.6,27.16,43.0,0.0,8.8,6.8,2.0,0.6465641026,0.1534358974,1.5011850762,4.0,2.0,0.0947692308,8.2,0.709948718,0.8,0.098051282,2.2,0.1101538462,3.0,0.1495384616,20.0,1.515076923,6.8,0.5509743592,0.0,0.0,22.2,1.6252307692,9.8,0.7005128206,32.0,2.3257435896,34.8,2.768,0.8,0.098051282,40.8,3.1257435896,108.4,8.317538462,2.0,2.0,1.2,2.0,8.121538462,1.2,40.0
Y1050277,0.4,126.4,126.4,0.0,0.0,0.0,0.4,1.6,1.6,0.0,1.0,0.0,1.0,0.0,0.4,5.831853356,1.6,0.0,0.0,1.0,0.4,0.0,0.0,0.0,0.0,0.0,0.0,0.0,0.0,0.0,0.0,0.0,0.0,0.0,0.0,0.0,0.0,0.0,0.0,1.0,0.4,0.0,0.0,1.0,0.4,2.0,0.8,0.0,0.0,0.0,0.0,0.0,1.2,10.0
Y1050278,3.4,323.7,1003.2,1.8,52.68333334,144.0,2.0,7.3,19.6,0.0,4.8,2.6,2.2,0.4511111112,0.3488888888,8.2631974156,3.2,2.2,0.3377777778,4.0,0.62,0.6,0.1333333334,0.2,0.0222222222,4.2,0.5533333334,5.8,0.7377777778,1.8,0.228888889,0.0,0.0,6.0,0.76,6.0,0.7822222222,12.0,1.5422222222,10.8,1.451111111,0.6,0.1333333334,16.8,2.3422222222,40.2,5.468888888,2.0,2.0,1.6,2.0,6.942307692,3.8,54.0
Y1050279,4.6,376.35,1783.6,4.4,29.633333334,130.2,3.4,53.226666668,184.6,0.2,13.2,11.0,2.2,0.8445221446,0.1554778554,6.5166039452,1.8,6.0,0.443822844,13.2,1.0,1.0,0.1002331002,11.0,0.7766899768,13.4,0.9284382284,95.8,7.4033799542,32.0,2.5765734268,0.4,0.0487179488,106.8,8.1800699306,45.8,3.5537296038,152.6,11.733799534,138.6,10.812587413,1.0,0.1002331002,165.8,12.733799534,458.0,35.38041958,1.8,1.8,1.4,1.8,8.692307692,5.2,70.0
Y1050280,2.0,63.633333334,99.2,0.4,5.4,5.4,1.4,5.9333333334,9.4,0.0,3.0,2.0,1.0,0.8,0.2,3.5164831096,2.8,0.4,0.0666666666,3.0,1.0,0.8,0.3,1.0,0.1666666666,0.4,0.0666666666,2.4,0.8333333334,0.8,0.1666666666,0.0,0.0,3.4,1.0,1.2,0.2333333332,4.6,1.2333333332,5.4,1.7,0.8,0.3,7.6,2.2333333332,18.4,5.4666666666,0.2,0.2,0.2,0.2,0.0,0.54,10.0
Y1050281,0.2,50.4,50.4,0.2,1.6,1.6,0.2,8.0,8.0,0.0,0.6,0.2,0.4,0.0666666666,0.1333333334,2.4424398,0.2,0.6,0.2,0.6,0.2,0.2,0.0666666666,0.6,0.2,0.8,0.2666666666,5.0,1.6666666666,0.4,0.1333333334,0.0,0.0,5.6,1.8666666666,1.2,0.4,6.8,2.266666666,5.8,1.9333333334,0.2,0.0666666666,7.4,2.466666666,20.2,6.733333334,0.0,0.0,0.0,0.0,0.0,0.0,10.0
Y1050282,0.8,61.46666666,134.4,0.6,5.8,8.6,0.8,6.866666666,19.0,0.0,2.2,2.0,0.2,0.3333333334,0.0666666666,1.503235408,1.0,1.0,0.1666666666,1.8,0.3083333334,0.6,0.075,0.4,0.05,1.8,0.225,5.0,0.625,0.8,0.1,0.0,0.0,5.4,0.675,2.6,0.325,8.0,1.0,7.0,0.9583333334,0.6,0.075,10.2,1.4,25.8,3.4333333334,0.0,0.0,0.0,0.0,0.0,1.2,10.0
Y1050283,1.6,37.966666666,70.0,0.2,3.0,3.0,1.0,3.9,7.4,0.0,1.6,1.0,0.6,0.42,0.18,1.86566188,1.6,1.0,0.32,1.2,0.46,0.2,0.04,1.6,0.62,0.8,0.22,1.0,0.2,1.2,0.46,0.2,0.04,2.6,0.82,2.2,0.72,4.8,1.54,3.2,1.08,0.2,0.04,6.4,2.14,14.6,4.8,0.0,0.0,0.0,0.0,0.0,2.94,20.0
Y1050284,2.4,63.013333334,127.2,0.0,0.0,0.0,1.6,13.2666666666,15.4,0.0,2.6,0.2,2.4,0.1,0.7,4.3707416794,1.8,0.8,0.34,2.4,0.76,0.0,0.0,0.4,0.2,0.2,0.1,8.4,3.97,1.6,0.8,0.0,0.0,8.8,4.17,1.8,0.9,10.6,5.07,12.2,5.43,0.0,0.0,13.2,5.87,36.0,16.37,0.0,0.0,0.0,0.0,0.0,2.4,30.0
Y1050285,0.0,0.0,0.0,0.0,0.0,0.0,0.0,0.0,0.0,0.0,0.0,0.0,0.0,0.0,0.0,0.0,0.0,0.0,0.0,0.0,0.0,0.0,0.0,0.0,0.0,0.0,0.0,0.0,0.0,0.0,0.0,0.0,0.0,0.0,0.0,0.0,0.0,0.0,0.0,0.0,0.0,0.0,0.0,0.0,0.0,0.0,0.0,0.0,0.0,0.0,0.0,0.0,0.0,0.0
Y1050286,3.8,296.36,1143.4,2.2,24.933333334,52.4,3.2,73.1,237.0,0.0,10.6,9.0,1.6,0.8288888888,0.1711111112,1.167688071,2.4,6.2,0.5014379086,10.6,1.0,1.4,0.148627451,17.8,1.3326797386,11.2,0.8345098038,102.6,10.390718955,12.6,1.1264052286,0.4,0.0250980392,120.4,11.723398694,24.2,1.986013072,144.6,13.709411764,123.6,12.278954248,1.4,0.148627451,155.4,14.722745096,425.0,40.859738562,1.2,1.2,0.8,1.2,3.59,7.1,72.0
Y1050287,2.6,239.28333334,595.0,1.8,14.8,26.6,2.4,39.2,91.6,0.0,12.2,9.0,3.2,0.7211683052,0.2788316948,5.1858513736,2.4,8.8,0.7179728164,10.4,0.8601792944,2.6,0.1829381146,9.2,0.79421631,20.2,1.4688114518,26.4,2.46772701,7.8,0.7022411796,1.0,0.0758241758,35.6,3.2619433198,29.0,2.2468768076,64.6,5.5088201272,41.6,3.8090225566,2.8,0.19832273,76.8,6.5088201272,185.8,16.024985542,0.0,0.0,0.0,0.0,0.0,7.0,50.0
Y1050288,0.0,0.0,0.0,0.0,0.0,0.0,0.0,0.0,0.0,0.0,0.0,0.0,0.0,0.0,0.0,0.0,0.0,0.0,0.0,0.0,0.0,0.0,0.0,0.0,0.0,0.0,0.0,0.0,0.0,0.0,0.0,0.0,0.0,0.0,0.0,0.0,0.0,0.0,0.0,0.0,0.0,0.0,0.0,0.0,0.0,0.0,0.0,0.0,0.0,0.0,0.0,0.0,0.0,0.0
Y1050289,3.4,361.75,1371.4,1.2,19.9,35.6,2.4,97.28333334,295.4,0.2,11.4,6.2,5.2,0.4061298702,0.3938701298,0.9195325762,2.0,11.0,0.7571428572,10.8,0.7452467532,1.0,0.0501818182,43.4,3.0455064936,98.6,6.4713766244,84.0,5.7593766232,33.4,2.2333506494,0.2,0.0181818182,127.4,8.8048831174,132.2,8.7229090908,259.6,17.527792208,126.0,8.6131428572,1.0,0.0501818182,271.0,18.327792208,657.6,44.51890909,0.0,0.0,0.0,0.0,0.0,7.52,60.0
Y1050290,0.0,0.0,0.0,0.0,0.0,0.0,0.0,0.0,0.0,0.0,0.0,0.0,0.0,0.0,0.0,0.0,0.0,0.0,0.0,0.0,0.0,0.0,0.0,0.0,0.0,0.0,0.0,0.0,0.0,0.0,0.0,0.0,0.0,0.0,0.0,0.0,0.0,0.0,0.0,0.0,0.0,0.0,0.0,0.0,0.0,0.0,0.0,0.0,0.0,0.0,0.0,0.0,0.0,0.0
Y1050291,1.4,277.9,512.4,0.8,56.4,56.4,0.6,36.2,36.2,0.0,6.8,4.4,2.4,0.4647619048,0.1352380952,2.8687603536,1.8,2.4,0.1457142858,5.8,0.417142857,2.0,0.2304761906,2.6,0.218095238,2.0,0.1266666666,13.0,0.6504761904,7.4,0.3838095238,0.0,0.0,15.6,0.8685714286,9.4,0.5104761904,25.0,1.379047619,24.2,1.3352380952,2.0,0.2304761906,31.8,1.979047619,83.0,4.923809524,0.0,0.0,0.0,0.0,0.0,5.64,40.0
Y1050292,4.2,245.97333334,1117.8,3.8,35.23,142.2,3.6,24.333333334,98.4,0.0,9.2,2.0,7.2,0.1770629372,0.8229370628,11.700493506,1.6,6.0,0.711048951,8.2,0.9128671328,0.0,0.0,47.4,5.1855944056,16.8,2.1716083916,14.4,1.6402797202,2.0,0.178881119,0.0,0.0,61.8,6.8258741258,18.8,2.3504895106,80.6,9.1763636364,24.2,2.6966433566,0.0,0.0,89.8,10.1763636364,194.6,22.049370628,1.2,1.2,0.8,1.2,3.0,3.94,50.0
Y1050293,2.4,441.85,847.6,1.8,50.666666666,79.2,2.0,58.95,81.8,0.0,10.8,10.0,0.8,0.9142857142,0.0857142858,13.0751377352,2.2,4.2,0.4131868132,10.6,0.9857142858,3.2,0.2824175826,5.6,0.5450549452,6.2,0.5945054946,51.8,4.9153846154,4.0,0.40989011,0.4,0.0307692308,57.4,5.4604395606,10.6,1.0351648352,68.0,6.4956043958,63.2,6.0142857142,3.4,0.297802198,78.8,7.4956043958,213.4,20.303296704,1.8,1.8,0.6,1.8,7.288461538,7.6,80.0
Y1050294,3.0,167.37666666,635.4,2.8,15.333333334,53.2,2.6,18.346666666,64.4,0.0,8.8,8.2,0.6,0.7417582418,0.0582417582,7.3913211216,1.4,3.4,0.287912088,7.8,0.7263736264,3.0,0.2786813188,16.6,1.3582417582,8.6,0.675824176,18.4,1.7402197802,6.2,0.5641758242,0.8,0.0582417582,35.0,3.0984615384,15.6,1.2982417582,50.6,4.3967032966,30.0,2.7971428572,3.0,0.2786813188,59.4,5.1967032966,143.0,12.6692307698,0.0,0.0,0.0,0.0,0.0,4.26,40.0
Y1050295,3.6,210.14333334,841.6,3.0,26.666666666,99.8,2.2,16.4833333334,48.2,0.0,7.6,3.6,4.0,0.3757575756,0.4242424244,11.593592738,2.6,6.0,0.6424242424,5.4,0.6818181818,1.0,0.0545454546,12.2,1.2636363638,4.6,0.6393939394,12.4,1.5393939392,5.0,0.5606060608,0.0,0.0,24.6,2.803030303,9.6,1.2,34.2,4.003030303,20.6,2.5151515152,1.0,0.0545454546,41.8,4.803030303,97.6,11.3757575742,0.0,0.0,0.0,0.0,0.0,4.0,30.0
Y1050296,2.0,321.56666666,742.6,1.6,36.4,72.8,1.8,26.666666666,60.0,0.0,8.2,5.6,2.6,0.5187878788,0.2812121212,6.252852642,2.0,5.0,0.5486868688,7.0,0.7145454546,1.6,0.098989899,14.8,1.8347474748,13.6,1.4896969698,10.6,1.0806060606,4.2,0.4373737374,0.0,0.0,25.4,2.9153535354,17.8,1.927070707,43.2,4.8424242424,19.8,2.045050505,1.6,0.098989899,51.4,5.6424242424,116.0,12.628888888,0.0,0.0,0.0,0.0,0.0,0.8,20.0
Y1050297,0.4,2.2,4.4,0.0,0.0,0.0,0.0,0.0,0.0,0.0,0.0,0.0,0.0,0.0,0.0,0.0,0.0,0.0,0.0,0.0,0.0,0.0,0.0,0.0,0.0,0.0,0.0,0.0,0.0,0.0,0.0,0.0,0.0,0.0,0.0,0.0,0.0,0.0,0.0,0.0,0.0,0.0,0.0,0.0,0.0,0.0,0.0,0.0,0.0,0.0,0.0,0.0,0.4,10.0
Y1050298,0.6,46.6,60.2,0.4,4.4,4.4,0.6,4.4,6.6,0.0,1.6,1.4,0.2,0.35,0.05,4.84792006,1.4,0.4,0.1,1.4,0.35,0.4,0.1,0.4,0.1,2.0,0.5,2.2,0.55,0.2,0.05,0.0,0.0,2.6,0.65,2.2,0.55,4.8,1.2,3.6,0.9,0.4,0.1,6.4,1.6,15.2,3.8,0.0,0.0,0.0,0.0,0.0,0.8,10.0
Y1050299,0.0,0.0,0.0,0.0,0.0,0.0,0.0,0.0,0.0,0.0,0.0,0.0,0.0,0.0,0.0,0.0,0.0,0.0,0.0,0.0,0.0,0.0,0.0,0.0,0.0,0.0,0.0,0.0,0.0,0.0,0.0,0.0,0.0,0.0,0.0,0.0,0.0,0.0,0.0,0.0,0.0,0.0,0.0,0.0,0.0,0.0,0.0,0.0,0.0,0.0,0.0,0.0,0.8,10.0
Y1050300,1.2,55.53333334,166.6,0.6,12.3,15.8,0.6,12.7,19.6,0.0,1.6,0.6,1.0,0.2333333334,0.1666666666,2.5731173952,1.2,1.6,0.4,1.0,0.3,0.2,0.1,10.6,2.9666666666,3.0,0.7,1.2,0.3333333334,0.6,0.2333333334,0.0,0.0,11.8,3.3,3.6,0.9333333334,15.4,4.2333333334,2.4,0.7333333334,0.2,0.1,17.0,4.6333333334,35.0,9.7,0.0,0.0,0.0,0.0,0.0,0.4,10.0
Y1050301,0.4,53.6,53.6,0.2,3.2,3.2,0.2,5.2,5.2,0.0,0.8,0.8,0.0,0.2,0.0,2.45604764,0.6,0.6,0.15,0.8,0.2,0.0,0.0,1.8,0.45,0.4,0.1,1.0,0.25,0.6,0.15,0.0,0.0,2.8,0.7,1.0,0.25,3.8,0.95,2.4,0.6,0.0,0.0,4.6,1.15,10.8,2.7,0.0,0.0,0.0,0.0,0.0,0.0,10.0
Y1050302,1.0,17.88,89.4,0.8,2.4,9.6,0.6,1.7333333334,5.2,0.0,2.0,1.0,1.0,0.1,0.1,1.4482209082,0.4,0.4,0.04,1.6,0.16,0.4,0.04,0.8,0.08,0.2,0.02,0.8,0.08,0.2,0.02,0.2,0.02,1.6,0.16,0.6,0.06,2.2,0.22,2.6,0.26,0.4,0.04,4.2,0.42,9.4,0.94,0.0,0.0,0.0,0.0,0.0,0.0,10.0
Y1050303,1.6,132.05,350.0,1.2,8.3,18.6,1.4,20.8,53.4,0.0,5.2,3.4,1.8,0.3914285714,0.2085714286,5.3870280944,0.8,3.6,0.417142857,4.2,0.5285714286,1.2,0.1142857144,11.0,0.98,14.2,1.3285714286,12.0,1.1657142858,3.0,0.297142857,0.4,0.0285714286,23.0,2.1457142858,17.6,1.6542857144,40.6,3.7999999994,18.2,1.8914285714,1.2,0.1142857144,45.8,4.3999999994,105.8,10.205714286,0.0,0.0,0.0,0.0,0.0,0.8,20.0
Y1050304,0.2,26.8,26.8,0.2,2.6,2.6,0.2,2.6,2.6,0.0,0.6,0.2,0.4,0.0666666666,0.1333333334,2.352959678,0.2,0.0,0.0,0.6,0.2,0.0,0.0,0.0,0.0,0.0,0.0,1.8,0.6,0.2,0.0666666666,0.0,0.0,1.8,0.6,0.2,0.0666666666,2.0,0.6666666666,2.6,0.8666666666,0.0,0.0,2.6,0.8666666666,7.2,2.4,0.0,0.0,0.0,0.0,0.0,0.0,10.0
Y1050305,2.0,85.46,283.8,1.4,12.9,28.0,1.0,9.25,15.4,0.0,2.4,0.8,1.6,0.1333333332,0.2666666668,3.724975717,0.4,1.0,0.2,2.4,0.4,0.2,0.0222222222,7.2,2.088888889,1.0,0.2,2.4,0.311111111,1.0,0.1111111112,0.0,0.0,9.6,2.4,2.0,0.3111111112,11.6,2.7111111118,5.6,0.8,0.2,0.0222222222,14.0,3.1111111118,31.4,6.6444444452,0.0,0.0,0.0,0.0,0.0,1.8,20.0
Y1050306,2.2,58.453333334,156.6,0.8,2.4666666666,3.8,1.6,6.9,20.6,0.0,2.8,0.2,2.6,0.0222222222,0.5777777778,7.7001944712,1.0,1.6,0.4111111112,2.6,0.4,0.0,0.0,2.0,0.9333333334,5.0,0.75,5.2,0.6333333334,2.0,0.2222222222,0.0,0.0,7.2,1.5666666666,7.0,0.9722222222,14.2,2.5388888888,9.8,1.2555555556,0.0,0.0,17.0,3.1388888888,41.0,6.933333334,0.8,0.8,0.8,0.8,2.461538462,0.6,10.0
Y1050307,0.4,65.8,131.6,0.4,7.4,14.8,0.4,4.1,8.2,0.0,1.4,1.0,0.4,0.1428571428,0.0571428572,1.7110527836,0.2,0.6,0.0857142858,1.2,0.1714285714,0.2,0.0285714286,3.0,0.4285714286,0.4,0.0571428572,2.4,0.3428571428,0.0,0.0,0.0,0.0,5.4,0.7714285714,0.4,0.0571428572,5.8,0.8285714286,3.6,0.5142857142,0.2,0.0285714286,7.2,1.0285714286,16.8,2.4,0.0,0.0,0.0,0.0,0.0,0.0,10.0
Y1050308,3.8,133.28523808,701.6,2.4,6.1066666666,24.0,3.6,26.657142858,131.8,0.0,5.6,2.8,2.8,0.41,0.39,3.8908015796,1.2,3.8,0.5228571428,5.6,0.8,0.4,0.0542857142,15.0,2.2371428572,19.8,2.4185714286,54.6,7.142857142,17.2,2.3414285714,0.4,0.0542857142,69.6,9.38,37.4,4.8142857142,107.0,14.194285714,77.0,10.22,0.4,0.0542857142,112.6,14.994285714,297.0,39.462857142,0.0,0.0,0.0,0.0,0.0,0.0,10.0
Y1050309,0.0,0.0,0.0,0.0,0.0,0.0,0.0,0.0,0.0,0.0,0.0,0.0,0.0,0.0,0.0,0.0,0.0,0.0,0.0,0.0,0.0,0.0,0.0,0.0,0.0,0.0,0.0,0.0,0.0,0.0,0.0,0.0,0.0,0.0,0.0,0.0,0.0,0.0,0.0,0.0,0.0,0.0,0.0,0.0,0.0,0.0,0.0,0.0,0.0,0.0,0.0,0.0,0.0,0.0
Y1050310,0.2,36.4,36.4,0.2,3.4,3.4,0.2,2.2,2.2,0.0,0.8,0.6,0.2,0.15,0.05,0.5793911592,0.2,0.2,0.05,0.6,0.15,0.2,0.05,0.0,0.0,0.6,0.15,0.2,0.05,0.4,0.1,0.0,0.0,0.2,0.05,1.0,0.25,1.2,0.3,1.2,0.3,0.2,0.05,2.0,0.5,4.6,1.15,0.0,0.0,0.0,0.0,0.0,0.0,10.0
Y1050311,4.8,335.62857142,1601.0,4.2,28.583333332,122.0,4.4,34.545714286,156.2,0.0,15.8,6.6,9.2,0.3606084658,0.6393915342,7.0442761772,2.2,12.8,0.835993266,14.2,0.8865608466,1.0,0.0563131312,51.2,3.5007671958,18.8,1.1294829246,43.8,2.87992785,13.2,0.7610846562,0.0,0.0,95.0,6.3806950458,32.0,1.8905675804,127.0,8.2712626264,62.4,3.9385906686,1.0,0.0563131312,142.8,9.271262627,333.2,21.537429054,0.0,0.0,0.0,0.0,0.0,2.58,20.0
Y1050312,0.2,8.6,8.6,0.0,0.0,0.0,0.2,1.4,1.4,0.0,0.4,0.0,0.4,0.0,0.2,0.6425776918,0.2,0.0,0.0,0.4,0.2,0.0,0.0,0.0,0.0,0.0,0.0,0.8,0.4,0.0,0.0,0.0,0.0,0.8,0.4,0.0,0.0,0.8,0.4,1.2,0.6,0.0,0.0,1.2,0.6,3.2,1.6,0.0,0.0,0.0,0.0,0.0,0.8,10.0
Y1050313,1.4,87.16,265.4,1.0,3.7,11.8,1.4,13.36,42.0,0.0,5.2,3.0,2.2,0.32,0.28,2.5323183504,2.0,3.6,0.4066666666,4.8,0.5233333334,0.0,0.0,5.2,0.3166666666,9.2,0.97,12.2,0.7233333334,2.2,0.11,0.0,0.0,17.4,1.04,11.4,1.08,28.8,2.12,18.4,1.3166666668,0.0,0.0,34.0,2.72,81.2,6.1566666666,0.2,0.2,0.2,0.2,0.384615385,1.6,30.0
Y1050314,0.4,178.9,357.8,0.4,21.9,43.8,0.4,11.8,23.6,0.0,4.4,3.0,1.4,0.1363636364,0.0636363636,2.021967404,0.4,1.8,0.0818181818,4.0,0.1818181818,1.0,0.0454545454,2.2,0.1,2.2,0.1,9.6,0.4363636364,2.0,0.090909091,0.4,0.0181818182,11.8,0.5363636364,4.6,0.209090909,16.4,0.7454545454,15.2,0.690909091,1.0,0.0454545454,20.8,0.9454545454,53.4,2.427272728,1.0,1.0,0.6,1.0,1.461538462,1.0,30.0
Y1050315,0.6,283.6,498.6,0.4,6.6,13.2,0.6,81.7,141.8,0.0,5.4,4.0,1.4,0.2185714286,0.1814285714,4.28804767,1.2,5.0,0.3614285714,5.4,0.4,0.4,0.02,51.2,3.1171428572,22.4,1.3985714286,45.8,2.9585714286,6.2,0.44,0.2,0.01,97.0,6.0757142858,28.8,1.8485714286,125.8,7.924285714,56.6,3.74,0.4,0.02,131.2,8.324285714,314.0,20.008571428,0.2,0.2,0.2,0.2,0.230769231,1.34,20.0
Y1050316,1.2,177.33333332,532.0,0.4,32.7,65.4,1.0,11.933333334,31.2,0.0,5.2,4.6,0.6,0.3571428572,0.0428571428,4.465055396,0.4,1.2,0.088095238,4.8,0.3690476192,0.8,0.061904762,1.0,0.0714285714,3.8,0.288095238,14.0,1.061904762,2.8,0.2023809524,0.0,0.0,15.0,1.1333333334,6.6,0.4904761906,21.6,1.6238095238,21.2,1.6023809524,0.8,0.061904762,26.8,2.0238095238,70.4,5.3119047614,0.2,0.2,0.2,0.2,0.0,0.8,10.0
Y1050317,3.4,373.93333334,1181.6,2.4,33.333333334,84.0,3.0,44.366666666,149.4,0.0,13.4,7.2,6.2,0.4952525252,0.5047474748,4.9348693368,1.4,7.2,0.5531313134,12.8,0.9444444444,1.4,0.1096464646,7.2,0.5268686868,20.6,1.358989899,35.4,2.1037373738,11.4,0.7081313132,1.2,0.0985353534,42.6,2.6306060604,33.2,2.1656565656,75.8,4.7962626264,59.0,3.7022222224,1.4,0.1096464646,89.2,5.7962626264,225.4,14.40439394,2.0,2.0,1.0,2.0,6.41,4.54,55.0
Y1050318,4.4,214.143333334,988.8,1.6,13.7,36.4,3.0,44.633333334,135.2,0.0,10.8,9.4,1.4,0.7692307692,0.2307692308,8.8435792204,1.4,9.4,0.8642857144,10.0,0.9179487178,3.4,0.2510989012,16.0,1.5380952382,45.0,5.0124542124,44.6,3.9518315018,12.8,0.9415750916,0.8,0.0523809524,60.6,5.48992674,58.6,6.0064102564,119.2,11.496336996,64.8,5.6423076924,3.4,0.2510989012,130.0,12.496336996,317.4,29.886080586,2.0,2.0,1.6,2.0,4.0,3.94,40.0
Y1050319,1.8,507.7,983.0,1.8,45.14,107.6,1.8,53.22,68.8,0.0,12.8,7.6,5.2,0.5018730158,0.2981269842,7.346337621,2.6,5.6,0.2706031746,11.6,0.7545714286,1.6,0.0605714286,21.0,1.2072063492,4.4,0.1631428572,17.4,1.2466666666,4.6,0.4188888888,0.2,0.008,38.4,2.4538730158,9.2,0.590031746,47.6,3.043904762,31.6,2.300031746,1.6,0.0605714286,60.4,3.843904762,141.2,9.2484126988,1.2,1.2,0.8,1.2,5.307692308,7.44,76.0
Y1050320,2.8,84.36666666,265.4,0.4,21.6,21.6,0.6,23.7,31.0,0.0,4.4,3.0,1.4,0.2727272726,0.1272727274,4.1789678988,1.4,2.2,0.2,3.8,0.3454545454,0.8,0.0727272728,14.2,1.290909091,4.6,0.4181818182,2.2,0.2,0.8,0.0727272728,0.4,0.0363636364,16.4,1.4909090908,5.8,0.5272727272,22.2,2.0181818182,6.2,0.5636363636,0.8,0.0727272728,26.6,2.4181818182,55.8,5.072727272,0.0,0.0,0.0,0.0,0.0,0.8,10.0
Y1050321,0.0,0.0,0.0,0.0,0.0,0.0,0.0,0.0,0.0,0.0,0.0,0.0,0.0,0.0,0.0,0.0,0.0,0.0,0.0,0.0,0.0,0.0,0.0,0.0,0.0,0.0,0.0,0.0,0.0,0.0,0.0,0.0,0.0,0.0,0.0,0.0,0.0,0.0,0.0,0.0,0.0,0.0,0.0,0.0,0.0,0.0,0.0,0.0,0.0,0.0,0.0,0.0,3.2,20.0
Y1050322,4.2,171.27333334,727.8,0.8,3.5,4.8,3.6,41.54,144.4,0.2,11.0,6.8,4.2,0.575944056,0.424055944,9.5290457426,2.0,7.2,0.6613519814,10.6,0.9692307692,1.2,0.0953846154,13.6,1.1683916084,18.8,1.646060606,80.2,6.7779020976,13.6,1.238088578,0.0,0.0,93.8,7.9462937048,32.4,2.8841491842,126.2,10.8304428906,102.6,8.8457342658,1.2,0.0953846154,137.2,11.8304428906,367.2,31.60200466,2.0,2.0,1.4,2.0,7.807692308,10.16,99.0
Y1050323,5.6,187.744761894,1136.4,5.2,18.12857143,99.2,4.8,23.066666666,131.4,0.0,11.2,10.0,1.2,0.9076190476,0.0923809524,13.704321488,1.0,7.2,0.7038095238,11.0,0.9904761904,0.8,0.0485714286,14.0,0.9695238096,45.6,3.2795238096,38.0,3.2157142856,13.4,1.2114285714,0.4,0.0295238096,52.0,4.1852380952,59.4,4.5204761906,111.4,8.705714286,61.6,5.1819047618,0.8,0.0485714286,122.6,9.705714286,296.4,23.641904762,2.0,2.0,1.6,2.0,8.134615385,9.1,88.0
Y1050324,1.8,298.86666666,841.8,1.0,5.6,9.4,0.8,242.7,269.4,0.0,11.0,6.4,4.6,0.348095238,0.251904762,2.4723670958,2.6,10.0,0.5414285714,10.4,0.5714285714,0.0,0.0,123.4,6.5404761898,62.8,3.3890476192,48.2,2.5423809524,12.4,0.668095238,0.0,0.0,171.6,9.082857144,75.2,4.0571428572,246.8,13.14,69.0,3.6804761904,0.0,0.0,257.8,13.74,573.6,30.56047619,0.0,0.0,0.0,0.0,0.0,2.6,30.0
Y1050325,1.4,272.1,487.4,1.0,25.3,39.4,1.2,24.6,43.2,0.0,4.0,1.8,2.2,0.3,0.3,5.9912931062,2.0,3.2,0.48,3.6,0.56,0.0,0.0,8.0,1.42,7.2,1.18,12.0,2.12,4.6,0.8,0.0,0.0,20.0,3.54,11.8,1.98,31.8,5.52,18.8,3.28,0.0,0.0,35.8,6.12,86.4,14.92,0.0,0.0,0.0,0.0,0.0,1.8,20.0
Y1050326,0.8,249.5,337.8,0.8,25.8,35.4,0.8,25.9,34.2,0.0,4.0,3.0,1.0,0.4236363636,0.1763636364,4.8105884526,2.6,2.0,0.3645454546,4.0,0.6,0.2,0.05,5.0,0.8972727272,6.2,1.1136363636,7.6,1.1081818182,4.6,0.589090909,0.0,0.0,12.6,2.0054545454,10.8,1.7027272728,23.4,3.7081818182,15.2,2.0772727272,0.2,0.05,27.4,4.3081818182,66.2,10.143636364,0.0,0.0,0.0,0.0,0.0,1.8,20.0
Y1050327,0.6,127.33333334,382.0,0.4,14.6,29.2,0.6,10.733333334,32.2,0.0,9.6,7.4,2.2,0.1541666666,0.0458333334,0.6846394594,0.4,4.2,0.0875,8.0,0.1666666666,1.8,0.0375,0.6,0.0125,5.8,0.1208333334,8.4,0.175,1.8,0.0375,0.4,0.0083333334,9.0,0.1875,8.0,0.1666666666,17.0,0.3541666666,15.6,0.325,2.0,0.0416666666,26.6,0.5541666666,61.2,1.275,0.0,0.0,0.0,0.0,0.0,0.0,0.0
Y1050328,4.0,335.88333334,1232.6,1.0,81.7,94.4,1.8,166.0,257.8,0.0,9.0,7.8,1.2,0.8666666666,0.1333333334,5.628077309,1.2,8.8,0.975,9.0,1.0,0.6,0.05,134.2,13.058333334,28.8,2.75,58.4,7.9500000006,17.0,2.25,0.0,0.0,192.6,21.008333334,45.8,5.0000000002,238.4,26.008333332,83.2,11.0999999994,0.6,0.05,247.4,27.008333332,569.6,64.166666666,2.0,2.0,1.2,2.0,10.0,5.76,71.0
Y1050329,3.2,256.83333334,847.6,2.0,44.933333334,89.6,1.0,47.866666666,64.0,0.0,6.2,1.8,4.4,0.1760239762,0.4239760238,3.4613313174,2.0,5.4,0.5064935064,5.6,0.5406593406,0.0,0.0,30.2,2.8361638362,8.0,0.7268731268,12.4,1.2147852148,3.8,0.325074925,0.0,0.0,42.6,4.050949051,11.8,1.0519480518,54.4,5.102897103,18.6,1.8043956044,0.0,0.0,60.6,5.7028971014,133.6,12.610189812,0.0,0.0,0.0,0.0,0.0,3.4,20.0
Y1050330,1.8,51.48,142.8,0.4,3.6,7.2,1.6,6.1,17.4,0.0,3.4,2.6,0.8,0.455,0.145,9.110354932,1.0,0.6,0.1,3.0,0.51,1.0,0.18,0.0,0.0,1.0,0.2,10.2,1.62,1.2,0.175,0.2,0.025,10.2,1.62,2.4,0.4,12.6,2.02,13.8,2.215,1.0,0.18,16.0,2.62,43.4,7.035,0.0,0.0,0.0,0.0,0.0,0.6,10.0
Y1050331,1.6,119.63333334,288.4,0.8,5.4,10.8,1.0,30.2,55.2,0.0,6.0,3.6,2.4,0.2761363636,0.3238636364,8.38395998,1.8,4.8,0.4651515152,5.8,0.5818181818,0.0,0.0,14.6,1.787121212,10.6,0.9984848484,16.0,1.3071969698,2.8,0.1977272728,0.0,0.0,30.6,3.0943181818,13.4,1.1962121212,44.0,4.290530303,24.2,2.0617424244,0.0,0.0,50.0,4.890530303,118.2,11.24280303,0.0,0.0,0.0,0.0,0.0,0.4,10.0
Y1050332,2.8,438.78333332,1203.6,2.6,41.333333334,106.8,2.6,62.966666668,160.2,0.0,14.6,13.0,1.6,0.8853030302,0.1146969698,10.067466295,2.2,11.0,0.7960353534,14.2,0.9727272728,3.8,0.252020202,50.4,3.7588131314,35.2,2.5803030304,33.6,2.444671717,11.0,0.8005303028,1.0,0.0704545454,84.0,6.2034848484,47.2,3.4512878788,131.2,9.6547727286,54.4,3.919621212,4.0,0.2702020202,145.8,10.654772728,335.4,24.499368686,1.4,1.4,0.8,1.4,5.634615385,3.4,40.0
Y1050333,1.6,43.26666666,137.0,0.8,7.466666666,18.8,0.6,0.9,1.4,0.0,0.8,0.0,0.8,0.0,0.4,0.971096744,1.4,0.0,0.0,0.8,0.4,0.0,0.0,0.0,0.0,0.0,0.0,0.6,0.3333333334,0.0,0.0,0.0,0.0,0.6,0.3333333334,0.0,0.0,0.6,0.3333333334,1.4,0.7333333334,0.0,0.0,1.4,0.7333333334,3.4,1.8,0.0,0.0,0.0,0.0,0.0,0.2,10.0
Y1050334,1.2,19.72,97.8,0.8,1.2,4.8,1.0,2.6,13.0,0.0,1.2,0.6,0.6,0.1,0.1,1.9158029356,0.2,0.4,0.0666666666,1.2,0.2,0.2,0.0333333334,0.8,0.1333333334,0.6,0.1,7.0,1.1666666666,1.0,0.1666666666,0.0,0.0,7.8,1.3,1.6,0.2666666666,9.4,1.5666666666,8.8,1.4666666666,0.2,0.0333333334,10.6,1.7666666666,29.0,4.833333334,0.0,0.0,0.0,0.0,0.0,0.8,20.0
Y1050335,1.0,100.86666666,233.8,0.4,7.0,14.0,1.0,15.933333334,33.8,0.0,3.2,1.8,1.4,0.223076923,0.376923077,3.304897184,1.6,1.2,0.2615384616,3.0,0.5,0.4,0.0307692308,5.0,1.0615384616,3.0,0.3153846154,17.0,4.7846153846,4.0,0.3923076924,0.4,0.0307692308,22.0,5.8461538462,7.4,0.7384615384,29.4,6.5846153846,23.6,5.6461538462,0.6,0.0461538462,32.6,7.1846153846,86.2,19.461538462,0.0,0.0,0.0,0.0,0.0,0.8,10.0
Y1050336,1.0,318.9,561.6,0.6,27.2,52.8,0.6,36.1,58.4,0.0,7.0,5.0,2.0,0.1851851852,0.2148148148,4.3605592792,1.8,3.0,0.2518518518,6.8,0.375,0.4,0.0148148148,13.8,1.1268518518,3.2,0.224074074,24.0,1.1,4.4,0.2157407408,0.0,0.0,37.8,2.2268518518,7.6,0.4398148148,45.4,2.6666666666,34.4,1.6435185186,0.4,0.0148148148,52.4,3.0666666666,132.6,7.391666666,0.0,0.0,0.0,0.0,0.0,6.82,50.0
Y1050337,0.6,218.0,399.6,0.4,31.8,31.8,0.4,59.0,59.0,0.0,5.2,2.4,2.8,0.1752380952,0.2247619048,3.2906154442,1.8,3.0,0.2038095238,5.2,0.4,0.2,0.04,17.8,0.8476190476,5.4,0.561904762,24.8,1.5161904762,3.8,0.2114285714,0.0,0.0,42.6,2.3638095238,9.2,0.7733333334,51.8,3.137142858,33.6,2.0876190476,0.2,0.04,57.0,3.537142858,142.6,8.801904762,0.0,0.0,0.0,0.0,0.0,0.8,10.0
Y1050338,1.0,24.25,76.6,0.2,5.2,5.2,0.2,10.6,10.6,0.0,1.2,0.2,1.0,0.0333333334,0.1666666666,2.023481264,0.4,1.2,0.2,0.6,0.1,0.2,0.0333333334,5.0,0.8333333334,1.0,0.1666666666,0.8,0.1333333334,0.6,0.1,0.0,0.0,5.8,0.9666666666,1.6,0.2666666666,7.4,1.2333333334,1.4,0.2333333334,0.2,0.0333333334,8.6,1.4333333334,17.6,2.933333334,0.0,0.0,0.0,0.0,0.0,0.8,10.0
Y1050339,1.2,47.2,143.8,1.0,5.233333334,14.0,0.8,3.933333334,8.2,0.0,1.8,0.2,1.6,0.2,0.2,2.4626789762,0.6,0.8,0.275,1.8,0.4,0.0,0.0,0.6,0.075,1.2,0.325,3.0,0.9,0.6,0.425,0.0,0.0,3.6,0.975,1.8,0.75,5.4,1.725,5.2,1.7,0.0,0.0,7.2,2.125,17.8,5.55,0.0,0.0,0.0,0.0,0.0,1.2,20.0
Y1050340,3.8,171.56666666,808.0,2.8,16.871428572,60.6,3.4,25.533333334,101.0,0.0,10.4,9.0,1.4,0.8145833334,0.1854166666,10.6630578612,2.8,6.0,0.4979166666,10.2,0.99375,1.6,0.09375,16.8,1.0166666668,13.8,1.31875,39.2,4.38125,10.8,0.9520833334,1.0,0.03125,56.0,5.3979166666,25.6,2.3020833332,81.6,7.7,59.6,6.2645833334,1.6,0.09375,92.0,8.7,234.8,22.758333334,0.0,0.0,0.0,0.0,0.0,0.4,10.0
Y1050341,1.0,223.15,585.4,1.0,18.75,49.2,1.0,24.4,66.4,0.0,7.2,6.8,0.4,0.3833333334,0.0166666666,2.673094456,1.2,4.4,0.2333333334,7.2,0.4,0.0,0.0,20.8,0.9,7.4,0.3666666666,14.8,0.7833333334,9.4,0.45,0.0,0.0,35.6,1.6833333334,16.8,0.8166666668,52.4,2.5,31.0,1.6166666666,0.0,0.0,59.6,2.8999999994,143.0,7.016666666,0.0,0.0,0.0,0.0,0.0,2.2,20.0
Y1050342,1.0,87.9,173.2,0.6,5.2,8.8,0.8,10.9,21.8,0.0,3.8,2.8,1.0,0.2954545454,0.1045454546,3.222006586,1.0,1.2,0.115909091,3.8,0.4,0.0,0.0,0.4,0.0431818182,1.8,0.1636363636,11.2,1.1136363636,2.2,0.2272727272,0.0,0.0,11.6,1.1568181818,4.0,0.390909091,15.6,1.5477272728,17.2,1.740909091,0.0,0.0,19.4,1.9477272728,52.2,5.236363636,0.0,0.0,0.0,0.0,0.0,5.94,50.0
Y1050343,0.0,0.0,0.0,0.0,0.0,0.0,0.0,0.0,0.0,0.0,0.0,0.0,0.0,0.0,0.0,0.0,0.0,0.0,0.0,0.0,0.0,0.0,0.0,0.0,0.0,0.0,0.0,0.0,0.0,0.0,0.0,0.0,0.0,0.0,0.0,0.0,0.0,0.0,0.0,0.0,0.0,0.0,0.0,0.0,0.0,0.0,0.0,0.0,0.0,0.0,0.0,0.0,0.0,0.0
Y1050344,4.4,124.88666666,585.6,2.6,15.8,44.8,3.4,19.25,62.2,0.0,12.0,7.6,4.4,0.5948051948,0.4051948052,14.2420956478,1.2,6.2,0.5216450216,10.4,0.877056277,2.6,0.1933333334,8.8,0.80021645,2.8,0.2200865802,16.4,1.3542857144,18.4,1.5477922078,0.2,0.0166666666,25.2,2.1545021646,21.4,1.7845454546,46.6,3.9390476192,40.8,3.4102164502,2.6,0.1933333334,58.6,4.9390476192,148.6,12.4816450222,0.2,0.2,0.2,0.2,0.692307692,4.4,40.0
Y1050345,0.6,13.6,25.0,0.2,2.2,2.2,0.0,0.0,0.0,0.0,0.0,0.0,0.0,0.0,0.0,0.0,0.0,0.0,0.0,0.0,0.0,0.0,0.0,0.0,0.0,0.0,0.0,0.0,0.0,0.0,0.0,0.0,0.0,0.0,0.0,0.0,0.0,0.0,0.0,0.0,0.0,0.0,0.0,0.0,0.0,0.0,0.0,0.0,0.0,0.0,0.0,0.0,0.8,10.0
Y1050346,4.4,63.516666666,321.0,0.6,4.0,6.0,1.0,16.1,32.0,0.0,3.8,1.0,2.8,0.1071428572,0.2928571428,2.8267922218,1.0,2.6,0.288095238,3.4,0.3666666666,0.2,0.0166666666,1.2,0.1238095238,3.4,0.3547619048,9.0,0.9166666666,10.2,1.0047619048,0.2,0.0166666666,10.2,1.0404761906,13.8,1.3761904762,24.0,2.4166666666,22.0,2.2261904762,0.2,0.0166666666,28.0,2.8333333334,74.2,7.492857142,1.8,1.8,0.8,1.8,2.115384615,3.66,50.0
Y1050347,2.2,157.14666668,584.4,1.8,16.183333334,51.2,2.0,14.72,49.0,0.0,9.8,8.0,1.8,0.4761904762,0.1238095238,3.4186560342,1.6,4.2,0.2380952382,8.6,0.542857143,1.8,0.1238095238,7.2,0.361904762,6.2,0.3714285714,11.6,0.780952381,3.8,0.2380952382,0.6,0.0476190476,18.8,1.1428571428,10.6,0.6571428572,29.4,1.8,22.6,1.4761904762,1.8,0.1238095238,39.2,2.4,93.0,5.8000000008,0.0,0.0,0.0,0.0,0.0,2.8,20.0
Y1050348,0.4,85.9,171.8,0.4,4.7,9.4,0.4,18.6,37.2,0.0,1.6,1.6,0.0,0.2,0.0,2.621828414,0.8,1.6,0.2,1.6,0.2,0.0,0.0,20.0,2.5,4.0,0.5,5.4,0.675,4.0,0.5,0.0,0.0,25.4,3.175,8.0,1.0,33.4,4.175,11.0,1.375,0.0,0.0,35.0,4.375,79.4,9.925,0.0,0.0,0.0,0.0,0.0,0.0,10.0
Y1050349,3.8,100.836666666,335.4,3.0,11.9466666668,29.8,1.2,1.2,2.8,0.0,1.4,0.0,1.4,0.0,0.6,0.4645540458,1.8,0.2,0.1,1.4,0.6,0.0,0.0,0.4,0.2,0.0,0.0,0.6,0.15,0.2,0.05,0.0,0.0,1.0,0.35,0.2,0.05,1.2,0.4,2.2,0.8,0.0,0.0,2.6,1.0,6.0,2.2,2.0,2.0,1.0,2.0,7.365384615,4.52,65.0
Y1050350,4.8,129.19666666,622.4,2.0,6.486666666,24.4,2.2,42.6,143.6,0.0,5.6,3.6,2.0,0.3917948718,0.4082051282,7.540645569,1.6,5.2,0.7377777778,4.4,0.6694017094,0.6,0.1022222222,51.0,5.4738461538,45.0,5.9176068376,13.4,1.663931624,7.2,0.8711111112,0.4,0.0622222222,64.4,7.137777778,52.6,6.850940171,117.0,13.98871795,23.6,3.0406837606,0.6,0.1022222222,122.6,14.78871795,263.8,31.920341882,0.0,0.0,0.0,0.0,0.0,0.0,10.0
Y1050351,4.0,139.19,463.4,2.2,5.5833333334,14.2,3.8,29.780000002,92.0,0.0,11.8,9.6,2.2,0.7722943722,0.2277056278,10.608761151,2.6,7.2,0.6413852814,10.6,0.8971428572,1.4,0.1535930736,19.6,1.5681385282,17.8,1.4550649352,32.4,2.860952381,4.0,0.4051948054,0.0,0.0,52.0,4.4290909092,21.8,1.8602597404,73.8,6.2893506492,45.0,3.946839827,1.4,0.1535930736,85.6,7.2893506492,205.8,17.679134198,2.0,2.0,1.0,2.0,5.692307692,6.38,70.0
Y1050352,4.6,153.9,741.6,2.8,27.433333334,88.6,3.8,14.883333334,63.2,0.0,10.0,8.6,1.4,0.8860606062,0.1139393938,10.9439678682,1.2,5.4,0.482972583,7.6,0.8101010102,2.4,0.2848196248,29.4,2.8358441558,8.8,0.5923232324,4.0,0.4897835498,1.8,0.171082251,0.8,0.1467532468,33.4,3.3256277056,11.4,0.9101587302,44.8,4.2357864358,11.6,1.2804040404,2.6,0.293910534,54.8,5.2357864358,113.8,11.045887444,2.0,2.0,1.0,2.0,8.461538462,7.1,80.0
Y1050353,5.6,193.36095238,1064.6,3.6,13.2600000006,52.6,4.4,38.27,170.8,0.0,17.8,11.0,6.8,0.581611597,0.418388403,7.6427503062,1.4,12.6,0.7274128246,17.2,0.9627791562,1.6,0.0727700144,48.6,2.6301423532,29.2,1.7877497714,43.4,2.4619302598,16.0,0.9500848896,0.8,0.0298811546,92.0,5.0920726134,46.0,2.7677158156,138.0,7.8597884296,73.8,4.2186496016,1.6,0.0727700144,155.8,8.8597884296,369.2,21.010996474,1.0,1.0,0.6,1.0,4.192307692,3.76,50.0
Y1050354,3.2,268.34,928.6,3.0,28.9,89.0,3.0,32.3,110.4,0.0,11.4,10.6,0.8,0.8482517482,0.1517482518,6.9256151564,2.6,5.4,0.3996114996,10.8,0.9525252524,3.2,0.2231546232,6.8,0.4630924632,17.4,1.212898213,54.4,4.4041958042,15.2,1.0903651902,0.2,0.0181818182,61.2,4.8672882672,32.8,2.3214452216,94.0,7.1887334888,77.8,6.2714063714,3.4,0.2413364414,105.4,8.1887334906,280.6,21.89020979,1.0,1.0,0.4,1.0,3.256153846,4.74,50.0
Y1050355,0.8,10.05,40.2,0.6,1.4,4.2,0.4,1.1,2.2,0.0,0.6,0.2,0.4,0.0666666666,0.1333333334,1.5084638464,0.2,0.4,0.1333333334,0.6,0.2,0.0,0.0,0.8,0.2666666666,0.2,0.0666666666,0.2,0.0666666666,0.0,0.0,0.0,0.0,1.0,0.3333333334,0.2,0.0666666666,1.2,0.4,0.6,0.2,0.0,0.0,1.8,0.6,3.6,1.2,0.0,0.0,0.0,0.0,0.0,0.4,10.0
Y1050356,3.0,225.95,772.0,2.4,30.266666666,79.8,2.4,33.45,85.2,0.0,10.0,7.0,3.0,0.5491978608,0.4508021392,3.6975023698,2.2,7.8,0.6484491978,9.8,0.9882352942,1.0,0.0734759358,10.0,0.8822459892,16.2,1.3605347594,36.2,3.1389304814,4.6,0.3787165776,0.2,0.02,46.2,4.0211764706,21.0,1.7592513368,67.2,5.7804278074,48.4,4.3260962566,1.0,0.0734759358,77.2,6.7804278084,193.8,16.960427806,0.4,0.4,0.4,0.4,1.269230769,2.2,30.0
Y1050357,0.6,140.0,228.6,0.6,11.8,21.2,0.6,19.2,28.4,0.0,3.2,2.4,0.8,0.2333333334,0.1666666666,0.538250394,1.4,2.6,0.3166666666,3.2,0.4,0.2,0.0166666666,1.8,0.1833333334,8.0,1.1,11.0,1.65,2.4,0.4,0.2,0.0166666666,12.8,1.8333333334,10.6,1.5166666666,23.4,3.35,16.6,2.45,0.2,0.0166666666,26.6,3.75,66.8,9.566666666,0.0,0.0,0.0,0.0,0.0,0.94,20.0
Y1050358,3.4,300.82333334,990.0,3.0,40.693333332,113.4,3.0,16.84,59.0,0.0,11.4,4.8,6.6,0.443095238,0.556904762,10.455885238,2.0,4.2,0.3134603174,10.8,0.9348571428,1.4,0.1517142858,11.0,0.6286507936,7.2,0.5030476192,20.2,1.6015079364,3.2,0.2968095238,0.4,0.0365714286,31.2,2.2301587302,10.8,0.8364285714,42.0,3.0665873016,33.2,2.776174603,1.4,0.1517142858,53.6,4.0915873016,130.2,10.0860634918,1.8,1.8,0.8,1.8,4.878461538,3.36,50.0
Y1050359,0.8,26.7,53.4,0.4,4.9,9.8,0.0,0.0,0.0,0.0,0.0,0.0,0.0,0.0,0.0,0.0,0.0,0.0,0.0,0.0,0.0,0.0,0.0,0.0,0.0,0.0,0.0,0.0,0.0,0.0,0.0,0.0,0.0,0.0,0.0,0.0,0.0,0.0,0.0,0.0,0.0,0.0,0.0,0.0,0.0,0.0,0.0,0.0,0.0,0.0,0.0,0.0,0.6,20.0
Y1050360,0.8,204.0,408.0,0.6,19.9,34.6,0.8,27.7,55.4,0.0,5.4,2.8,2.6,0.1666666666,0.2333333334,2.8940833438,1.6,3.4,0.2555555556,4.8,0.3333333334,0.8,0.0444444444,9.8,0.8222222222,21.0,1.5333333334,10.4,0.6,2.8,0.1777777778,0.6,0.0333333334,20.2,1.4222222222,24.4,1.7444444444,44.6,3.1666666666,17.4,1.0666666666,0.8,0.0444444444,50.0,3.5666666666,112.8,7.844444444,0.0,0.0,0.0,0.0,0.0,1.5,30.0
Y1050361,2.6,52.45,204.0,1.4,2.2333333334,8.2,1.8,15.9,42.6,0.0,5.0,3.4,1.6,0.41,0.39,10.158809906,1.8,2.8,0.4925,3.6,0.6575,1.0,0.09,19.0,1.9625,2.8,0.6125,12.2,2.7725,1.4,0.405,0.0,0.0,31.2,4.735,4.2,1.0175,35.4,5.7525,17.0,3.8225,1.0,0.09,40.4,6.5525,93.8,16.2175,0.2,0.2,0.2,0.2,0.384615385,2.08,30.0
Y1050362,5.4,223.22476192,1215.8,4.6,21.55,90.8,4.6,32.522857142,157.0,0.0,14.2,12.2,2.0,0.8737156176,0.1262843824,6.9274245846,1.8,8.2,0.531007659,13.8,0.9766153846,2.6,0.1881451882,9.4,0.527762904,16.6,1.1477296038,93.6,6.3242410922,11.6,0.7753473194,0.2,0.008,103.0,6.8520039958,28.4,1.931076923,131.4,8.7830809196,116.8,7.9114432236,2.6,0.1881451882,145.6,9.7830809196,396.4,26.665750252,2.0,2.0,1.0,2.0,7.044615385,7.52,80.0
Y1050363,0.0,0.0,0.0,0.0,0.0,0.0,0.0,0.0,0.0,0.0,0.0,0.0,0.0,0.0,0.0,0.0,0.0,0.0,0.0,0.0,0.0,0.0,0.0,0.0,0.0,0.0,0.0,0.0,0.0,0.0,0.0,0.0,0.0,0.0,0.0,0.0,0.0,0.0,0.0,0.0,0.0,0.0,0.0,0.0,0.0,0.0,0.0,0.0,0.0,0.0,0.0,0.0,0.0,0.0
Y1050364,3.4,167.76333334,676.2,2.4,12.166666666,39.0,3.2,34.54,132.0,0.0,11.2,6.4,4.8,0.440848041,0.359151959,5.134129166,2.0,8.0,0.5737928738,10.4,0.7395604396,0.8,0.0476190476,44.8,2.9514041514,25.6,1.7376401376,31.8,2.1906426904,5.4,0.377966478,0.4,0.0253968254,76.6,5.1420468416,31.4,2.141003441,108.0,7.2830502822,45.2,3.1333555332,0.8,0.0476190476,119.2,8.0830502822,273.2,18.547075146,0.6,0.6,0.4,0.6,4.076923077,7.8,72.0
Y1050365,3.8,314.81333334,1295.4,2.2,35.883333334,87.6,2.8,54.283333334,162.4,0.0,15.2,14.6,0.6,0.973939394,0.026060606,9.7464667988,2.2,6.8,0.5305627706,14.8,0.9796536798,2.2,0.1113852814,23.6,1.8651082252,13.2,1.1115584414,81.2,5.0483116882,18.4,1.4744155844,0.4,0.0242857142,104.8,6.9134199134,32.0,2.6102597404,136.8,9.5236796536,113.0,7.4356277056,2.2,0.1113852814,152.0,10.5236796534,404.0,27.594372294,2.0,2.0,1.4,2.0,9.692307692,8.6,96.0
Y1050366,0.4,291.0,291.0,0.4,36.0,36.0,0.4,16.0,16.0,0.0,3.6,2.6,1.0,0.3375,0.0625,3.4370882882,1.8,1.0,0.15,3.2,0.375,0.2,0.0125,2.8,0.525,2.6,0.95,3.0,0.7125,1.4,0.2625,0.0,0.0,5.8,1.2375,4.0,1.2125,9.8,2.45,7.6,1.35,0.2,0.0125,13.4,2.85,31.0,6.6625,0.0,0.0,0.0,0.0,0.0,0.4,10.0
Y1050367,2.2,316.31666666,1033.6,1.6,33.633333334,90.8,1.8,41.016666666,100.4,0.0,13.4,11.6,1.8,0.5158095238,0.0841904762,4.5483724406,1.6,7.4,0.328,12.2,0.5443809524,1.6,0.070095238,37.2,1.7059047618,14.4,0.6232380952,11.8,0.5131428572,7.8,0.3424761906,0.0,0.0,49.0,2.219047619,22.2,0.9657142858,71.2,3.1847619048,30.4,1.3379047618,1.6,0.070095238,84.6,3.7847619048,187.8,8.3775238102,1.8,1.8,0.8,1.8,7.269230769,8.46,90.0
Y1050368,1.0,188.5,278.8,0.6,11.8,20.2,0.6,21.4,33.4,0.0,2.8,1.2,1.6,0.2060606062,0.1939393938,2.7157864734,1.0,2.2,0.296969697,2.8,0.4,0.6,0.1515151516,11.6,1.0545454546,2.6,0.6727272728,14.8,2.8,0.8,0.2181818182,0.2,0.0181818182,26.4,3.8545454546,3.6,0.909090909,30.0,4.7636363636,18.0,3.2848484842,0.6,0.1515151516,32.8,5.163636364,81.4,13.363636364,0.0,0.0,0.0,0.0,0.0,0.8,20.0
Y1050369,1.0,182.53333334,404.6,0.6,31.6,49.8,0.6,19.4,28.2,0.0,4.4,2.8,1.6,0.2628571428,0.1371428572,0.96412876,1.6,2.2,0.2076190476,4.0,0.3733333334,0.4,0.0266666666,3.8,0.2990476192,3.4,0.3333333334,11.2,1.2038095238,1.6,0.1371428572,0.2,0.0133333334,15.0,1.5028571428,5.2,0.4838095238,20.2,1.9866666666,16.4,1.6723809524,0.6,0.04,24.6,2.3866666666,61.8,6.085714286,0.0,0.0,0.0,0.0,0.0,0.4,10.0
Y1050370,1.0,110.2,266.6,1.0,8.066666666,21.0,0.8,15.266666666,35.8,0.0,3.0,2.8,0.2,0.3,0.1,5.275515398,1.0,2.4,0.2692307692,3.0,0.4,0.6,0.1307692308,7.8,0.8538461538,8.6,1.3384615384,11.4,1.5538461538,2.8,0.3846153846,0.0,0.0,19.2,2.4076923076,11.4,1.723076923,30.6,4.13076923,16.6,2.2076923076,0.6,0.1307692308,33.6,4.53076923,81.4,11.0,0.0,0.0,0.0,0.0,0.0,1.4,20.0
Y1050371,1.2,178.466666666,198.2,0.4,5.4,5.4,0.4,23.2,23.2,0.0,2.4,1.0,1.4,0.090909091,0.309090909,1.1608430542,1.8,0.8,0.0727272728,2.4,0.4,0.0,0.0,0.4,0.0363636364,2.6,0.2363636364,14.6,1.509090909,2.0,0.7272727272,0.0,0.0,15.0,1.5454545454,4.6,0.9636363636,19.6,2.509090909,19.0,2.6363636364,0.0,0.0,22.0,2.909090909,60.6,8.054545454,0.0,0.0,0.0,0.0,0.0,4.0,40.0
Y1050372,2.8,473.2,1147.0,2.4,51.95,115.2,2.8,44.24,107.8,0.0,13.2,9.8,3.4,0.7196969696,0.2803030304,8.8263903368,3.0,8.4,0.5704545454,13.2,1.0,1.4,0.0856060604,26.6,2.0303030302,14.4,1.0856060606,35.6,2.2696969698,7.2,0.5556818182,1.4,0.0856060604,62.2,4.3,23.0,1.7268939394,85.2,6.0268939394,55.0,3.7696969698,1.8,0.1071969696,98.4,7.0268939394,240.4,16.930681818,2.0,2.0,1.4,2.0,8.057692308,3.6,50.0
Y1050373,0.8,17.266666666,48.6,0.4,7.0,7.0,0.2,1.6,1.6,0.0,0.6,0.4,0.2,0.1333333334,0.0666666666,0.547567537,0.8,0.0,0.0,0.6,0.2,0.2,0.0666666666,0.0,0.0,0.0,0.0,0.8,0.2666666666,0.2,0.0666666666,0.0,0.0,0.8,0.2666666666,0.2,0.0666666666,1.0,0.3333333334,1.4,0.4666666666,0.2,0.0666666666,1.6,0.5333333334,4.2,1.4,0.0,0.0,0.0,0.0,0.0,1.1,20.0
Y1050374,1.2,114.6,224.2,0.6,8.7,16.2,1.2,19.4,38.0,0.0,4.8,3.0,1.8,0.26,0.54,4.6825461876,2.8,2.6,0.4266666666,3.8,0.5266666666,1.0,0.0833333334,14.4,1.4033333334,5.0,0.4566666666,7.8,0.8666666666,2.6,0.23,0.4,0.0333333334,22.2,2.27,8.0,0.72,30.2,2.99,13.6,1.5666666666,1.0,0.0833333334,35.0,3.79,79.8,8.43,0.0,0.0,0.0,0.0,0.0,2.8,30.0
Y1050375,5.6,148.265714292,715.2,3.2,26.166666666,77.8,1.6,33.083333334,71.4,0.0,4.0,3.6,0.4,0.5,0.1,6.5862503098,1.6,3.2,0.4833333334,4.0,0.6,0.8,0.123015873,3.4,0.5801587302,23.6,3.7492063492,30.8,4.7476190476,7.8,1.1841269842,0.2,0.05,34.2,5.3277777778,31.6,4.9833333334,65.8,10.311111112,42.0,6.4587301584,0.8,0.123015873,69.8,10.911111112,178.4,27.803968254,0.0,0.0,0.0,0.0,0.0,2.5,30.0
Y1050376,4.8,211.81333334,1103.2,3.6,17.2,64.4,3.2,35.773333334,135.0,0.0,10.4,9.6,0.8,0.7272727272,0.0727272728,6.245035082,0.8,6.0,0.473385438,9.8,0.75828877,2.2,0.1559029206,45.8,3.6594816948,23.0,1.9153434798,41.6,3.3597696422,10.4,0.8317564788,0.2,0.0181818182,87.4,7.0192513372,33.6,2.765281777,121.0,9.7845331136,60.2,4.8384204022,2.2,0.1559029206,131.4,10.5845331136,314.8,25.36338955,2.0,2.0,1.4,2.0,7.948461538,8.76,90.0
Y1050377,1.8,60.7,133.8,1.0,4.3,6.2,0.6,5.0,6.0,0.0,3.4,2.4,1.0,0.2742857142,0.1257142858,4.3483730834,0.8,0.2,0.02,2.8,0.3314285714,0.6,0.0685714286,0.0,0.0,0.0,0.0,1.8,0.1971428572,0.0,0.0,0.0,0.0,1.8,0.1971428572,0.0,0.0,1.8,0.1971428572,4.4,0.5085714286,0.6,0.0685714286,5.2,0.5971428572,12.0,1.3714285714,1.0,1.0,0.6,1.0,1.692307692,4.34,40.0
Y1050378,3.6,709.83333332,2412.6,2.8,29.666666666,81.6,2.8,160.48333334,426.0,0.0,13.4,13.4,0.0,1.0,0.0,13.006620808,1.2,4.8,0.3050449552,13.4,1.0,4.8,0.3566766566,5.2,0.2641025642,14.4,0.813036963,232.8,19.686363636,152.8,14.667399268,0.4,0.0257575756,238.0,19.9504662,167.6,15.5061938066,405.6,35.456660004,394.6,35.022843824,5.0,0.3733433234,419.4,36.489993336,1224.6,107.342840494,1.8,1.8,1.0,1.8,9.230769231,8.76,93.0
Y1050379,4.6,142.026666674,647.8,3.2,19.633333334,64.4,4.2,9.2333333334,39.0,0.0,12.6,9.4,3.2,0.7289110888,0.2710889112,1.9627099054,2.4,1.6,0.1145188144,12.2,0.9703296704,0.8,0.0563369962,1.4,0.1011854812,0.4,0.0266666666,6.6,0.4964035966,12.0,0.8667798868,0.0,0.0,8.0,0.5975890776,12.4,0.8934465534,20.4,1.4910356312,30.4,2.3068464868,0.8,0.0563369962,33.0,2.4910356312,84.6,6.3452547462,0.0,0.0,0.0,0.0,0.0,7.48,60.0
Y1050380,5.4,174.60333334,996.0,3.2,40.1,117.8,1.6,23.4,58.6,0.0,4.6,3.4,1.2,0.4596153846,0.1403846154,7.2869178156,2.0,3.2,0.3884615384,4.6,0.6,0.4,0.0403846154,11.6,1.075,9.8,1.1653846154,26.0,3.126923077,3.2,0.4076923076,0.0,0.0,37.6,4.201923077,13.0,1.573076923,50.6,5.775,33.2,4.0692307692,0.4,0.0403846154,55.2,6.375,139.4,16.259615384,1.8,1.8,0.8,1.8,9.230769231,6.56,80.0
Y1050381,5.0,211.23,1058.8,4.2,26.2,111.0,4.8,22.273333334,108.6,0.0,13.8,11.4,2.4,0.813992674,0.186007326,10.974208195,1.0,10.0,0.7075641026,13.2,0.9546153846,2.2,0.1668681318,13.2,0.9116300366,23.6,1.5661904764,37.4,2.574084249,11.4,0.8097619046,1.0,0.0593406594,50.6,3.4857142858,36.0,2.4352930404,86.6,5.9210073262,60.2,4.2036446886,2.4,0.1763919414,100.4,6.9210073262,249.6,17.222051282,1.8,1.8,1.2,1.8,5.653846154,4.94,55.0
Y1050382,1.4,63.7,127.2,0.6,9.3,11.6,0.4,7.4,7.4,0.0,1.4,0.6,0.8,0.1666666666,0.2333333334,0.5079352258,1.2,0.8,0.25,0.8,0.2166666666,0.4,0.1166666666,1.0,0.2833333334,1.4,0.4333333334,1.2,0.3333333334,0.2,0.05,0.4,0.1333333334,2.2,0.6166666666,2.0,0.6166666666,4.2,1.2333333334,2.2,0.6,0.6,0.1833333334,5.6,1.6333333334,12.6,3.65,0.0,0.0,0.0,0.0,0.0,1.2,20.0
Y1050383,0.2,22.8,22.8,0.2,3.0,3.0,0.2,0.4,0.4,0.0,0.4,0.4,0.0,0.2,0.0,0.0682931574,0.4,0.0,0.0,0.2,0.1,0.2,0.1,0.0,0.0,0.0,0.0,0.0,0.0,0.0,0.0,0.0,0.0,0.0,0.0,0.0,0.0,0.0,0.0,0.2,0.1,0.2,0.1,0.4,0.2,0.8,0.4,0.0,0.0,0.0,0.0,0.0,0.4,10.0
Y1050384,2.6,334.58333334,973.2,1.8,24.933333332,63.2,2.4,60.7,174.6,0.2,9.4,7.0,2.4,0.5863553116,0.4136446884,6.008503125,1.8,7.4,0.8574175824,9.0,0.9703296704,2.2,0.1510989012,38.0,4.7647893774,40.0,4.2483516484,52.2,4.4114468864,12.2,0.973076923,1.2,0.0821428572,90.6,9.2059065936,53.4,5.3035714286,144.0,14.5094780216,71.0,6.1868589742,2.4,0.1653846154,153.4,15.509478022,370.8,36.371199632,0.0,0.0,0.0,0.0,0.0,1.9,30.0
Y1050385,3.6,384.74,1098.2,1.0,16.6,18.4,2.4,153.45,300.4,0.0,10.2,9.0,1.2,0.9084210526,0.0915789474,10.2112948254,3.8,9.2,0.8728070176,9.6,0.9433333334,3.0,0.2992982456,19.6,2.0464912282,90.8,9.4029824554,149.6,15.530526316,19.0,2.0285964912,0.6,0.0438596492,169.2,17.577017544,110.4,11.4754385972,279.6,29.05245614,175.2,18.205964912,3.0,0.2992982456,289.8,30.05245614,747.6,77.61017544,0.2,0.2,0.2,0.2,0.788461538,6.2,40.0
Y1050386,3.6,74.03,296.2,1.0,10.1,13.0,0.6,17.6,17.6,0.0,2.2,0.8,1.4,0.1142857142,0.4857142858,1.8509790654,1.6,1.4,0.4476190476,2.0,0.5714285714,0.0,0.0,0.8,0.2857142858,1.6,0.3428571428,7.0,1.038095238,1.8,0.2952380952,0.0,0.0,7.8,1.3238095238,3.4,0.638095238,11.2,1.961904762,10.8,1.9047619048,0.0,0.0,13.4,2.561904762,35.4,6.428571428,0.2,0.2,0.2,0.2,0.307692308,2.46,30.0
Y1050387,3.0,93.27809524,432.2,2.2,7.866666666,28.4,2.8,17.093333334,75.8,0.0,6.0,3.6,2.4,0.352121212,0.247878788,7.846923242,1.0,5.2,0.5173737374,5.6,0.5555555556,1.2,0.114949495,17.2,1.7662626262,18.2,1.8137373738,13.8,1.3828282828,7.4,0.7193939394,1.0,0.0927272728,31.0,3.149090909,26.6,2.6258585858,57.6,5.774949495,26.0,2.5751515152,1.2,0.114949495,63.6,6.374949495,148.4,14.84,0.0,0.0,0.0,0.0,0.0,0.4,10.0
Y1050388,0.0,0.0,0.0,0.0,0.0,0.0,0.0,0.0,0.0,0.0,0.0,0.0,0.0,0.0,0.0,0.0,0.0,0.0,0.0,0.0,0.0,0.0,0.0,0.0,0.0,0.0,0.0,0.0,0.0,0.0,0.0,0.0,0.0,0.0,0.0,0.0,0.0,0.0,0.0,0.0,0.0,0.0,0.0,0.0,0.0,0.0,0.0,0.0,0.0,0.0,0.0,0.0,2.2,20.0
Y1050389,0.0,0.0,0.0,0.0,0.0,0.0,0.0,0.0,0.0,0.0,0.0,0.0,0.0,0.0,0.0,0.0,0.0,0.0,0.0,0.0,0.0,0.0,0.0,0.0,0.0,0.0,0.0,0.0,0.0,0.0,0.0,0.0,0.0,0.0,0.0,0.0,0.0,0.0,0.0,0.0,0.0,0.0,0.0,0.0,0.0,0.0,0.0,0.0,0.0,0.0,0.0,0.0,0.0,0.0
Y1050390,0.2,15.0,15.0,0.2,1.8,1.8,0.0,0.0,0.0,0.0,0.0,0.0,0.0,0.0,0.0,0.0,0.0,0.0,0.0,0.0,0.0,0.0,0.0,0.0,0.0,0.0,0.0,0.0,0.0,0.0,0.0,0.0,0.0,0.0,0.0,0.0,0.0,0.0,0.0,0.0,0.0,0.0,0.0,0.0,0.0,0.0,0.0,0.0,0.0,0.0,0.0,0.0,0.4,10.0
Y1050391,0.2,138.0,138.0,0.2,11.4,11.4,0.2,13.2,13.2,0.0,3.0,2.2,0.8,0.1466666666,0.0533333334,0.3978518988,0.2,1.2,0.08,2.2,0.1466666666,1.0,0.0666666666,2.0,0.1333333334,2.6,0.1733333334,2.8,0.1866666666,1.0,0.0666666666,0.2,0.0133333334,4.8,0.32,3.8,0.2533333334,8.6,0.5733333334,5.4,0.36,1.0,0.0666666666,11.6,0.7733333334,26.6,1.7733333334,0.0,0.0,0.0,0.0,0.0,0.8,10.0
Y1050392,0.0,0.0,0.0,0.0,0.0,0.0,0.0,0.0,0.0,0.0,0.0,0.0,0.0,0.0,0.0,0.0,0.0,0.0,0.0,0.0,0.0,0.0,0.0,0.0,0.0,0.0,0.0,0.0,0.0,0.0,0.0,0.0,0.0,0.0,0.0,0.0,0.0,0.0,0.0,0.0,0.0,0.0,0.0,0.0,0.0,0.0,0.0,0.0,0.0,0.0,0.0,0.0,2.4,20.0
Y1050393,0.0,0.0,0.0,0.0,0.0,0.0,0.0,0.0,0.0,0.0,0.0,0.0,0.0,0.0,0.0,0.0,0.0,0.0,0.0,0.0,0.0,0.0,0.0,0.0,0.0,0.0,0.0,0.0,0.0,0.0,0.0,0.0,0.0,0.0,0.0,0.0,0.0,0.0,0.0,0.0,0.0,0.0,0.0,0.0,0.0,0.0,0.0,0.0,0.0,0.0,0.0,0.0,0.0,0.0
Y1050394,0.4,96.0,96.0,0.4,8.0,8.0,0.2,4.2,4.2,0.0,0.8,0.6,0.2,0.15,0.05,2.586633846,0.8,0.2,0.05,0.8,0.2,0.4,0.1,0.2,0.05,0.4,0.1,1.8,0.45,0.6,0.15,0.2,0.05,2.0,0.5,1.2,0.3,3.2,0.8,3.0,0.75,0.4,0.1,4.0,1.0,10.6,2.65,0.0,0.0,0.0,0.0,0.0,0.8,20.0
Y1050395,0.0,0.0,0.0,0.0,0.0,0.0,0.0,0.0,0.0,0.0,0.0,0.0,0.0,0.0,0.0,0.0,0.0,0.0,0.0,0.0,0.0,0.0,0.0,0.0,0.0,0.0,0.0,0.0,0.0,0.0,0.0,0.0,0.0,0.0,0.0,0.0,0.0,0.0,0.0,0.0,0.0,0.0,0.0,0.0,0.0,0.0,0.0,0.0,0.0,0.0,0.0,0.0,0.4,10.0
Y1050396,3.6,123.64523808,735.8,3.0,12.78,66.0,3.4,16.35,99.0,0.0,8.0,7.6,0.4,0.5714285714,0.0285714286,7.600787408,0.6,5.2,0.411038961,8.0,0.6,1.2,0.1006493506,36.2,2.4805194804,17.0,1.5987012986,22.2,1.4155844156,6.6,0.4337662338,0.8,0.0824675324,58.4,3.896103896,24.4,2.114935065,82.8,6.01103896,35.6,2.374025974,1.2,0.1006493506,90.8,6.61103896,210.4,15.096753246,0.6,0.6,0.4,0.6,1.211538462,1.2,20.0
Y1050397,0.0,0.0,0.0,0.0,0.0,0.0,0.0,0.0,0.0,0.0,0.0,0.0,0.0,0.0,0.0,0.0,0.0,0.0,0.0,0.0,0.0,0.0,0.0,0.0,0.0,0.0,0.0,0.0,0.0,0.0,0.0,0.0,0.0,0.0,0.0,0.0,0.0,0.0,0.0,0.0,0.0,0.0,0.0,0.0,0.0,0.0,0.0,0.0,0.0,0.0,0.0,0.0,1.2,20.0
Y1050398,0.2,61.0,61.0,0.2,6.4,6.4,0.2,3.4,3.4,0.0,1.0,1.0,0.0,0.2,0.0,0.2998508974,0.2,0.2,0.04,1.0,0.2,0.0,0.0,1.0,0.2,0.0,0.0,1.2,0.24,0.2,0.04,0.0,0.0,2.2,0.44,0.2,0.04,2.4,0.48,2.4,0.48,0.0,0.0,3.4,0.68,8.2,1.64,0.0,0.0,0.0,0.0,0.0,0.0,0.0
Y1050399,0.0,0.0,0.0,0.0,0.0,0.0,0.0,0.0,0.0,0.0,0.0,0.0,0.0,0.0,0.0,0.0,0.0,0.0,0.0,0.0,0.0,0.0,0.0,0.0,0.0,0.0,0.0,0.0,0.0,0.0,0.0,0.0,0.0,0.0,0.0,0.0,0.0,0.0,0.0,0.0,0.0,0.0,0.0,0.0,0.0,0.0,0.0,0.0,0.0,0.0,0.0,0.0,0.0,0.0
Y1050400,1.4,85.05,313.0,1.2,10.85,35.0,1.2,10.05,31.2,0.0,4.4,4.2,0.2,0.3875,0.0125,4.89234878,0.4,1.8,0.175,4.0,0.3541666666,1.6,0.1416666666,7.6,0.7666666666,3.0,0.25,10.0,0.8958333334,2.2,0.2208333334,0.4,0.025,17.6,1.6625,5.6,0.4958333334,23.2,2.1583333334,15.4,1.4,1.6,0.1416666666,27.6,2.5583333334,67.8,6.258333334,0.0,0.0,0.0,0.0,0.0,0.8,20.0
Y1050401,0.0,0.0,0.0,0.0,0.0,0.0,0.0,0.0,0.0,0.0,0.0,0.0,0.0,0.0,0.0,0.0,0.0,0.0,0.0,0.0,0.0,0.0,0.0,0.0,0.0,0.0,0.0,0.0,0.0,0.0,0.0,0.0,0.0,0.0,0.0,0.0,0.0,0.0,0.0,0.0,0.0,0.0,0.0,0.0,0.0,0.0,0.0,0.0,0.0,0.0,0.0,0.0,0.4,10.0
Y1050402,0.0,0.0,0.0,0.0,0.0,0.0,0.0,0.0,0.0,0.0,0.0,0.0,0.0,0.0,0.0,0.0,0.0,0.0,0.0,0.0,0.0,0.0,0.0,0.0,0.0,0.0,0.0,0.0,0.0,0.0,0.0,0.0,0.0,0.0,0.0,0.0,0.0,0.0,0.0,0.0,0.0,0.0,0.0,0.0,0.0,0.0,0.0,0.0,0.0,0.0,0.0,0.0,0.0,0.0
Y1050403,0.2,0.2,0.2,0.0,0.0,0.0,0.0,0.0,0.0,0.0,0.0,0.0,0.0,0.0,0.0,0.0,0.0,0.0,0.0,0.0,0.0,0.0,0.0,0.0,0.0,0.0,0.0,0.0,0.0,0.0,0.0,0.0,0.0,0.0,0.0,0.0,0.0,0.0,0.0,0.0,0.0,0.0,0.0,0.0,0.0,0.0,0.0,0.0,0.0,0.0,0.0,0.0,0.8,20.0
Y1050404,0.2,248.8,248.8,0.2,37.2,37.2,0.2,1.4,1.4,0.0,0.6,0.0,0.6,0.0,0.2,1.378613555,0.2,0.0,0.0,0.6,0.2,0.0,0.0,0.0,0.0,0.0,0.0,0.2,0.0666666666,0.2,0.0666666666,0.0,0.0,0.2,0.0666666666,0.2,0.0666666666,0.4,0.1333333334,1.0,0.3333333334,0.0,0.0,1.0,0.3333333334,2.4,0.8,0.0,0.0,0.0,0.0,0.0,0.0,10.0
Y1050405,0.0,0.0,0.0,0.0,0.0,0.0,0.0,0.0,0.0,0.0,0.0,0.0,0.0,0.0,0.0,0.0,0.0,0.0,0.0,0.0,0.0,0.0,0.0,0.0,0.0,0.0,0.0,0.0,0.0,0.0,0.0,0.0,0.0,0.0,0.0,0.0,0.0,0.0,0.0,0.0,0.0,0.0,0.0,0.0,0.0,0.0,0.0,0.0,0.0,0.0,0.0,0.0,0.4,10.0
Y1050406,0.2,255.0,255.0,0.2,41.4,41.4,0.2,3.2,3.2,0.0,0.4,0.0,0.4,0.0,0.2,2.47042433,0.2,0.4,0.2,0.2,0.1,0.0,0.0,0.0,0.0,0.0,0.0,0.4,0.2,0.0,0.0,0.0,0.0,0.4,0.2,0.0,0.0,0.4,0.2,0.4,0.2,0.0,0.0,0.8,0.4,1.6,0.8,0.0,0.0,0.0,0.0,0.0,0.4,10.0
Y1050407,1.0,157.6,205.0,0.6,11.2,12.6,0.6,8.8,8.8,0.2,2.0,1.4,0.6,0.4,0.2,6.815809464,2.4,1.0,0.2266666666,1.6,0.4333333334,0.2,0.1,1.0,0.3333333334,1.4,0.28,3.6,0.84,0.4,0.08,0.0,0.0,4.6,1.1733333334,1.8,0.36,6.4,1.5333333334,5.4,1.3133333334,0.2,0.1,8.4,2.1333333334,20.4,5.08,0.0,0.0,0.0,0.0,0.0,1.4,10.0
Y1050408,0.0,0.0,0.0,0.0,0.0,0.0,0.0,0.0,0.0,0.0,0.0,0.0,0.0,0.0,0.0,0.0,0.0,0.0,0.0,0.0,0.0,0.0,0.0,0.0,0.0,0.0,0.0,0.0,0.0,0.0,0.0,0.0,0.0,0.0,0.0,0.0,0.0,0.0,0.0,0.0,0.0,0.0,0.0,0.0,0.0,0.0,0.0,0.0,0.0,0.0,0.0,0.0,0.4,10.0
Y1050409,0.0,0.0,0.0,0.0,0.0,0.0,0.0,0.0,0.0,0.0,0.0,0.0,0.0,0.0,0.0,0.0,0.0,0.0,0.0,0.0,0.0,0.0,0.0,0.0,0.0,0.0,0.0,0.0,0.0,0.0,0.0,0.0,0.0,0.0,0.0,0.0,0.0,0.0,0.0,0.0,0.0,0.0,0.0,0.0,0.0,0.0,0.0,0.0,0.0,0.0,0.0,0.0,0.0,10.0
Y1050410,0.0,0.0,0.0,0.0,0.0,0.0,0.0,0.0,0.0,0.0,0.0,0.0,0.0,0.0,0.0,0.0,0.0,0.0,0.0,0.0,0.0,0.0,0.0,0.0,0.0,0.0,0.0,0.0,0.0,0.0,0.0,0.0,0.0,0.0,0.0,0.0,0.0,0.0,0.0,0.0,0.0,0.0,0.0,0.0,0.0,0.0,0.0,0.0,0.0,0.0,0.0,0.0,0.8,20.0
Y1050411,0.6,73.86666666,221.6,0.6,12.266666666,36.8,0.2,0.4,0.4,0.0,0.2,0.2,0.0,0.2,0.0,2.652234558,0.2,0.0,0.0,0.2,0.2,0.0,0.0,0.0,0.0,0.0,0.0,0.0,0.0,0.0,0.0,0.0,0.0,0.0,0.0,0.0,0.0,0.0,0.0,0.2,0.2,0.0,0.0,0.2,0.2,0.4,0.4,0.0,0.0,0.0,0.0,0.0,0.0,10.0
Y1050412,4.2,280.88666666,1335.2,2.4,23.816666666,73.2,3.6,58.81,249.8,0.0,12.0,9.2,2.8,0.6231185808,0.3768814192,1.2822666022,2.4,8.8,0.5920074696,11.8,0.9888888888,1.6,0.1016059756,61.0,3.968328665,34.4,2.2531092436,77.0,5.7881419234,19.4,1.2579831934,1.0,0.0593837534,138.0,9.7564705882,54.8,3.5704761906,192.8,13.32694678,107.6,7.9921381884,1.6,0.1016059756,205.0,14.341232494,507.0,35.761923436,0.0,0.0,0.0,0.0,0.538461538,3.2,30.0
Y1050413,4.4,292.63,1279.4,3.0,21.073333334,62.0,3.4,80.973333334,221.0,0.0,13.6,10.8,2.8,0.8094062078,0.1905937922,3.392765845,1.4,11.2,0.8571300046,13.4,0.9894736842,2.4,0.1881505046,12.4,1.2209465972,73.0,5.7630563582,76.8,5.5377199408,25.0,1.8603637298,1.2,0.0855349914,89.2,6.758666538,99.2,7.7089550798,188.4,14.4676216194,113.6,8.2600835422,2.4,0.1881505046,202.0,15.4676216194,506.4,38.383477282,1.8,1.8,0.8,1.8,5.480769231,4.4,60.0
Y1050414,4.8,368.70238094,1996.8,3.4,39.28,113.6,4.0,76.05,355.6,0.2,17.0,14.2,2.8,0.875,0.125,10.087104091,2.0,13.8,0.8972222222,16.2,0.9722222222,3.2,0.1507936508,60.2,2.7843253968,81.8,4.7666666666,137.6,8.1470238088,29.6,1.7833333334,1.0,0.055952381,197.8,10.9313492058,112.4,6.6059523806,310.2,17.537301586,180.4,10.7531746022,3.2,0.1507936508,327.2,18.537301586,821.0,46.978571428,1.8,1.8,1.2,1.8,7.230769231,4.0,53.0
Y1050415,3.0,225.20666666,810.2,1.4,14.05,23.2,3.0,39.48,165.6,0.0,11.8,8.4,3.4,0.544692954,0.255307046,4.3607735222,1.0,9.4,0.6518422752,11.2,0.7823529412,0.8,0.0330316742,30.4,1.3,22.6,1.6772074984,60.4,3.9478603748,17.0,1.150730446,0.2,0.005882353,91.0,5.2632449902,39.8,2.8338202974,130.8,8.0970652888,87.0,5.7921913388,0.8,0.0330316742,142.6,8.8970652888,361.2,22.819353588,0.2,0.2,0.2,0.2,0.743846154,2.6,30.0
Y1050416,6.0,204.06190474,1198.6,3.6,44.78,123.8,3.8,23.423333334,56.0,0.0,10.8,6.8,4.0,0.6346320348,0.3653679652,7.1267303446,1.6,5.0,0.4798557,9.6,0.8971428572,2.0,0.1867532468,9.8,1.0004040404,8.0,0.7219624818,5.4,0.502972583,9.0,0.8112554112,1.0,0.0942857142,15.2,1.5033766232,18.0,1.6275036074,33.2,3.130880231,22.2,2.0366810966,2.2,0.2067532468,44.0,4.130880231,101.6,9.505194805,1.8,1.8,1.0,1.8,7.769230769,5.7,63.0
Y1050417,3.6,209.76666666,844.8,2.2,19.216666668,62.6,2.4,48.2,124.2,0.0,8.8,6.4,2.4,0.7423076924,0.2576923076,8.4536691594,1.6,6.4,0.7038461538,8.6,0.95,0.4,0.0653846154,39.6,4.320979021,24.2,2.5599650348,27.6,2.975,6.2,0.6737762238,0.2,0.0153846154,67.2,7.295979021,30.6,3.2491258742,97.8,10.5451048942,41.0,4.397027972,0.4,0.0653846154,106.6,11.5451048942,245.8,26.552622378,1.6,1.6,0.8,1.6,5.480769231,5.76,62.0
Y1050418,1.4,413.4,528.0,1.0,58.4,72.8,0.8,8.8,8.8,0.0,2.6,2.0,0.6,0.3,0.5,9.2893596174,3.8,0.6,0.2222222222,2.6,0.8,0.4,0.0444444444,0.0,0.0,1.0,0.3444444444,2.4,0.8888888888,0.2,0.1,0.0,0.0,2.4,0.8888888888,1.2,0.4444444444,3.6,1.3333333334,4.8,1.7444444444,0.4,0.0444444444,6.2,2.1333333334,15.0,5.2555555556,1.2,1.2,0.6,1.2,0.923076923,0.94,20.0
Y1050419,0.8,130.7,261.4,0.4,21.4,21.4,0.8,14.5,29.0,0.0,2.8,2.2,0.6,0.28,0.12,4.0404613096,1.2,2.4,0.3377777778,2.6,0.36,0.0,0.0,2.6,0.4666666666,9.4,1.2044444444,10.0,1.2533333334,2.2,0.28,0.0,0.0,12.6,1.72,11.6,1.4844444444,24.2,3.204444444,14.6,1.8711111112,0.0,0.0,27.0,3.604444444,65.8,8.68,0.0,0.0,0.0,0.0,0.0,0.82,10.0
Y1050420,5.2,234.784761912,1144.4,4.2,28.916666666,118.8,2.2,6.4333333326,22.2,0.0,5.6,1.4,4.2,0.1228571428,0.4771428572,2.5031259654,1.2,2.6,0.2614285714,5.2,0.56,0.4,0.04,8.6,0.85,2.2,0.18,2.8,0.2571428572,0.4,0.07,0.0,0.0,11.4,1.1071428572,2.6,0.25,14.0,1.3571428572,7.6,0.8128571428,0.4,0.04,19.6,1.9571428572,41.6,4.1671428572,2.0,2.0,1.4,2.0,8.153846154,5.86,75.0
Y1050421,1.8,582.0,1069.8,1.8,71.2333333326,117.8,1.8,48.433333332,105.6,0.0,17.2,13.6,3.6,0.5903463204,0.2096536796,4.2952117468,1.4,10.0,0.505281385,14.0,0.656060606,2.8,0.1083549784,42.6,1.9593939394,12.8,0.525281385,10.0,0.4006060606,5.0,0.2063203464,0.6,0.0224242424,52.6,2.36,18.4,0.754025974,71.0,3.114025974,26.4,1.1380519482,2.8,0.1083549784,88.2,3.914025974,188.4,8.274458875,2.0,2.0,1.2,2.0,7.551538462,3.86,60.0
Y1050422,1.8,203.06666666,464.0,0.4,2.6,2.6,1.8,42.3,97.2,0.0,11.8,8.6,3.2,0.570995671,0.229004329,5.04231942,3.0,6.0,0.4309523808,9.6,0.6497835498,2.8,0.1898268398,16.8,0.7688311688,8.8,0.6326839828,31.0,2.308008658,18.6,1.4277056276,0.2,0.009090909,47.8,3.0768398268,27.6,2.0694805194,75.4,5.1463203464,56.8,4.2099567102,2.8,0.1898268398,87.2,5.9463203464,222.2,15.492424242,0.0,0.0,0.0,0.0,0.0,4.4,40.0
Y1050423,2.6,150.2,475.2,1.4,16.0,44.2,1.2,17.0,33.6,0.0,3.4,2.0,1.4,0.2603174602,0.3396825398,2.3496755968,2.4,2.2,0.2698412698,3.4,0.6,0.2,0.0222222222,4.6,0.5555555556,3.0,0.3904761906,16.6,2.2063492064,3.6,0.4634920636,0.0,0.0,21.2,2.761904762,6.6,0.853968254,27.8,3.6158730164,22.8,3.1809523806,0.2,0.0222222222,31.2,4.2158730164,82.0,11.034920636,0.0,0.0,0.0,0.0,0.0,0.74,10.0
Y1050424,2.2,350.15,928.2,2.0,43.5,93.2,2.0,51.483333334,103.4,0.0,10.2,9.4,0.8,0.7218599034,0.0781400966,7.969711426,1.2,7.8,0.6114624506,10.2,0.8,1.6,0.141490997,26.2,2.0449385156,22.0,1.6052810718,18.4,1.6048858148,11.4,0.864295125,0.6,0.0518774704,44.6,3.6498243304,34.0,2.5214536672,78.6,6.1712779976,38.2,3.1014273166,1.6,0.141490997,88.8,6.9712779982,207.2,16.385474308,0.0,0.0,0.0,0.0,0.0,1.56,30.0
Y1050425,0.0,0.0,0.0,0.0,0.0,0.0,0.0,0.0,0.0,0.0,0.0,0.0,0.0,0.0,0.0,0.0,0.0,0.0,0.0,0.0,0.0,0.0,0.0,0.0,0.0,0.0,0.0,0.0,0.0,0.0,0.0,0.0,0.0,0.0,0.0,0.0,0.0,0.0,0.0,0.0,0.0,0.0,0.0,0.0,0.0,0.0,0.0,0.0,0.0,0.0,0.0,0.0,0.0,10.0
Y1050426,1.8,228.75,530.2,1.2,29.8,59.6,1.6,20.2,42.2,0.0,7.2,4.8,2.4,0.3722222222,0.4277777778,6.4057591104,1.6,4.2,0.4722222222,6.8,0.6833333334,0.6,0.0388888888,9.6,1.1277777778,4.6,0.3722222222,10.0,0.8777777778,3.2,0.3277777778,0.2,0.0111111112,19.6,2.0055555554,8.0,0.7111111112,27.6,2.7166666666,19.2,1.838888889,0.6,0.0388888888,34.8,3.5166666666,82.2,8.111111112,0.0,0.0,0.0,0.0,0.0,5.2,40.0
Y1050427,2.6,321.750000006,953.8,1.8,39.95,97.2,1.8,30.4,89.0,0.0,12.2,10.2,2.0,0.5945299146,0.2054700854,10.032939598,2.2,5.8,0.3697435896,10.8,0.718974359,2.8,0.1405128206,23.0,0.971111111,23.8,1.2097435896,19.8,1.0668376068,3.8,0.1892307692,0.8,0.0341880342,42.8,2.037948718,28.4,1.4331623932,71.2,3.4711111112,33.0,1.9042735042,2.8,0.1405128206,83.4,4.2711111112,190.4,9.787008548,1.6,1.6,1.0,1.6,7.128461538,9.68,96.0
Y1050428,1.8,67.71666666,170.4,0.6,1.7,3.2,1.6,13.866666666,32.0,0.0,4.4,3.0,1.4,0.5,0.3,4.6635584712,2.0,2.2,0.4738095238,4.2,0.7714285714,1.4,0.2357142858,4.6,1.1857142858,1.6,0.3404761906,16.0,2.3261904762,2.0,0.2857142858,0.2,0.0166666666,20.6,3.511904762,3.8,0.6428571428,24.4,4.1547619048,20.4,3.1261904762,1.4,0.2357142858,28.8,4.9547619048,75.0,12.4714285714,0.0,0.0,0.0,0.0,0.0,0.8,20.0
Y1050429,1.2,75.16,343.8,0.6,1.5333333334,4.6,1.0,20.9,81.2,0.0,8.6,7.8,0.8,0.380952381,0.019047619,3.1616161372,1.6,5.8,0.138095238,7.6,0.3761904762,3.2,0.2714285714,15.4,0.3666666666,37.6,0.8952380952,6.8,0.7476190476,6.0,0.1428571428,1.2,0.0285714286,22.2,1.1142857142,44.8,1.0666666666,67.0,2.180952381,17.6,1.0047619048,3.4,0.2761904762,75.6,2.580952381,163.6,6.042857142,0.0,0.0,0.0,0.0,0.0,0.0,10.0
Y1050430,0.0,0.0,0.0,0.0,0.0,0.0,0.0,0.0,0.0,0.0,0.0,0.0,0.0,0.0,0.0,0.0,0.0,0.0,0.0,0.0,0.0,0.0,0.0,0.0,0.0,0.0,0.0,0.0,0.0,0.0,0.0,0.0,0.0,0.0,0.0,0.0,0.0,0.0,0.0,0.0,0.0,0.0,0.0,0.0,0.0,0.0,0.0,0.0,0.0,0.0,0.0,0.0,0.0,0.0
Y1050431,0.0,0.0,0.0,0.0,0.0,0.0,0.0,0.0,0.0,0.0,0.0,0.0,0.0,0.0,0.0,0.0,0.0,0.0,0.0,0.0,0.0,0.0,0.0,0.0,0.0,0.0,0.0,0.0,0.0,0.0,0.0,0.0,0.0,0.0,0.0,0.0,0.0,0.0,0.0,0.0,0.0,0.0,0.0,0.0,0.0,0.0,0.0,0.0,0.0,0.0,0.0,0.0,0.0,0.0
Y1050432,0.0,0.0,0.0,0.0,0.0,0.0,0.0,0.0,0.0,0.0,0.0,0.0,0.0,0.0,0.0,0.0,0.0,0.0,0.0,0.0,0.0,0.0,0.0,0.0,0.0,0.0,0.0,0.0,0.0,0.0,0.0,0.0,0.0,0.0,0.0,0.0,0.0,0.0,0.0,0.0,0.0,0.0,0.0,0.0,0.0,0.0,0.0,0.0,0.0,0.0,0.0,0.0,0.0,0.0
Y1050433,0.0,0.0,0.0,0.0,0.0,0.0,0.0,0.0,0.0,0.0,0.0,0.0,0.0,0.0,0.0,0.0,0.0,0.0,0.0,0.0,0.0,0.0,0.0,0.0,0.0,0.0,0.0,0.0,0.0,0.0,0.0,0.0,0.0,0.0,0.0,0.0,0.0,0.0,0.0,0.0,0.0,0.0,0.0,0.0,0.0,0.0,0.0,0.0,0.0,0.0,0.0,0.0,0.0,0.0
Y1050434,1.0,95.5,106.4,0.6,14.0,14.0,1.0,5.6,6.2,0.0,1.8,1.0,0.8,0.42,0.38,7.553675762,3.4,0.4,0.24,1.6,0.7,0.4,0.3,0.2,0.04,0.4,0.4,2.0,1.22,1.4,0.66,0.2,0.2,2.2,1.26,2.0,1.26,4.2,2.52,5.0,2.58,0.4,0.3,6.0,3.32,15.6,8.72,0.0,0.0,0.0,0.0,0.0,0.8,20.0
Y1050435,0.0,0.0,0.0,0.0,0.0,0.0,0.0,0.0,0.0,0.0,0.0,0.0,0.0,0.0,0.0,0.0,0.0,0.0,0.0,0.0,0.0,0.0,0.0,0.0,0.0,0.0,0.0,0.0,0.0,0.0,0.0,0.0,0.0,0.0,0.0,0.0,0.0,0.0,0.0,0.0,0.0,0.0,0.0,0.0,0.0,0.0,0.0,0.0,0.0,0.0,0.0,0.0,0.0,10.0
Y1050436,0.0,0.0,0.0,0.0,0.0,0.0,0.0,0.0,0.0,0.0,0.0,0.0,0.0,0.0,0.0,0.0,0.0,0.0,0.0,0.0,0.0,0.0,0.0,0.0,0.0,0.0,0.0,0.0,0.0,0.0,0.0,0.0,0.0,0.0,0.0,0.0,0.0,0.0,0.0,0.0,0.0,0.0,0.0,0.0,0.0,0.0,0.0,0.0,0.0,0.0,0.0,0.0,0.0,10.0
Y1050437,0.0,0.0,0.0,0.0,0.0,0.0,0.0,0.0,0.0,0.0,0.0,0.0,0.0,0.0,0.0,0.0,0.0,0.0,0.0,0.0,0.0,0.0,0.0,0.0,0.0,0.0,0.0,0.0,0.0,0.0,0.0,0.0,0.0,0.0,0.0,0.0,0.0,0.0,0.0,0.0,0.0,0.0,0.0,0.0,0.0,0.0,0.0,0.0,0.0,0.0,0.0,0.0,0.0,0.0
Y1050438,1.0,283.2,562.8,0.6,20.9,35.4,1.0,53.1,105.6,0.0,7.6,4.8,2.8,0.3444444446,0.2555555554,2.1530155598,2.0,5.6,0.2666666666,7.4,0.5925925926,0.2,0.0074074074,44.8,1.7481481482,11.8,0.4962962962,28.8,1.3925925926,7.2,0.311111111,0.2,0.0074074074,73.6,3.1407407402,19.2,0.8148148148,92.8,3.9555555558,43.0,2.2666666668,0.2,0.0074074074,100.4,4.5555555558,236.4,10.785185184,0.6,0.6,0.2,0.6,1.230769231,1.0,10.0
Y1050439,3.0,55.10238094,256.6,1.4,14.966666666,37.0,1.0,1.5333333334,2.6,0.0,2.0,0.0,2.0,0.0,0.6,3.6294859406,1.6,0.0,0.0,2.0,0.6,0.0,0.0,0.0,0.0,0.0,0.0,0.0,0.0,0.0,0.0,0.0,0.0,0.0,0.0,0.0,0.0,0.0,0.0,2.0,0.6,0.0,0.0,2.0,0.6,4.0,1.2,0.0,0.0,0.0,0.0,0.0,0.8,10.0
Y1050440,2.2,269.08333334,1010.4,2.0,27.95,93.0,2.0,34.45,114.8,0.0,14.6,11.6,3.0,0.4734756098,0.1265243902,5.850575744,1.6,8.6,0.3698170732,13.2,0.550609756,2.8,0.0987804878,22.0,0.8643292682,27.2,1.1207317074,26.8,1.225304878,12.0,0.5975609756,1.0,0.0320121952,48.8,2.0896341464,40.2,1.750304878,89.0,3.8399390244,49.0,2.2469512196,2.8,0.0987804878,103.6,4.4399390244,244.4,10.625609756,0.2,0.2,0.2,0.2,0.615384615,0.0,10.0
Y1050441,0.0,0.0,0.0,0.0,0.0,0.0,0.0,0.0,0.0,0.0,0.0,0.0,0.0,0.0,0.0,0.0,0.0,0.0,0.0,0.0,0.0,0.0,0.0,0.0,0.0,0.0,0.0,0.0,0.0,0.0,0.0,0.0,0.0,0.0,0.0,0.0,0.0,0.0,0.0,0.0,0.0,0.0,0.0,0.0,0.0,0.0,0.0,0.0,0.0,0.0,0.0,0.0,0.0,0.0
Y1050442,0.6,35.8,55.0,0.0,0.0,0.0,0.0,0.0,0.0,0.0,0.0,0.0,0.0,0.0,0.0,0.0,0.0,0.0,0.0,0.0,0.0,0.0,0.0,0.0,0.0,0.0,0.0,0.0,0.0,0.0,0.0,0.0,0.0,0.0,0.0,0.0,0.0,0.0,0.0,0.0,0.0,0.0,0.0,0.0,0.0,0.0,0.0,0.0,0.0,0.0,0.0,0.0,0.8,10.0
Y1050443,0.2,15.6,15.6,0.0,0.0,0.0,0.2,3.2,3.2,0.0,0.2,0.0,0.2,0.0,0.2,0.2793917518,0.2,0.2,0.2,0.2,0.2,0.0,0.0,1.2,1.2,0.0,0.0,1.4,1.4,0.0,0.0,0.0,0.0,2.6,2.6,0.0,0.0,2.6,2.6,1.4,1.4,0.0,0.0,2.8,2.8,6.8,6.8,0.0,0.0,0.0,0.0,0.0,0.0,0.0
Y1050444,1.2,77.2,120.8,0.4,2.4,2.4,1.0,21.2,22.2,0.0,4.0,2.6,1.4,0.538888889,0.261111111,2.2319191202,0.8,0.4,0.1,3.8,0.75,0.0,0.0,0.6,0.15,0.0,0.0,14.4,2.3777777778,1.4,0.2,0.0,0.0,15.0,2.5277777778,1.4,0.2,16.4,2.7277777778,19.6,3.3277777778,0.0,0.0,20.4,3.5277777778,56.4,9.583333334,0.2,0.2,0.2,0.2,0.0,0.4,10.0
Y1050445,2.0,104.299999994,262.0,0.6,1.2,2.0,1.4,36.2,71.6,0.0,6.6,2.6,4.0,0.2140873016,0.5859126984,4.7090085318,2.2,3.8,0.5087301586,6.6,0.8,0.0,0.0,21.4,2.5563492064,1.0,0.0946428572,35.2,2.9700396826,2.4,0.1952380952,0.0,0.0,56.6,5.5263888888,3.4,0.2898809524,60.0,5.8162698416,43.6,3.8859126984,0.0,0.0,66.6,6.6162698416,170.2,16.31845238,0.0,0.0,0.0,0.0,0.0,2.2,20.0
Y1050446,0.0,0.0,0.0,0.0,0.0,0.0,0.0,0.0,0.0,0.0,0.0,0.0,0.0,0.0,0.0,0.0,0.0,0.0,0.0,0.0,0.0,0.0,0.0,0.0,0.0,0.0,0.0,0.0,0.0,0.0,0.0,0.0,0.0,0.0,0.0,0.0,0.0,0.0,0.0,0.0,0.0,0.0,0.0,0.0,0.0,0.0,0.0,0.0,0.0,0.0,0.0,0.0,0.0,0.0
Y1050447,0.2,68.8,68.8,0.2,1.2,1.2,0.2,7.6,7.6,0.0,0.8,0.8,0.0,0.2,0.0,2.43176721,1.4,0.8,0.2,0.8,0.2,0.2,0.05,0.2,0.05,2.6,0.65,2.2,0.55,0.2,0.05,0.0,0.0,2.4,0.6,2.8,0.7,5.2,1.3,3.0,0.75,0.2,0.05,6.0,1.5,14.4,3.6,0.0,0.0,0.0,0.0,0.0,0.0,10.0
Y1050448,3.8,173.81333334,853.2,2.8,22.24,67.0,3.0,23.0,91.8,0.0,9.8,7.2,2.6,0.531372549,0.268627451,8.5087632122,2.4,3.8,0.349439776,9.6,0.7904761904,0.2,0.0117647058,6.8,0.4731092438,5.8,0.3894957984,50.2,3.3676470588,12.2,0.8526610644,0.2,0.0117647058,57.0,3.8407563024,18.2,1.2539215686,75.2,5.0946778704,71.8,5.0012605042,0.2,0.0117647058,85.0,5.8946778704,232.2,16.002380954,0.0,0.0,0.0,0.0,0.0,1.2,20.0
Y1050449,2.8,135.8,508.8,1.0,5.45,15.2,2.0,47.866666666,123.8,0.0,7.6,4.0,3.6,0.425,0.375,7.1899715808,3.8,6.8,0.6916666668,7.6,0.8,1.0,0.1,3.0,0.275,41.6,3.9416666668,55.6,4.575,8.6,0.6333333334,0.4,0.0166666666,58.6,4.85,50.6,4.5916666668,109.2,9.4416666674,70.0,5.841666666,1.0,0.1,116.8,10.2416666674,297.0,25.624999998,0.0,0.0,0.0,0.0,0.0,2.4,20.0
Y1050450,1.6,153.6,307.2,0.4,18.6,18.6,0.8,40.6,40.6,0.0,5.2,3.2,2.0,0.4,0.4,5.9333062082,3.4,2.4,0.24,5.2,0.8,0.8,0.1066666666,10.6,1.4533333334,5.0,0.4133333334,13.2,1.1466666666,2.0,0.16,0.0,0.0,23.8,2.6,7.0,0.5733333334,30.8,3.1733333334,19.4,1.9866666666,0.8,0.1066666666,36.0,3.9733333334,87.0,9.24,0.0,0.0,0.0,0.0,0.0,0.8,10.0
Y1050451,0.0,0.0,0.0,0.0,0.0,0.0,0.0,0.0,0.0,0.0,0.0,0.0,0.0,0.0,0.0,0.0,0.0,0.0,0.0,0.0,0.0,0.0,0.0,0.0,0.0,0.0,0.0,0.0,0.0,0.0,0.0,0.0,0.0,0.0,0.0,0.0,0.0,0.0,0.0,0.0,0.0,0.0,0.0,0.0,0.0,0.0,0.0,0.0,0.0,0.0,0.0,0.0,0.0,0.0
Y1050452,1.8,367.4,809.6,1.4,46.0,91.0,1.2,49.1,78.6,0.0,11.8,10.6,1.2,0.7454545454,0.0545454546,7.6647702684,3.4,7.2,0.3848484848,11.0,0.7484848484,1.6,0.2939393938,28.8,1.6068181818,8.6,0.4651515152,16.0,0.984090909,4.8,0.2303030302,0.4,0.0257575756,44.8,2.590909091,13.8,0.7212121212,58.6,3.312121212,30.6,1.7106060604,1.6,0.2939393938,70.4,4.112121212,161.2,9.4287878794,0.0,0.0,0.0,0.0,0.0,4.94,40.0
Y1050453,2.2,161.62666666,423.6,1.8,17.683333334,35.8,1.8,16.6,44.2,0.0,6.0,6.0,0.0,0.8,0.0,4.347807128,3.0,1.4,0.1215384616,5.8,0.7846153846,1.4,0.1423076924,1.2,0.0923076924,1.2,0.1061538462,26.0,2.904871795,5.0,0.5892307692,0.6,0.0461538462,27.2,2.9971794872,6.8,0.7415384616,34.0,3.7387179488,35.8,4.1671794872,1.8,0.173076923,40.0,4.5387179488,111.6,12.617692308,0.0,0.0,0.0,0.0,0.0,1.2,20.0
Y1050454,4.4,368.04666666,1386.8,2.6,48.366666666,124.6,3.2,39.793333334,125.0,0.0,16.0,6.8,9.2,0.4325714286,0.5674285714,8.1172543726,2.4,14.8,0.9394285716,13.4,0.872761905,0.6,0.0255238096,27.0,1.9666666666,30.6,2.206095238,27.2,1.8245714284,10.2,0.694857143,0.2,0.008,54.2,3.7912380952,41.0,2.9089523808,95.2,6.700190476,44.4,2.9457142856,0.6,0.0255238096,111.2,7.700190476,251.4,17.3716190472,2.0,2.0,1.0,2.0,9.0,9.88,90.0
Y9999984,3.8,211.65333334,918.0,2.2,14.466666666,43.0,3.2,38.36,132.6,0.0,13.0,11.4,1.6,0.833084886,0.166915114,11.013984181,2.6,10.4,0.7879503106,12.6,0.9513043478,2.4,0.1724016562,16.8,1.1911076604,48.4,3.529989648,22.8,1.8727122154,17.2,1.2900207038,1.6,0.120962733,39.6,3.0638198758,67.2,4.9409730848,106.8,8.004792961,50.0,3.9324637682,3.0,0.2310973084,119.8,9.004792961,279.6,21.173146998,0.8,0.8,0.6,0.8,3.5,7.06,66.0
Y9999985,1.0,434.3,686.0,1.0,53.2,85.0,0.8,25.8,39.6,0.0,3.0,0.8,2.2,0.08,0.52,5.7110168026,2.2,2.8,0.58,3.0,0.6,0.0,0.0,29.8,5.02,2.8,0.76,1.0,0.19,0.6,0.12,0.0,0.0,30.8,5.21,3.4,0.88,34.2,6.09,4.6,0.91,0.0,0.0,37.2,6.69,76.0,13.69,0.0,0.0,0.0,0.0,0.0,7.98,59.0
