username,active_num_days,active_avg_count,active_sum_count,problem_num_days,problem_avg_count,problem_sum_count,video_num_days,video_avg_count,video_sum_count,forum_num_days,forum_avg_count,forum_sum_count,num_watched,num_complete,num_incomplete,complete_rate,incomplete_rate,watched_time_hour,watched_time_weekday,seek_video_sum,seek_video_avg,pause_video_sum,pause_video_avg,stop_video_sum,stop_video_avg,video_forward_seek_sum,video_forward_seek_avg,video_backward_seek_sum,video_backward_seek_avg,video_pause_forward_seek_sum,video_pause_forward_seek_avg,video_pause_backward_seek_sum,video_pause_backward_seek_avg,video_stop_backward_seek_sum,video_stop_backward_seek_avg,all_type_video_forward_seek_sum,all_type_video_forward_seek_avg,all_type_video_backward_seek_sum,all_type_video_backward_seek_avg,all_type_video_seek_sum,all_type_video_seek_avg,video_pause_sum,video_pause_avg,video_stop_sum,video_stop_avg,video_play_sum,video_play_avg,video_events_sum,video_events_avg,mt_practice_sum,mt_unit_sum,mt_online_num_day,mt_online_practice_num_day,hw_mean,qz_mean,indicator,final_score
Y1050160,1.5,118.25,217.75,1.5,9.70833333325,18.25,1.5,10.2083333332,19.5,0.0,0.0,0.0,2.0,0.0,2.0,0.0,0.75,5.01620664375,0.75,1.5,0.5625,2.0,0.75,0.0,0.0,5.5,2.375,2.5,1.0625,5.25,2.625,1.25,0.3125,0.0,0.0,10.75,5.0,3.75,1.375,14.5,6.375,8.5,3.6875,0.0,0.0,16.5,7.125,39.5,17.1875,0.0,0.0,0.0,0.0,0.0,30.5,0.0,30.0
Y1050161,0.75,58.0,58.25,0.25,9.75,9.75,0.0,0.0,0.0,0.0,0.0,0.0,0.0,0.0,0.0,0.0,0.0,0.0,0.0,0.0,0.0,0.0,0.0,0.0,0.0,0.0,0.0,0.0,0.0,0.0,0.0,0.0,0.0,0.0,0.0,0.0,0.0,0.0,0.0,0.0,0.0,0.0,0.0,0.0,0.0,0.0,0.0,0.0,0.0,0.0,0.0,0.0,0.0,0.0,48.75,0.0,40.0
Y1050162,2.75,437.416666675,1261.25,2.75,20.2916666675,58.0,2.75,96.4999999825,278.5,0.0,0.0,0.0,11.25,8.75,2.5,0.77440476175,0.22559523825,11.2238196002,4.0,10.25,0.88214285725,11.0,0.98333333325,0.25,0.01785714275,48.0,3.79404761925,80.5,7.4666666675,95.0,8.72261904675,28.25,2.59761904775,0.25,0.01785714275,143.0,12.5166666675,109.0,10.0821428565,252.0,22.5988095225,133.75,12.2648809532,0.25,0.01785714275,263.25,23.5988095225,649.25,58.4803571425,0.0,0.0,0.0,0.0,0.0,38.75,0.0,30.0
Y1050163,0.0,0.0,0.0,0.0,0.0,0.0,0.0,0.0,0.0,0.0,0.0,0.0,0.0,0.0,0.0,0.0,0.0,0.0,0.0,0.0,0.0,0.0,0.0,0.0,0.0,0.0,0.0,0.0,0.0,0.0,0.0,0.0,0.0,0.0,0.0,0.0,0.0,0.0,0.0,0.0,0.0,0.0,0.0,0.0,0.0,0.0,0.0,0.0,0.0,0.0,0.0,0.0,0.0,0.0,0.0,0.0,0.0
Y1050164,0.0,0.0,0.0,0.0,0.0,0.0,0.0,0.0,0.0,0.0,0.0,0.0,0.0,0.0,0.0,0.0,0.0,0.0,0.0,0.0,0.0,0.0,0.0,0.0,0.0,0.0,0.0,0.0,0.0,0.0,0.0,0.0,0.0,0.0,0.0,0.0,0.0,0.0,0.0,0.0,0.0,0.0,0.0,0.0,0.0,0.0,0.0,0.0,0.0,0.0,0.0,0.0,0.0,0.0,0.0,0.0,0.0
Y1050165,0.25,1.0,1.0,0.0,0.0,0.0,0.0,0.0,0.0,0.0,0.0,0.0,0.0,0.0,0.0,0.0,0.0,0.0,0.0,0.0,0.0,0.0,0.0,0.0,0.0,0.0,0.0,0.0,0.0,0.0,0.0,0.0,0.0,0.0,0.0,0.0,0.0,0.0,0.0,0.0,0.0,0.0,0.0,0.0,0.0,0.0,0.0,0.0,0.0,0.0,0.0,0.0,0.0,0.0,0.0,0.0,0.0
Y1050166,1.0,13.25,26.5,0.25,0.25,0.25,0.5,2.25,4.5,0.0,0.0,0.0,0.25,0.0,0.25,0.0,0.25,0.31796453325,0.75,0.25,0.25,0.25,0.25,0.0,0.0,0.0,0.0,0.25,0.25,1.0,1.0,1.0,1.0,0.0,0.0,1.0,1.0,1.25,1.25,2.25,2.25,2.25,2.25,0.0,0.0,2.5,2.5,7.0,7.0,0.0,0.0,0.0,0.0,0.0,20.0,0.0,20.0
Y1050167,1.0,172.625,345.25,0.5,46.5,46.5,0.75,10.625,13.75,0.0,0.0,0.0,5.0,2.25,2.75,0.22474747475,0.27525252525,2.3931621665,2.0,1.75,0.1843434345,4.25,0.41666666675,0.25,0.02777777775,1.0,0.106060606,0.75,0.08333333325,4.25,0.42676767675,0.5,0.0505050505,0.0,0.0,5.25,0.53282828275,1.25,0.13383838375,6.5,0.66666666675,8.5,0.8434343435,0.25,0.02777777775,11.5,1.16666666675,26.75,2.7045454545,0.0,0.0,0.0,0.0,0.0,49.0,0.0,30.0
Y1050168,0.75,23.625,41.0,0.5,1.5,1.5,0.25,0.5,0.5,0.0,0.0,0.0,0.5,0.0,0.5,0.0,0.25,1.818384991,1.75,0.0,0.0,0.5,0.25,0.0,0.0,0.0,0.0,0.0,0.0,0.0,0.0,0.0,0.0,0.0,0.0,0.0,0.0,0.0,0.0,0.0,0.0,0.5,0.25,0.0,0.0,0.5,0.25,1.0,0.5,0.0,0.0,0.0,0.0,0.0,6.25,0.0,10.0
Y1050169,1.0,118.833333325,288.0,1.0,10.0,23.5,1.0,17.5,43.5,0.0,0.0,0.0,3.25,0.75,2.5,0.1704545455,0.3295454545,3.30204984225,1.75,2.0,0.38636363625,3.25,0.5,0.0,0.0,15.25,3.02272727275,7.0,0.63636363625,12.75,1.159090909,3.0,0.27272727275,0.0,0.0,28.0,4.18181818175,10.0,0.909090909,38.0,5.09090909,18.75,1.909090909,0.0,0.0,41.25,5.59090909,98.0,12.59090909,0.0,0.0,0.0,0.0,0.0,0.0,0.0,0.0
Y1050170,1.25,167.4375,358.5,1.0,15.25,27.75,1.25,14.9375,35.0,0.0,0.0,0.0,4.75,4.25,0.5,0.4285714285,0.0714285715,3.0015913525,2.25,2.25,0.23214285725,4.75,0.5,1.0,0.09821428575,1.25,0.10416666675,3.0,0.32440476175,18.0,1.70833333325,4.5,0.41964285725,0.0,0.0,19.25,1.8125,7.5,0.744047619,26.75,2.556547619,26.0,2.494047619,1.0,0.09821428575,31.5,3.056547619,85.25,8.2053571425,0.75,0.75,0.25,0.75,2.295833333,0.0,0.0,10.0
Y1050171,2.25,151.9375,395.5,2.0,20.625,54.25,2.0,6.0625,14.5,0.0,0.0,0.0,6.5,6.25,0.25,0.71428571425,0.03571428575,3.37197971425,1.5,0.5,0.05397727275,6.25,0.71428571425,1.25,0.15259740275,0.25,0.03125,0.5,0.05397727275,4.75,0.603896104,1.5,0.17491883125,0.0,0.0,5.0,0.635146104,2.0,0.228896104,7.0,0.86404220775,11.5,1.3762175325,1.25,0.15259740275,13.5,1.61404220775,33.25,4.0068993505,0.0,0.0,0.0,0.0,0.0,19.5,0.0,10.0
Y1050172,0.5,27.75,27.75,0.0,0.0,0.0,0.25,5.0,5.0,0.0,0.0,0.0,0.25,0.0,0.25,0.0,0.25,2.29706469375,0.25,0.0,0.0,0.25,0.25,0.0,0.0,0.0,0.0,0.0,0.0,4.75,4.75,0.0,0.0,0.0,0.0,4.75,4.75,0.0,0.0,4.75,4.75,5.0,5.0,0.0,0.0,5.0,5.0,14.75,14.75,0.0,0.0,0.0,0.0,0.0,23.25,0.0,10.0
Y1050173,3.25,296.070833325,661.25,2.25,26.6666666675,54.75,1.75,45.125,56.25,0.0,0.0,0.0,6.0,3.5,2.5,0.52083333325,0.47916666675,8.328536092,3.5,3.25,0.52083333325,5.75,0.97916666675,1.5,0.2916666665,7.25,1.0625,4.5,0.52083333325,27.75,5.29166666725,5.0,1.0625,0.25,0.08333333325,35.0,6.35416666675,9.75,1.66666666675,44.75,8.02083333325,37.25,7.12500000025,1.5,0.2916666665,50.75,9.02083333325,134.25,24.4583333325,0.5,0.5,0.25,0.5,0.666666667,80.75,1.0,70.0
Y1050174,5.75,128.071428575,682.75,3.5,26.416666665,89.75,1.0,8.0,11.25,0.0,0.0,0.0,2.25,1.75,0.5,0.45,0.3,5.23723337775,2.75,0.75,0.38333333325,2.0,0.5,0.5,0.13333333325,1.0,0.26666666675,0.25,0.08333333325,7.25,1.81666666675,0.25,0.08333333325,0.0,0.0,8.25,2.08333333325,0.5,0.16666666675,8.75,2.25,9.0,2.26666666675,0.5,0.13333333325,11.0,3.0,29.25,7.65,5.5,2.75,2.25,4.0,6.589166667,79.75,1.0,80.0
Y1050175,3.25,211.604166675,698.0,3.0,22.4791666675,66.25,3.25,14.9791666668,50.5,0.0,0.0,0.0,10.0,6.25,3.75,0.59650072125,0.40349927875,14.8008487675,1.75,5.75,0.6176046175,8.75,0.8432539685,1.0,0.091089466,4.25,0.4202741705,6.25,0.648268398,18.75,1.76334776325,5.75,0.49386724375,0.25,0.01785714275,23.0,2.1836219335,12.25,1.159992785,35.25,3.3436147185,32.0,2.967893218,1.0,0.091089466,45.25,4.3436147185,113.5,10.7462121218,0.75,0.5,0.5,0.5,0.75,39.75,0.0,30.0
Y1050176,4.5,256.604166675,1138.25,3.25,30.4583333325,99.25,3.75,29.1083333325,102.5,0.0,0.0,0.0,11.5,10.5,1.0,0.923076923,0.076923077,10.519409028,1.0,7.75,0.66336441325,11.5,1.0,0.0,0.0,33.25,3.028943279,10.75,0.9085081585,33.25,2.938034188,4.75,0.4341491845,0.0,0.0,66.5,5.96697746725,15.5,1.3426573425,82.0,7.30963480975,48.5,4.291763792,0.0,0.0,93.5,8.30963480975,224.0,19.91103341,11.75,3.0,1.75,3.5,9.436666667,79.0,1.0,90.0
Y1050177,2.75,334.395833332,878.25,1.0,56.0,69.75,1.25,55.5,84.0,0.0,0.0,0.0,6.0,3.5,2.5,0.3875,0.3625,8.41328746525,2.5,6.0,0.75,5.5,0.7,0.5,0.0875,25.75,3.2875,24.25,2.5375,7.75,0.85,8.0,0.8,0.5,0.0875,33.5,4.1375,32.75,3.425,66.25,7.5625,18.5,2.075,0.5,0.0875,72.25,8.3125,157.5,18.0375,0.25,0.25,0.25,0.25,0.0,19.5,0.0,20.0
Y1050178,0.25,73.75,73.75,0.25,3.5,3.5,0.25,13.0,13.0,0.0,0.0,0.0,2.75,1.5,1.25,0.13636363625,0.11363636375,1.48985027375,1.75,1.75,0.159090909,2.0,0.18181818175,0.75,0.06818181825,3.5,0.31818181825,0.75,0.06818181825,3.75,0.340909091,0.25,0.02272727275,0.0,0.0,7.25,0.659090909,1.0,0.090909091,8.25,0.75,5.0,0.4545454545,0.75,0.06818181825,11.0,1.0,25.0,2.27272727275,0.0,0.0,0.0,0.0,0.0,25.0,0.0,20.0
Y1050179,4.5,215.4375,994.25,3.0,26.5583333325,81.25,4.0,19.8333333342,88.0,0.0,0.0,0.0,10.0,8.75,1.25,0.83517156875,0.16482843125,12.7444339508,1.0,5.0,0.49693627475,9.75,0.98529411775,1.75,0.13174019625,13.0,0.9779411765,10.25,0.856617647,26.5,2.799632353,9.25,0.99203431375,1.5,0.112745098,39.5,3.7775735295,21.0,1.96139705875,60.5,5.73897058825,44.5,4.701593137,2.25,0.17340686275,70.5,6.73897058825,177.75,17.3529411775,3.75,1.75,2.25,2.25,8.0975,96.25,1.0,95.0
Y1050180,3.75,5.66666666675,23.0,0.0,0.0,0.0,0.0,0.0,0.0,0.0,0.0,0.0,0.0,0.0,0.0,0.0,0.0,0.0,0.0,0.0,0.0,0.0,0.0,0.0,0.0,0.0,0.0,0.0,0.0,0.0,0.0,0.0,0.0,0.0,0.0,0.0,0.0,0.0,0.0,0.0,0.0,0.0,0.0,0.0,0.0,0.0,0.0,0.0,0.0,0.0,0.0,0.0,0.0,0.0,41.5,0.0,40.0
Y1050181,1.75,82.0,195.75,1.0,18.0,36.0,0.0,0.0,0.0,0.0,0.0,0.0,0.0,0.0,0.0,0.0,0.0,0.0,0.0,0.0,0.0,0.0,0.0,0.0,0.0,0.0,0.0,0.0,0.0,0.0,0.0,0.0,0.0,0.0,0.0,0.0,0.0,0.0,0.0,0.0,0.0,0.0,0.0,0.0,0.0,0.0,0.0,0.0,0.0,0.0,0.0,0.0,0.0,0.0,33.75,0.0,20.0
Y1050182,4.5,221.275,1005.25,3.5,19.1666666675,65.25,4.0,27.0041666675,108.25,0.0,0.0,0.0,12.25,9.25,3.0,0.7450980395,0.2549019605,10.7980094897,1.0,8.25,0.68259803925,12.0,0.97916666675,3.25,0.25674019625,6.75,0.587622549,15.25,1.27696078425,41.75,3.680759804,19.75,1.64031862725,1.5,0.118872549,48.5,4.268382353,36.5,3.0361519605,85.0,7.30453431375,68.75,5.9099264705,3.25,0.25674019625,97.25,8.3045343145,254.25,21.775735295,2.25,1.5,2.5,2.0,6.791666667,86.25,1.0,90.0
Y1050183,0.0,0.0,0.0,0.0,0.0,0.0,0.0,0.0,0.0,0.0,0.0,0.0,0.0,0.0,0.0,0.0,0.0,0.0,0.0,0.0,0.0,0.0,0.0,0.0,0.0,0.0,0.0,0.0,0.0,0.0,0.0,0.0,0.0,0.0,0.0,0.0,0.0,0.0,0.0,0.0,0.0,0.0,0.0,0.0,0.0,0.0,0.0,0.0,0.0,0.0,0.0,0.0,0.0,0.0,0.0,0.0,10.0
Y1050184,0.25,15.5,15.5,0.0,0.0,0.0,0.0,0.0,0.0,0.0,0.0,0.0,0.0,0.0,0.0,0.0,0.0,0.0,0.0,0.0,0.0,0.0,0.0,0.0,0.0,0.0,0.0,0.0,0.0,0.0,0.0,0.0,0.0,0.0,0.0,0.0,0.0,0.0,0.0,0.0,0.0,0.0,0.0,0.0,0.0,0.0,0.0,0.0,0.0,0.0,0.0,0.0,0.0,0.0,5.75,0.0,10.0
Y1050185,6.0,125.452380952,710.75,2.25,20.9166666675,66.0,2.25,13.475,40.5,0.75,0.58333333325,1.75,9.25,7.5,1.75,0.9001976285,0.0998023715,4.96106624175,2.5,4.0,0.2450592885,8.0,0.71739130425,3.0,0.645256917,2.75,0.2144268775,5.0,0.28853754925,11.0,0.8596837945,4.0,0.2450592885,0.75,0.03260869575,13.75,1.074110672,9.75,0.5662055335,23.5,1.6403162055,21.0,1.41304347825,3.0,0.645256917,33.0,2.65118577075,80.5,6.3498023715,10.0,3.0,3.25,3.75,10.0,82.25,1.0,99.0
Y1050186,4.25,246.1625,1001.0,2.5,31.375,77.0,3.5,30.9166666675,109.5,0.0,0.0,0.0,10.75,8.75,2.0,0.75457875475,0.24542124525,5.7900444555,1.25,8.0,0.78617216125,10.25,0.9615384615,2.75,0.29853479875,26.25,3.17925824175,34.0,2.91666666675,20.0,1.744047619,8.5,0.65384615375,0.25,0.01923076925,46.25,4.9233058605,42.75,3.58974358975,89.0,8.5130494505,36.0,3.01900183175,2.75,0.29853479875,99.75,9.51304945025,227.5,21.34363553,4.25,2.5,1.5,3.0,8.326666667,78.25,1.0,85.0
Y1050187,0.0,0.0,0.0,0.0,0.0,0.0,0.0,0.0,0.0,0.0,0.0,0.0,0.0,0.0,0.0,0.0,0.0,0.0,0.0,0.0,0.0,0.0,0.0,0.0,0.0,0.0,0.0,0.0,0.0,0.0,0.0,0.0,0.0,0.0,0.0,0.0,0.0,0.0,0.0,0.0,0.0,0.0,0.0,0.0,0.0,0.0,0.0,0.0,0.0,0.0,0.0,0.0,0.0,0.0,17.5,0.0,20.0
Y1050188,3.5,90.5666666675,313.5,2.0,3.61666666675,14.75,2.0,24.5416666675,54.5,0.0,0.0,0.0,2.5,1.0,1.5,0.29166666675,0.70833333325,12.722635525,2.75,1.75,0.66666666675,2.5,1.0,0.25,0.08333333325,16.75,5.25,1.25,0.41666666675,25.5,9.4791666675,3.5,1.70833333325,0.0,0.0,42.25,14.7291666675,4.75,2.125,47.0,16.8541666675,31.0,12.0416666675,0.25,0.08333333325,49.5,17.8541666675,127.75,46.8333333325,0.0,0.0,0.0,0.0,1.583333333,47.25,0.0,45.0
Y1050189,3.5,329.083333325,982.0,2.75,35.9166666675,89.5,2.0,54.3333333325,96.75,0.0,0.0,0.0,11.75,10.75,1.0,0.892361111,0.107638889,12.1272899632,4.0,7.0,0.56066919175,11.0,0.936111111,1.5,0.1055555555,41.25,3.63080808075,18.75,1.57512626275,14.75,1.11887626275,7.0,0.61761363625,0.5,0.02777777775,56.0,4.7496843435,26.25,2.22051767675,82.25,6.97020202,32.5,2.65871212125,1.5,0.1055555555,94.0,7.97020202,210.25,17.7046717175,4.0,3.0,1.5,3.25,7.653333333,93.5,1.0,91.0
Y1050190,4.5,367.33333335,1547.25,3.5,28.5833333325,82.75,3.25,68.65,209.5,0.0,0.0,0.0,12.75,9.5,3.25,0.7354166665,0.2645833335,10.3984560982,2.0,11.0,0.85520833325,12.0,0.95104166675,1.75,0.13854166675,31.5,2.575,48.5,3.7104166665,70.0,5.3416666665,24.25,1.89375,1.0,0.084375,101.5,7.9166666675,73.75,5.68854166675,175.25,13.6052083325,103.75,7.9958333325,1.75,0.13854166675,188.0,14.6052083325,468.75,36.3447916675,5.75,2.75,1.25,4.5,7.399166667,81.25,1.0,90.0
Y1050191,3.5,357.333333325,796.5,2.25,16.3125,25.25,2.75,110.025,221.25,0.0,0.0,0.0,11.5,3.75,7.75,0.32638888875,0.67361111125,2.67620247975,3.5,10.25,0.92658730175,10.0,0.884920635,0.0,0.0,173.25,16.1760912725,10.25,0.86557539675,9.75,0.8893849205,5.0,0.46478174625,0.0,0.0,183.0,17.0654761925,15.25,1.33035714275,198.25,18.3958333325,24.0,2.189484127,0.0,0.0,209.75,19.3958333325,432.0,39.981150795,0.25,0.25,0.25,0.25,0.416666667,41.5,0.0,40.0
Y1050192,2.5,495.5,1173.0,2.0,69.0,138.0,2.0,37.5,75.0,0.0,0.0,0.0,13.0,10.75,2.25,0.8414554195,0.1585445805,10.284861724,3.0,7.25,0.55215617725,12.25,0.94791666675,0.75,0.059185606,18.5,1.41939831,17.5,1.36134178325,9.5,0.70509178325,7.25,0.57506555925,0.25,0.02083333325,28.0,2.12449009325,25.0,1.957240676,53.0,4.08173076925,26.5,2.05751019825,0.75,0.059185606,66.0,5.08173076925,146.25,11.2801573422,14.0,3.0,7.5,4.5,7.7225,61.5,1.0,70.0
Y1050193,1.5,48.1666666575,144.5,0.75,7.0,12.0,1.0,5.625,11.25,0.0,0.0,0.0,2.0,1.25,0.75,0.31666666675,0.18333333325,1.8386657085,1.0,1.0,0.26666666675,2.0,0.5,0.0,0.0,0.0,0.0,0.75,0.21666666675,5.5,1.36666666675,2.25,0.51666666675,0.0,0.0,5.5,1.36666666675,3.0,0.73333333325,8.5,2.1,9.25,2.25,0.0,0.0,10.5,2.6,28.25,6.95,0.0,0.0,0.0,0.0,0.0,13.75,0.0,20.0
Y1050194,2.25,251.416666675,529.75,1.75,22.125,38.5,1.5,47.0,71.5,0.0,0.0,0.0,4.5,2.25,2.25,0.398809524,0.601190476,14.6720579065,4.0,3.75,0.88690476175,4.5,1.0,0.25,0.0625,7.25,1.193452381,27.75,5.8601190475,19.25,3.648809524,5.25,0.943452381,0.0,0.0,26.5,4.84226190475,33.0,6.8035714285,59.5,11.6458333325,28.5,5.27976190475,0.25,0.0625,64.0,12.6458333325,152.25,29.6339285725,0.0,0.0,0.0,0.0,0.0,21.25,0.0,20.0
Y1050195,4.75,311.247023825,1456.75,3.5,24.3916666675,84.5,3.25,48.4791666675,153.75,0.0,0.0,0.0,10.0,9.0,1.0,0.9115384615,0.0884615385,12.2050339775,1.25,5.75,0.59890109875,10.0,1.0,1.75,0.19065934075,10.5,1.0846153845,14.75,1.52527472525,103.0,10.2975274725,11.0,1.09258241775,0.25,0.025,113.5,11.3821428575,26.0,2.64285714275,139.5,14.025,122.5,12.22445055,1.75,0.19065934075,149.5,15.025,413.25,41.46510989,0.75,0.75,0.5,0.75,0.875,53.75,0.0,40.0
Y1050196,1.0,13.3333333325,31.0,0.0,0.0,0.0,0.25,0.5,0.5,0.0,0.0,0.0,0.25,0.0,0.25,0.0,0.25,3.0170173425,0.75,0.0,0.0,0.25,0.25,0.0,0.0,0.0,0.0,0.0,0.0,0.0,0.0,0.0,0.0,0.0,0.0,0.0,0.0,0.0,0.0,0.0,0.0,0.25,0.25,0.0,0.0,0.25,0.25,0.5,0.5,0.0,0.0,0.0,0.0,0.0,5.0,0.0,10.0
Y1050197,3.0,507.3125,1588.75,2.75,35.375,96.5,2.75,95.5625,312.75,0.0,0.0,0.0,18.5,16.5,2.0,0.87183257925,0.12816742075,12.517960553,1.75,15.75,0.80837104075,16.75,0.913857466,4.5,0.2305995475,132.25,5.48146681875,58.0,2.85180995475,37.25,1.7586161385,22.75,1.1427413275,2.75,0.135143288,169.5,7.2400829575,83.5,4.12969457,253.0,11.3697775255,73.0,3.59317496225,4.75,0.23795248875,271.5,12.3697775255,602.25,27.570682505,2.75,2.5,2.75,2.5,5.333333333,80.75,1.0,80.0
Y1050198,1.25,82.125,143.25,0.75,7.875,13.75,1.0,11.125,14.5,0.0,0.0,0.0,2.0,1.5,0.5,0.375,0.375,10.6576017483,1.25,1.5,0.575,2.0,0.75,0.25,0.125,1.5,0.7,5.25,2.95,2.0,1.2,0.75,0.15,0.25,0.125,3.5,1.9,6.25,3.225,9.75,5.125,4.5,1.85,0.25,0.125,11.75,5.875,26.25,12.975,0.0,0.0,0.0,0.0,0.0,37.25,0.0,20.0
Y1050199,1.75,91.458333325,323.0,1.0,12.625,25.25,1.5,19.0,57.0,0.0,0.0,0.0,5.5,3.5,2.0,0.32916666675,0.17083333325,4.0811991235,0.5,3.5,0.30833333325,5.0,0.45833333325,0.75,0.06666666675,28.25,2.67916666675,8.0,0.70833333325,9.75,0.90833333325,2.25,0.20416666675,0.0,0.0,38.0,3.5875,10.25,0.9125,48.25,4.5,16.25,1.50416666675,0.75,0.06666666675,53.75,5.0,119.0,11.0708333325,5.5,1.5,2.5,1.75,3.958333333,30.0,0.0,30.0
Y1050200,2.75,249.625000025,704.5,1.25,9.2916666675,23.0,2.25,66.125,141.0,0.0,0.0,0.0,6.75,5.0,1.75,0.7359848485,0.2640151515,8.62823134375,1.5,4.5,0.646969697,6.75,1.0,0.0,0.0,1.5,0.2267045455,23.0,4.240340909,87.0,14.8299242415,10.25,1.90681818175,0.0,0.0,88.5,15.056628787,33.25,6.147159091,121.75,21.203787878,103.75,17.7140151508,0.0,0.0,128.5,22.203787878,354.0,61.12159091,0.0,0.0,0.0,0.0,0.0,25.25,0.0,30.0
Y1050201,3.5,245.479166675,854.25,3.0,20.3958333332,58.75,3.0,37.145833335,108.25,0.0,0.0,0.0,12.75,10.75,2.0,0.847064394,0.152935606,11.1261477563,1.25,9.0,0.71875,12.25,0.96164772725,1.0,0.08001893925,14.25,1.14157196975,15.0,1.20833333325,39.0,3.152935606,14.5,1.17708333325,0.25,0.02083333325,53.25,4.29450757575,29.75,2.40625,83.0,6.7007575755,63.5,5.10179924225,1.0,0.08001893925,95.75,7.7007575755,243.25,19.5833333325,5.0,1.5,1.5,2.75,6.745833333,61.5,1.0,68.0
Y1050202,4.25,261.9125,1089.5,3.25,27.5,89.25,3.25,34.0,111.5,0.0,0.0,0.0,11.75,11.25,0.5,0.9476190475,0.0523809525,11.2991001642,1.25,3.0,0.26408730175,11.75,1.0,3.75,0.34216269825,6.0,0.512251984,2.25,0.17495039675,72.5,6.25709325375,13.0,1.10664682525,0.75,0.0680059525,78.5,6.76934523825,16.0,1.34960317475,94.5,8.11894841275,94.0,8.07291666675,3.75,0.34216269825,106.25,9.11894841275,298.5,25.65297619,2.25,1.5,1.0,1.75,7.5975,73.75,1.0,75.0
Y1050203,0.25,3.0,3.0,0.0,0.0,0.0,0.25,0.5,0.5,0.0,0.0,0.0,0.25,0.0,0.25,0.0,0.25,0.10860450625,0.5,0.0,0.0,0.25,0.25,0.0,0.0,0.0,0.0,0.0,0.0,0.0,0.0,0.0,0.0,0.0,0.0,0.0,0.0,0.0,0.0,0.0,0.0,0.25,0.25,0.0,0.0,0.25,0.25,0.5,0.5,0.0,0.0,0.0,0.0,0.0,0.0,0.0,10.0
Y1050204,2.25,314.5625,651.5,1.5,32.125,42.5,2.25,32.0,64.5,0.0,0.0,0.0,14.5,12.25,2.25,0.8268328445,0.1731671555,3.80914468325,1.25,5.25,0.385190616,13.75,0.961143695,4.25,0.338269795,5.75,0.43269794725,12.75,0.99604105575,18.75,1.63592375375,6.5,0.6498533725,1.75,0.14237536675,24.5,2.068621701,21.0,1.78826979475,45.5,3.85689149575,37.0,3.08181818175,4.5,0.346334311,60.0,4.85689149575,147.0,12.1419354838,0.75,0.75,0.5,0.75,6.725833333,83.0,1.0,90.0
Y1050205,3.0,229.816666675,782.25,1.75,23.3125,56.75,2.5,20.0583333325,66.0,0.0,0.0,0.0,12.0,10.5,1.5,0.68428853775,0.06571146225,6.996962589,2.25,6.0,0.41123188425,11.75,0.73863636375,3.75,0.31241765475,2.0,0.08745059275,13.75,1.407279315,23.0,2.54150197625,6.0,0.48369565225,0.5,0.02272727275,25.0,2.62895256925,20.25,1.91370223975,45.25,4.54265480975,36.75,3.4420289855,3.75,0.31241765475,57.25,5.29265480975,143.0,13.5897562572,3.0,1.5,0.5,1.5,7.465833333,82.5,1.0,88.0
Y1050206,3.0,263.55,687.5,2.75,29.5625,76.25,2.75,11.6666666675,30.25,0.0,0.0,0.0,9.5,5.25,4.25,0.585081585,0.414918415,4.39851771975,1.75,3.0,0.31206293725,8.5,0.923076923,1.0,0.11487470875,4.5,0.651806527,4.0,0.39597902075,3.25,0.38629079275,1.5,0.1947115385,0.25,0.02272727275,7.75,1.03809731925,5.75,0.613417832,13.5,1.6515151515,12.75,1.4311625875,1.0,0.11487470875,23.0,2.6515151515,50.25,5.84906759825,0.0,0.0,0.0,0.0,1.916666667,82.5,1.0,70.0
Y1050207,0.75,465.0,465.0,0.25,1.75,1.75,0.75,150.75,150.75,0.0,0.0,0.0,11.0,6.25,4.75,0.40625,0.34375,7.0304286975,4.0,9.25,0.57986111125,8.25,0.6640625,1.25,0.0390625,91.5,3.64930555575,12.75,1.015625,17.0,1.45920138875,4.5,0.42708333325,0.75,0.0234375,108.5,5.1085069445,18.0,1.4661458335,126.5,6.57465277775,27.25,2.31684027775,1.25,0.0390625,137.5,7.32465277775,292.5,16.2552083325,0.0,0.0,0.0,0.0,0.0,70.75,0.0,40.0
Y1050208,6.0,209.946428575,1247.25,5.0,20.875,93.25,4.0,36.8625,115.25,0.0,0.0,0.0,8.25,3.25,5.0,0.39533730175,0.60466269825,7.206351201,3.0,8.0,0.97222222225,7.25,0.873015873,0.0,0.0,77.5,9.38045635075,6.75,0.8035714285,18.75,2.2356150795,1.0,0.11458333325,0.0,0.0,96.25,11.6160714285,7.75,0.918154762,104.0,12.53422619,26.75,3.19196428575,0.0,0.0,112.25,13.53422619,243.0,29.260416665,4.5,1.5,1.0,1.5,6.75,62.5,1.0,70.0
Y1050209,6.0,166.63690475,981.0,5.25,12.6,67.0,4.25,13.2916666675,55.75,0.0,0.0,0.0,14.25,5.25,9.0,0.425,0.575,3.27331392275,1.25,2.5,0.2,14.25,1.0,1.25,0.09583333325,6.25,0.44166666675,4.5,0.36666666675,17.0,1.46666666675,8.75,0.7,0.5,0.04166666675,23.25,1.90833333325,13.75,1.1083333335,37.0,3.01666666675,39.0,3.09166666675,1.25,0.09583333325,51.5,4.03333333325,128.75,10.2375000007,4.5,3.0,1.5,3.75,8.4875,78.5,1.0,85.0
Y1050210,1.25,93.333333325,269.75,0.75,14.75,28.25,0.75,5.125,9.5,0.0,0.0,0.0,2.25,1.25,1.0,0.15625,0.34375,2.8203230135,2.0,0.75,0.09375,2.25,0.5,0.0,0.0,1.0,0.125,0.25,0.03125,1.5,0.40625,0.75,0.09375,0.0,0.0,2.5,0.53125,1.0,0.125,3.5,0.65625,4.25,0.96875,0.0,0.0,5.75,1.15625,13.5,2.78125,0.0,0.0,0.0,0.0,0.0,27.5,0.0,20.0
Y1050211,1.5,417.625,583.25,1.25,32.125,40.0,1.25,72.875,96.25,0.0,0.0,0.0,6.25,4.75,1.5,0.6420454545,0.3579545455,9.0882799725,4.0,5.5,0.70833333325,6.0,0.75,0.5,0.27083333325,35.5,3.090909091,21.25,1.859848485,16.5,1.44128787875,4.5,0.61742424225,0.25,0.02083333325,52.0,4.5321969695,26.0,2.4981060605,78.0,7.03030303,25.5,2.452651515,0.5,0.27083333325,84.25,8.03030303,188.25,17.78409091,0.0,0.0,0.0,0.0,0.833333333,11.25,0.0,40.0
Y1050212,1.75,125.583333325,305.75,1.5,13.75,27.0,1.25,12.5,34.25,0.0,0.0,0.0,2.5,1.75,0.75,0.35416666675,0.14583333325,4.3990227255,0.5,1.5,0.29166666675,2.5,0.5,0.0,0.0,2.5,0.4375,15.0,2.5625,10.25,1.95833333325,2.5,0.47916666675,0.0,0.0,12.75,2.39583333325,17.5,3.0416666675,30.25,5.4375,15.25,2.9375,0.0,0.0,32.75,5.9375,78.25,14.3125,0.0,0.0,0.0,0.0,0.0,6.25,0.0,20.0
Y1050213,0.5,19.0,19.0,0.0,0.0,0.0,0.0,0.0,0.0,0.0,0.0,0.0,0.0,0.0,0.0,0.0,0.0,0.0,0.0,0.0,0.0,0.0,0.0,0.0,0.0,0.0,0.0,0.0,0.0,0.0,0.0,0.0,0.0,0.0,0.0,0.0,0.0,0.0,0.0,0.0,0.0,0.0,0.0,0.0,0.0,0.0,0.0,0.0,0.0,0.0,0.0,0.0,0.0,0.0,0.0,0.0,10.0
Y1050214,2.5,69.625,262.25,1.5,3.0,6.5,2.5,15.5666666675,63.0,0.0,0.0,0.0,4.25,3.25,1.0,0.4045454545,0.3454545455,9.770704265,0.75,3.0,0.3545454545,4.25,0.75,1.0,0.11818181825,9.75,1.26818181825,16.75,1.959090909,25.75,4.240909091,3.0,0.809090909,0.25,0.02272727275,35.5,5.509090909,20.0,2.790909091,55.5,8.3,31.75,5.659090909,1.0,0.11818181825,59.75,9.05,148.0,23.1272727275,0.25,0.25,0.25,0.25,0.083333333,24.5,0.0,20.0
Y1050215,2.0,95.975,312.75,1.0,17.6666666675,32.0,1.25,11.4375,21.75,0.0,0.0,0.0,6.25,5.5,0.75,0.455882353,0.044117647,5.7550232975,2.0,1.25,0.0900735295,6.0,0.48529411775,1.25,0.0900735295,1.75,0.18566176475,2.0,0.11764705875,5.5,0.455882353,2.75,0.2279411765,0.25,0.01470588225,7.25,0.64154411775,5.0,0.36029411775,12.25,1.00183823525,13.5,1.10845588225,1.25,0.0900735295,18.5,1.50183823525,45.5,3.70220588225,0.0,0.0,0.0,0.0,0.0,23.75,0.0,20.0
Y1050216,1.0,40.166666675,99.5,0.25,3.0,3.0,0.25,5.5,5.5,0.0,0.0,0.0,1.0,0.0,1.0,0.0,0.25,3.381390275,1.75,1.0,0.25,0.25,0.0625,0.0,0.0,1.0,0.25,1.0,0.25,1.25,0.3125,0.25,0.0625,0.0,0.0,2.25,0.5625,1.25,0.3125,3.5,0.875,1.5,0.375,0.0,0.0,4.5,1.125,9.5,2.375,0.0,0.0,0.0,0.0,0.0,5.0,0.0,10.0
Y1050217,0.0,0.0,0.0,0.0,0.0,0.0,0.0,0.0,0.0,0.0,0.0,0.0,0.0,0.0,0.0,0.0,0.0,0.0,0.0,0.0,0.0,0.0,0.0,0.0,0.0,0.0,0.0,0.0,0.0,0.0,0.0,0.0,0.0,0.0,0.0,0.0,0.0,0.0,0.0,0.0,0.0,0.0,0.0,0.0,0.0,0.0,0.0,0.0,0.0,0.0,0.0,0.0,0.0,0.0,0.0,0.0,10.0
Y1050218,0.0,0.0,0.0,0.0,0.0,0.0,0.0,0.0,0.0,0.0,0.0,0.0,0.0,0.0,0.0,0.0,0.0,0.0,0.0,0.0,0.0,0.0,0.0,0.0,0.0,0.0,0.0,0.0,0.0,0.0,0.0,0.0,0.0,0.0,0.0,0.0,0.0,0.0,0.0,0.0,0.0,0.0,0.0,0.0,0.0,0.0,0.0,0.0,0.0,0.0,0.0,0.0,0.0,0.0,0.0,0.0,10.0
Y1050219,1.25,129.625,205.75,0.75,17.125,27.0,1.0,5.5,9.0,0.0,0.0,0.0,3.25,0.0,3.25,0.0,0.75,10.51706909,1.75,2.75,0.4375,1.5,0.46875,0.0,0.0,2.75,0.375,0.0,0.0,2.75,0.40625,0.25,0.03125,0.0,0.0,5.5,0.78125,0.25,0.03125,5.75,0.8125,3.75,0.78125,0.0,0.0,9.0,1.5625,18.5,3.15625,0.0,0.0,0.0,0.0,0.0,31.0,0.0,20.0
Y1050220,2.25,194.375,579.75,1.25,9.83333333325,12.0,2.25,38.125,119.75,0.0,0.0,0.0,8.75,8.5,0.25,0.73684210525,0.01315789475,1.84355302475,1.25,7.5,0.618660287,8.75,0.75,1.5,0.1172248805,11.25,0.816028708,27.75,2.15287081325,40.0,2.96698564575,12.0,0.885645933,0.5,0.0358851675,51.25,3.78301435425,40.25,3.074401914,91.5,6.85741626875,59.0,4.4449760765,1.5,0.1172248805,100.25,7.60741626875,252.25,19.0270334925,0.0,0.0,0.0,0.0,0.0,27.5,0.0,30.0
Y1050221,3.5,213.60416665,727.5,2.25,40.7916666675,92.0,2.0,4.0,11.0,0.0,0.0,0.0,3.5,1.0,2.5,0.111111111,0.638888889,3.549176282,2.5,0.75,0.15277777775,3.25,0.6875,0.0,0.0,1.5,0.34027777775,0.25,0.0625,2.5,0.3125,0.75,0.1180555555,0.0,0.0,4.0,0.65277777775,1.0,0.1805555555,5.0,0.83333333325,6.5,1.1180555555,0.0,0.0,8.5,1.58333333325,20.0,3.53472222225,3.25,2.0,1.75,2.5,7.211666667,77.75,1.0,80.0
Y1050222,3.0,142.64583335,467.75,1.75,38.625,60.75,1.75,4.6666666675,13.5,0.0,0.0,0.0,3.0,1.25,1.75,0.21666666675,0.53333333325,5.85172542475,2.0,0.75,0.13333333325,3.0,0.75,0.0,0.0,5.25,0.9,0.5,0.08333333325,2.0,0.35833333325,1.0,0.175,0.0,0.0,7.25,1.25833333325,1.5,0.25833333325,8.75,1.51666666675,6.0,1.28333333325,0.0,0.0,11.75,2.26666666675,26.5,5.0666666675,0.0,0.0,0.0,0.0,0.0,58.25,0.0,50.0
Y1050223,2.0,268.458333325,733.75,1.75,27.25,57.75,1.75,30.8333333325,69.0,0.0,0.0,0.0,7.5,4.25,3.25,0.411931818,0.338068182,10.4818151475,3.25,6.5,0.65056818175,6.75,0.65625,0.75,0.0767045455,11.25,1.15056818175,7.0,0.63636363625,30.25,2.9204545455,4.75,0.440340909,0.5,0.0454545455,41.5,4.07102272725,12.25,1.122159091,53.75,5.19318181825,38.75,3.7357954545,1.0,0.09943181825,61.25,5.94318181825,154.75,14.9715909075,0.0,0.0,0.0,0.0,0.0,20.75,0.0,20.0
Y1050224,3.5,194.5625,652.0,2.25,21.5625,45.5,2.75,30.3958333325,85.75,0.0,0.0,0.0,10.5,7.75,2.75,0.73832417575,0.26167582425,2.9934105745,1.75,5.25,0.44986263725,10.25,0.98214285725,2.5,0.2496565935,12.25,1.04842032975,14.5,1.26201923075,24.25,2.55906593425,9.5,0.85954670325,1.25,0.12053571425,36.5,3.60748626375,25.25,2.2421016485,61.75,5.849587912,40.75,4.076923077,2.75,0.2675137365,72.5,6.880837912,177.75,17.0748626375,0.0,0.0,0.0,0.0,1.416666667,89.75,1.0,68.0
Y1050225,5.5,203.520833325,1126.75,4.25,23.5,97.0,5.0,26.2249999975,128.0,0.0,0.0,0.0,13.75,12.25,1.5,0.901388889,0.098611111,5.383865818,1.25,9.25,0.66527777775,13.25,0.96666666675,4.25,0.32916666675,26.75,1.926388889,28.25,2.111111111,28.25,2.1444444445,11.75,0.86666666675,2.75,0.20138888875,55.0,4.0708333335,42.75,3.1791666665,97.75,7.25,50.5,3.76388888875,4.5,0.3430555555,111.5,8.25,264.25,19.6069444425,5.0,2.5,2.5,3.5,6.941666667,72.0,1.0,75.0
Y1050226,1.25,153.5,281.25,0.0,0.0,0.0,1.25,24.875,45.75,0.0,0.0,0.0,10.25,6.25,4.0,0.4273504275,0.3226495725,1.1636684305,2.0,3.5,0.202991453,8.5,0.59615384625,2.0,0.13141025625,4.25,0.1816239315,4.0,0.262820513,9.25,0.67094017125,7.75,0.43910256425,0.0,0.0,13.5,0.85256410275,11.75,0.701923077,25.25,1.5544871795,24.0,1.6485042735,2.0,0.13141025625,35.5,2.3044871795,86.75,5.63888888875,0.0,0.0,0.0,0.0,0.0,55.5,0.0,40.0
Y1050227,1.5,118.25,236.5,1.0,8.0,15.0,1.25,14.5,22.0,0.0,0.0,0.0,4.0,1.5,2.5,0.325,0.425,6.530668192,2.5,2.75,0.54285714275,3.75,0.71428571425,0.0,0.0,1.5,0.26785714275,2.25,0.4714285715,11.5,2.2464285715,0.75,0.16071428575,0.0,0.0,13.0,2.51428571425,3.0,0.63214285725,16.0,3.1464285715,15.5,3.02321428575,0.0,0.0,20.0,3.8964285715,51.5,10.0660714275,0.0,0.0,0.0,0.0,0.0,17.5,0.0,10.0
Y1050228,4.25,345.0,1439.75,3.5,33.9375,100.5,4.25,42.8125,174.5,1.75,0.83333333325,2.0,17.25,10.25,7.0,0.59352425175,0.40647574825,7.5701699335,1.25,8.0,0.468988648,17.0,0.986111111,2.25,0.13145854825,31.75,1.8677072585,17.75,1.07937736475,79.25,4.566391469,17.0,0.97771757825,1.25,0.07385620925,111.0,6.43409872725,36.0,2.13095115225,147.0,8.5650498805,112.25,6.472617819,2.25,0.13145854825,164.25,9.5650498805,425.75,24.734176125,1.5,1.5,0.5,1.5,5.496666667,62.75,1.0,66.0
Y1050229,5.5,204.036309525,1136.0,3.75,23.7083333325,85.25,4.0,28.601190475,104.5,0.0,0.0,0.0,13.5,12.75,0.75,0.936111111,0.063888889,5.56685590625,2.75,6.0,0.47846700075,13.5,1.0,1.0,0.0763157895,5.5,0.3673767755,11.5,0.885839599,51.75,4.19078947375,16.0,1.23577694225,0.5,0.0263157895,57.25,4.558166249,28.0,2.147932331,85.25,6.70609857975,80.5,6.36340852125,1.0,0.0763157895,98.75,7.7060985805,265.5,20.85192147,11.0,3.0,2.25,5.5,9.9725,96.25,1.0,99.0
Y1050230,0.0,0.0,0.0,0.0,0.0,0.0,0.0,0.0,0.0,0.0,0.0,0.0,0.0,0.0,0.0,0.0,0.0,0.0,0.0,0.0,0.0,0.0,0.0,0.0,0.0,0.0,0.0,0.0,0.0,0.0,0.0,0.0,0.0,0.0,0.0,0.0,0.0,0.0,0.0,0.0,0.0,0.0,0.0,0.0,0.0,0.0,0.0,0.0,0.0,0.0,0.0,0.0,0.0,0.0,0.0,0.0,0.0
Y1050231,0.5,79.25,79.25,0.0,0.0,0.0,0.5,7.25,7.25,0.0,0.0,0.0,5.5,5.5,0.0,0.5,0.0,1.36234712775,1.5,0.0,0.0,3.5,0.325,2.0,0.175,0.0,0.0,0.0,0.0,0.25,0.025,0.0,0.0,0.0,0.0,0.25,0.025,0.0,0.0,0.25,0.025,3.75,0.35,2.0,0.175,5.75,0.525,11.75,1.075,0.0,0.0,0.0,0.0,0.0,0.0,0.0,10.0
Y1050232,1.0,110.75,221.5,0.75,5.375,7.0,0.75,32.25,39.75,0.0,0.0,0.0,2.0,1.5,0.5,0.375,0.125,2.566675805,1.25,1.5,0.375,2.0,0.5,0.25,0.0625,6.5,1.625,5.25,1.3125,13.25,3.3125,3.25,0.8125,0.25,0.0625,19.75,4.9375,8.75,2.1875,28.5,7.125,17.75,4.4375,0.5,0.125,30.5,7.625,77.25,19.3125,0.0,0.0,0.0,0.0,0.0,0.0,0.0,10.0
Y1050233,0.5,65.0,65.0,0.25,3.0,3.0,0.5,5.75,5.75,0.0,0.0,0.0,1.75,1.0,0.75,0.27083333325,0.22916666675,1.35912437725,1.5,0.25,0.08333333325,1.75,0.5,0.0,0.0,0.0,0.0,1.5,0.5,0.5,0.14583333325,0.25,0.0625,0.0,0.0,0.5,0.14583333325,1.75,0.5625,2.25,0.70833333325,2.25,0.625,0.0,0.0,4.0,1.20833333325,8.5,2.54166666675,0.0,0.0,0.0,0.0,0.0,0.0,0.0,10.0
Y1050234,0.25,40.75,40.75,0.0,0.0,0.0,0.25,3.0,3.0,0.0,0.0,0.0,2.25,2.25,0.0,0.25,0.0,0.74110746475,0.75,0.0,0.0,1.75,0.1944444445,0.5,0.0555555555,0.0,0.0,0.0,0.0,0.25,0.02777777775,0.0,0.0,0.0,0.0,0.25,0.02777777775,0.0,0.0,0.25,0.02777777775,2.0,0.22222222225,0.5,0.0555555555,2.5,0.27777777775,5.25,0.58333333325,0.0,0.0,0.0,0.0,0.0,0.0,0.0,10.0
Y1050235,0.5,39.5,39.5,0.0,0.0,0.0,0.5,4.25,4.25,0.0,0.0,0.0,1.75,1.25,0.5,0.25,0.25,1.42261276475,1.5,0.25,0.125,1.0,0.35,0.75,0.15,0.0,0.0,0.0,0.0,1.25,0.55,0.25,0.05,0.0,0.0,1.25,0.55,0.25,0.05,1.5,0.6,2.25,0.825,0.75,0.15,3.25,1.1,7.75,2.675,0.0,0.0,0.0,0.0,0.0,0.0,0.0,10.0
Y1050236,0.25,292.25,292.25,0.25,47.25,47.25,0.25,1.0,1.0,0.0,0.0,0.0,0.5,0.25,0.25,0.125,0.125,0.71190823375,0.75,0.0,0.0,0.5,0.25,0.0,0.0,0.0,0.0,0.0,0.0,0.25,0.125,0.25,0.125,0.0,0.0,0.25,0.125,0.25,0.125,0.5,0.25,1.0,0.5,0.0,0.0,1.0,0.5,2.5,1.25,4.25,1.0,4.5,1.0,0.416666667,0.0,0.0,20.0
Y1050237,0.0,0.0,0.0,0.0,0.0,0.0,0.0,0.0,0.0,0.0,0.0,0.0,0.0,0.0,0.0,0.0,0.0,0.0,0.0,0.0,0.0,0.0,0.0,0.0,0.0,0.0,0.0,0.0,0.0,0.0,0.0,0.0,0.0,0.0,0.0,0.0,0.0,0.0,0.0,0.0,0.0,0.0,0.0,0.0,0.0,0.0,0.0,0.0,0.0,0.0,0.0,0.0,0.0,0.0,0.0,0.0,0.0
Y1050238,0.75,587.75,587.75,0.75,94.75,94.75,0.5,5.25,5.25,0.0,0.0,0.0,1.0,0.0,1.0,0.0,0.5,1.37256742525,1.5,0.5,0.25,0.75,0.375,0.0,0.0,0.0,0.0,0.5,0.25,0.5,0.25,0.0,0.0,0.0,0.0,0.5,0.25,0.5,0.25,1.0,0.5,1.25,0.625,0.0,0.0,2.0,1.0,4.25,2.125,1.0,1.0,0.5,1.0,1.75,78.5,0.0,40.0
Y1050239,0.0,0.0,0.0,0.0,0.0,0.0,0.0,0.0,0.0,0.0,0.0,0.0,0.0,0.0,0.0,0.0,0.0,0.0,0.0,0.0,0.0,0.0,0.0,0.0,0.0,0.0,0.0,0.0,0.0,0.0,0.0,0.0,0.0,0.0,0.0,0.0,0.0,0.0,0.0,0.0,0.0,0.0,0.0,0.0,0.0,0.0,0.0,0.0,0.0,0.0,0.0,0.0,0.0,0.0,0.0,0.0,10.0
Y1050240,0.5,89.0,89.0,0.25,7.0,7.0,0.5,7.0,7.0,0.0,0.0,0.0,2.25,1.75,0.5,0.3875,0.1125,1.3845847295,1.5,0.25,0.0625,1.5,0.3375,1.0,0.2125,0.0,0.0,0.5,0.125,2.75,0.675,0.25,0.0625,0.0,0.0,2.75,0.675,0.75,0.1875,3.5,0.8625,4.0,0.9625,1.0,0.2125,5.75,1.3625,14.25,3.4,0.0,0.0,0.0,0.0,0.0,0.0,0.0,10.0
Y1050241,1.5,395.625,594.75,0.75,16.375,29.0,1.5,86.125,112.5,0.0,0.0,0.0,6.75,4.25,2.5,0.58035714275,0.41964285725,10.5320520035,2.25,4.25,0.6339285715,6.25,0.95089285725,0.5,0.0625,16.5,1.48214285725,9.25,1.1473214285,13.5,1.788690476,1.75,0.26934523825,0.25,0.03125,30.0,3.27083333325,11.25,1.44791666675,41.25,4.71875,20.75,2.8898809525,0.5,0.0625,48.0,5.71875,110.5,13.3898809525,0.0,0.0,0.0,0.0,0.0,25.0,0.0,20.0
Y1050242,0.75,101.25,163.75,0.5,0.75,1.5,0.75,27.125,42.75,0.0,0.0,0.0,3.5,2.5,1.0,0.3484848485,0.1515151515,3.34179194075,1.25,2.0,0.24242424225,3.0,0.393939394,1.5,0.25757575775,14.75,1.643939394,8.25,1.5984848485,6.0,0.78787878775,2.75,0.49242424225,0.75,0.12878787875,20.75,2.43181818175,11.75,2.2196969695,32.5,4.6515151515,11.0,1.5454545455,1.5,0.25757575775,36.0,5.15151515,81.0,11.606060605,0.0,0.0,0.0,0.0,0.0,20.0,0.0,20.0
Y1050243,0.5,88.25,88.25,0.0,0.0,0.0,0.5,11.75,11.75,0.0,0.0,0.0,4.25,3.75,0.5,0.4375,0.0625,1.43684619775,1.5,0.5,0.05902777775,2.5,0.295138889,2.25,0.263888889,0.0,0.0,0.25,0.02777777775,3.75,0.43402777775,1.0,0.11458333325,0.25,0.03125,3.75,0.43402777775,1.5,0.173611111,5.25,0.607638889,6.5,0.75347222225,2.5,0.295138889,9.5,1.107638889,23.75,2.763888889,0.0,0.0,0.0,0.0,0.0,0.0,0.0,10.0
Y1050244,0.5,89.5,89.5,0.25,1.75,1.75,0.5,13.0,13.0,0.0,0.0,0.0,2.5,2.0,0.5,0.4,0.1,1.46833793675,1.5,1.0,0.2,1.75,0.35,1.5,0.3,0.0,0.0,1.5,0.3,5.5,1.1,0.25,0.05,0.75,0.15,5.5,1.1,2.5,0.5,8.0,1.6,7.0,1.4,1.75,0.35,10.5,2.1,27.25,5.45,0.0,0.0,0.0,0.0,0.0,0.0,0.0,10.0
Y1050245,0.5,213.75,213.75,0.5,26.5,26.5,0.5,5.75,5.75,0.0,0.0,0.0,2.25,1.5,0.75,0.3125,0.1875,1.37125729975,1.5,0.5,0.1,2.0,0.45,0.25,0.05,0.25,0.05,1.0,0.2,0.75,0.15,0.25,0.05,0.0,0.0,1.0,0.2,1.25,0.25,2.25,0.45,2.75,0.6,0.25,0.05,4.5,0.95,9.75,2.05,0.0,0.0,0.0,0.0,0.0,0.0,0.0,10.0
Y1050246,0.5,66.75,66.75,0.5,8.0,8.0,0.5,4.25,4.25,0.0,0.0,0.0,0.75,0.5,0.25,0.375,0.125,1.642098389,1.5,0.25,0.125,0.75,0.5,0.0,0.0,1.0,0.5,0.5,0.25,0.5,0.5,0.0,0.0,0.0,0.0,1.5,1.0,0.5,0.25,2.0,1.25,1.25,1.0,0.0,0.0,2.75,1.75,6.0,4.0,3.25,1.25,3.5,1.75,2.7775,17.5,0.0,30.0
Y1050247,0.75,53.625,86.5,0.5,5.75,5.75,0.75,7.0,12.0,0.0,0.0,0.0,1.0,0.25,0.75,0.08333333325,0.41666666675,1.759854913,1.5,0.25,0.08333333325,1.0,0.5,0.0,0.0,0.5,0.16666666675,3.75,1.25,3.25,1.91666666675,1.0,0.5,0.0,0.0,3.75,2.08333333325,4.75,1.75,8.5,3.83333333325,5.25,2.91666666675,0.0,0.0,9.5,4.3333333325,23.25,11.0833333325,2.0,1.25,0.5,1.5,3.166666667,21.75,0.0,30.0
Y1050248,0.5,113.5,113.5,0.5,15.25,15.25,0.5,5.75,5.75,0.0,0.0,0.0,2.25,1.5,0.75,0.39285714275,0.10714285725,1.36168928275,1.5,0.5,0.0714285715,1.75,0.33928571425,0.5,0.16071428575,0.0,0.0,0.5,0.0714285715,0.25,0.03571428575,0.0,0.0,0.0,0.0,0.25,0.03571428575,0.5,0.0714285715,0.75,0.10714285725,1.75,0.33928571425,0.5,0.16071428575,3.0,0.60714285725,6.0,1.21428571425,0.25,0.25,0.25,0.25,0.5,28.75,0.0,30.0
Y1050249,0.5,105.0,105.0,0.25,6.25,6.25,0.5,6.25,6.25,0.0,0.0,0.0,4.0,3.25,0.75,0.40079365075,0.09920634925,1.2914011645,1.5,0.0,0.0,2.5,0.3174603175,1.5,0.1825396825,0.0,0.0,0.0,0.0,1.25,0.16269841275,0.0,0.0,0.0,0.0,1.25,0.16269841275,0.0,0.0,1.25,0.16269841275,3.75,0.48015873025,1.5,0.1825396825,5.25,0.66269841275,11.75,1.48809523825,0.0,0.0,0.0,0.0,0.0,36.25,0.0,30.0
Y1050250,0.25,39.25,39.25,0.0,0.0,0.0,0.25,3.5,3.5,0.0,0.0,0.0,3.0,3.0,0.0,0.25,0.0,0.61793099625,0.75,0.0,0.0,1.75,0.14583333325,1.25,0.10416666675,0.0,0.0,0.0,0.0,0.0,0.0,0.0,0.0,0.0,0.0,0.0,0.0,0.0,0.0,0.0,0.0,1.75,0.14583333325,1.25,0.10416666675,3.0,0.25,6.0,0.5,0.0,0.0,0.0,0.0,0.0,0.0,0.0,10.0
Y1050251,0.5,86.0,86.0,0.0,0.0,0.0,0.5,7.5,7.5,0.0,0.0,0.0,5.0,5.0,0.0,0.5,0.0,1.320257735,1.5,0.0,0.0,2.75,0.2803030305,2.5,0.24242424225,0.0,0.0,0.0,0.0,2.0,0.202020202,0.0,0.0,0.0,0.0,2.0,0.202020202,0.0,0.0,2.0,0.202020202,4.5,0.4595959595,2.5,0.24242424225,7.0,0.702020202,16.0,1.606060606,0.0,0.0,0.0,0.0,0.0,0.0,0.0,0.0
Y1050252,0.5,216.75,216.75,0.5,26.5,26.5,0.5,8.5,8.5,0.0,0.0,0.0,2.5,1.75,0.75,0.25,0.25,1.3607886785,1.5,0.75,0.2023809525,1.5,0.3095238095,0.75,0.10714285725,0.0,0.0,1.75,0.34523809525,2.0,0.4285714285,0.5,0.16666666675,0.0,0.0,2.0,0.4285714285,2.25,0.51190476175,4.25,0.9404761905,4.0,0.90476190475,0.75,0.10714285725,6.75,1.4404761905,15.75,3.39285714275,0.0,0.0,0.0,0.0,0.0,0.0,0.0,10.0
Y1050253,0.5,241.75,241.75,0.5,28.5,28.5,0.5,13.75,13.75,0.0,0.0,0.0,1.5,0.25,1.25,0.05,0.45,1.3026632615,1.5,0.25,0.25,1.5,0.5,0.0,0.0,0.0,0.0,0.5,0.5,9.25,2.25,0.5,0.3,0.0,0.0,9.25,2.25,1.0,0.8,10.25,3.05,11.25,3.05,0.0,0.0,11.75,3.55,33.25,9.65,0.0,0.0,0.0,0.0,0.0,10.0,0.0,10.0
Y1050254,0.5,375.25,375.25,0.5,55.75,55.75,0.5,6.75,6.75,0.0,0.0,0.0,1.5,0.5,1.0,0.1875,0.3125,1.4095688205,1.5,1.0,0.25,1.25,0.375,0.25,0.125,1.0,0.25,0.25,0.0625,2.5,0.8125,0.0,0.0,0.0,0.0,3.5,1.0625,0.25,0.0625,3.75,1.125,3.5,1.125,0.25,0.125,5.25,1.625,12.75,4.0,0.25,0.25,0.25,0.25,0.0,17.5,0.0,20.0
Y1050255,2.25,186.229166675,577.0,1.5,49.375,65.25,2.25,12.9791666675,39.25,0.0,0.0,0.0,5.25,4.25,1.0,0.65,0.1,6.4121749485,1.75,3.0,0.511111111,5.0,0.725,0.75,0.07777777775,14.25,1.8444444445,7.75,1.09166666675,4.5,0.7694444445,3.25,0.64166666675,0.5,0.05277777775,18.75,2.613888889,11.5,1.786111111,30.25,4.4,12.5,2.10833333325,0.75,0.07777777775,35.5,5.15,79.0,11.736111111,3.0,1.5,1.0,2.0,2.805833333,61.0,0.0,40.0
Y1050256,0.5,515.25,515.25,0.5,71.5,71.5,0.5,4.5,4.5,0.0,0.0,0.0,0.5,0.0,0.5,0.0,0.25,0.6891141065,0.75,0.25,0.125,0.5,0.25,0.0,0.0,0.0,0.0,0.5,0.25,0.75,0.375,0.0,0.0,0.0,0.0,0.75,0.375,0.5,0.25,1.25,0.625,1.0,0.5,0.0,0.0,1.75,0.875,4.0,2.0,0.75,0.5,0.5,0.5,0.333333333,41.0,0.0,30.0
Y1050257,1.0,101.75,142.25,0.75,16.0,16.0,0.5,10.75,10.75,0.0,0.0,0.0,1.5,0.5,1.0,0.1875,0.3125,1.37561918375,1.5,0.75,0.1875,1.5,0.5,0.0,0.0,4.0,1.0,1.25,0.3125,2.5,0.625,0.25,0.0625,0.0,0.0,6.5,1.625,1.5,0.375,8.0,2.0,4.0,1.125,0.0,0.0,9.5,2.5,21.5,5.625,0.0,0.0,0.0,0.0,0.0,81.25,0.0,40.0
Y1050258,0.5,269.25,269.25,0.5,28.5,28.5,0.5,20.25,20.25,0.0,0.0,0.0,2.5,1.25,1.25,0.25,0.25,1.46917030625,1.5,1.5,0.33333333325,2.5,0.5,0.5,0.125,2.25,0.47916666675,8.75,1.97916666675,2.0,0.47916666675,1.25,0.29166666675,0.0,0.0,4.25,0.95833333325,10.0,2.27083333325,14.25,3.22916666675,5.0,1.08333333325,0.5,0.125,16.75,3.72916666675,36.5,8.16666666675,0.0,0.0,0.0,0.0,0.0,0.0,0.0,10.0
Y1050259,1.75,411.916666675,985.25,1.5,55.9583333325,103.5,1.5,46.5833333325,77.0,0.0,0.0,0.0,12.0,11.5,0.5,0.70833333325,0.04166666675,5.34754226725,3.5,6.75,0.43687290975,11.75,0.73913043475,2.0,0.10528149375,16.5,1.20164437,10.0,0.69418896325,29.75,2.0360925305,7.0,0.41910535125,0.25,0.01086956525,46.25,3.237736901,17.25,1.1241638795,63.5,4.3619007805,47.0,3.110785953,2.0,0.10528149375,75.5,5.1119007805,188.0,12.68986901,4.25,3.0,4.5,3.25,6.468333333,93.75,1.0,80.0
Y1050260,1.75,797.5,997.5,1.5,60.375,77.25,1.75,64.0,86.75,0.0,0.0,0.0,11.0,8.5,2.5,0.673611111,0.326388889,8.37964013775,4.5,8.25,0.8211805555,10.0,0.92534722225,1.5,0.0850694445,5.5,0.3663194445,20.0,2.44965277775,30.75,3.576388889,9.0,0.798611111,0.5,0.029513889,36.25,3.94270833325,29.5,3.27777777775,65.75,7.220486111,47.5,5.1493055555,1.5,0.0850694445,76.75,8.220486111,191.5,20.6753472225,0.0,0.0,0.0,0.0,0.0,66.5,0.0,50.0
Y1050261,6.25,116.555952375,764.0,2.75,36.1416666675,100.0,0.0,0.0,0.0,0.0,0.0,0.0,0.0,0.0,0.0,0.0,0.0,0.0,0.0,0.0,0.0,0.0,0.0,0.0,0.0,0.0,0.0,0.0,0.0,0.0,0.0,0.0,0.0,0.0,0.0,0.0,0.0,0.0,0.0,0.0,0.0,0.0,0.0,0.0,0.0,0.0,0.0,0.0,0.0,2.5,2.5,1.0,2.5,6.389166667,76.75,1.0,82.0
Y1050262,1.5,118.833333333,149.0,0.75,11.25,11.25,1.0,7.75,7.75,0.0,0.0,0.0,2.5,2.0,0.5,0.6875,0.3125,4.2590956855,3.5,1.0,0.4375,2.5,1.0,0.25,0.0625,1.75,0.8125,0.25,0.0625,1.5,0.75,0.25,0.25,0.0,0.0,3.25,1.5625,0.5,0.3125,3.75,1.875,3.75,1.6875,0.25,0.0625,6.25,2.875,14.0,6.5,0.25,0.25,0.25,0.25,0.333333333,90.0,0.0,50.0
Y1050263,1.75,251.125,436.0,0.25,13.5,13.5,0.25,50.5,50.5,0.0,0.0,0.0,2.5,2.5,0.0,0.25,0.0,0.46194511875,0.25,2.25,0.225,2.5,0.25,0.25,0.025,0.25,0.025,10.25,1.025,20.75,2.075,15.25,1.525,0.0,0.0,21.0,2.1,25.5,2.55,46.5,4.65,38.25,3.825,0.25,0.025,49.0,4.9,134.0,13.4,0.0,0.0,0.0,0.0,0.0,60.0,0.0,40.0
Y1050264,2.25,228.854166675,636.5,1.5,43.1666666675,71.0,1.5,21.4583333325,39.0,0.0,0.0,0.0,10.0,9.25,0.75,0.6978609625,0.0521390375,5.607668064,3.25,1.0,0.0828877005,9.0,0.67702762925,3.25,0.2557932265,0.0,0.0,1.75,0.159090909,18.25,1.40608288775,3.75,0.330993761,0.25,0.02272727275,18.25,1.40608288775,5.75,0.51281194275,24.0,1.9188948305,28.75,2.23930481275,3.25,0.2557932265,34.0,2.6688948305,90.0,7.08288769975,0.0,0.0,0.0,0.0,0.0,82.75,0.0,40.0
Y1050265,0.75,172.875,225.25,0.75,11.25,13.75,0.75,18.5,23.0,0.0,0.0,0.0,4.25,4.25,0.0,0.5,0.0,2.24741618775,2.0,1.75,0.215909091,3.75,0.4356060605,1.75,0.215909091,7.5,1.25,2.25,0.26136363625,5.5,0.6893939395,1.0,0.090909091,1.25,0.1704545455,13.0,1.9393939395,4.5,0.52272727275,17.5,2.46212121225,10.0,1.19318181825,2.0,0.25757575775,21.75,2.96212121225,51.25,6.875,0.0,0.0,0.0,0.0,0.0,35.0,0.0,20.0
Y1050266,2.0,277.9375,585.0,2.0,23.3125,48.0,2.0,32.5,74.0,0.0,0.0,0.0,7.75,7.0,0.75,0.91883116875,0.08116883125,10.4739200813,3.0,2.5,0.241883117,7.25,0.9415584415,1.75,0.179383117,5.25,0.5938852815,6.5,0.556547619,44.75,6.13744588775,6.0,0.5560064935,0.5,0.043560606,50.0,6.73133116875,13.0,1.1561147185,63.0,7.8874458885,57.25,7.55762987,1.75,0.179383117,70.75,8.8874458885,192.75,24.51190476,0.0,0.0,0.0,0.0,0.0,84.0,0.0,40.0
Y1050267,3.0,255.895833325,864.25,2.75,26.8375,86.25,2.75,12.8875,47.5,0.0,0.0,0.0,10.0,6.75,3.25,0.510576923,0.239423077,4.37832044775,0.75,6.75,0.496474359,8.5,0.64070512825,1.75,0.13012820525,5.25,0.38493589725,10.0,0.73044871775,15.25,1.13076923075,4.5,0.3346153845,0.0,0.0,20.5,1.515705128,14.5,1.0650641025,35.0,2.58076923075,24.5,1.825,1.75,0.13012820525,45.0,3.33076923075,106.25,7.86666666575,0.25,0.25,0.25,0.25,0.333333333,54.25,0.0,30.0
Y1050268,4.75,141.041666675,691.25,3.0,16.0416666675,63.0,3.0,8.5541666675,34.0,2.0,1.33333333325,3.25,9.5,5.75,3.75,0.45512820525,0.29487179475,3.9765780215,0.75,2.0,0.15705128225,9.0,0.7115384615,1.75,0.137820513,3.75,0.3012820515,3.25,0.25961538475,6.75,0.5256410255,3.5,0.278846154,0.5,0.0400641025,10.5,0.82692307675,7.25,0.578525641,17.75,1.405448718,17.75,1.3974358975,2.0,0.15705128225,27.25,2.155448718,64.75,5.11538461525,0.0,0.0,0.0,0.0,0.0,81.0,1.0,60.0
Y1050269,0.0,0.0,0.0,0.0,0.0,0.0,0.0,0.0,0.0,0.0,0.0,0.0,0.0,0.0,0.0,0.0,0.0,0.0,0.0,0.0,0.0,0.0,0.0,0.0,0.0,0.0,0.0,0.0,0.0,0.0,0.0,0.0,0.0,0.0,0.0,0.0,0.0,0.0,0.0,0.0,0.0,0.0,0.0,0.0,0.0,0.0,0.0,0.0,0.0,0.0,0.0,0.0,0.0,0.0,12.5,0.0,10.0
Y1050270,1.0,163.583333325,259.25,1.0,21.8333333325,32.5,1.0,7.9166666675,14.25,0.0,0.0,0.0,5.0,2.75,2.25,0.275,0.225,5.987153735,2.75,2.5,0.25,3.75,0.375,0.5,0.05,0.25,0.025,0.75,0.075,5.25,0.525,1.0,0.1,0.0,0.0,5.5,0.55,1.75,0.175,7.25,0.725,9.0,0.9,0.5,0.05,12.25,1.225,29.0,2.9,2.25,1.5,0.75,1.5,4.444166667,47.5,0.0,40.0
Y1050271,0.0,0.0,0.0,0.0,0.0,0.0,0.0,0.0,0.0,0.0,0.0,0.0,0.0,0.0,0.0,0.0,0.0,0.0,0.0,0.0,0.0,0.0,0.0,0.0,0.0,0.0,0.0,0.0,0.0,0.0,0.0,0.0,0.0,0.0,0.0,0.0,0.0,0.0,0.0,0.0,0.0,0.0,0.0,0.0,0.0,0.0,0.0,0.0,0.0,0.0,0.0,0.0,0.0,0.0,0.0,0.0,0.0
Y1050272,0.0,0.0,0.0,0.0,0.0,0.0,0.0,0.0,0.0,0.0,0.0,0.0,0.0,0.0,0.0,0.0,0.0,0.0,0.0,0.0,0.0,0.0,0.0,0.0,0.0,0.0,0.0,0.0,0.0,0.0,0.0,0.0,0.0,0.0,0.0,0.0,0.0,0.0,0.0,0.0,0.0,0.0,0.0,0.0,0.0,0.0,0.0,0.0,0.0,0.0,0.0,0.0,0.0,0.0,0.0,0.0,0.0
Y1050273,0.75,40.75,56.5,0.0,0.0,0.0,0.25,2.5,2.5,0.0,0.0,0.0,0.25,0.0,0.25,0.0,0.25,0.93379230575,0.5,0.25,0.25,0.25,0.25,0.0,0.0,1.25,1.25,0.0,0.0,0.25,0.25,0.25,0.25,0.0,0.0,1.5,1.5,0.25,0.25,1.75,1.75,0.5,0.5,0.0,0.0,2.0,2.0,4.25,4.25,2.0,1.5,0.75,1.75,4.375,53.5,0.0,40.0
Y9999986,2.75,362.916666675,879.0,2.25,31.0416666675,64.25,2.25,47.916666665,106.75,0.0,0.0,0.0,10.0,8.25,1.75,0.79922161175,0.20077838825,9.316354773,3.25,6.25,0.610462454,9.75,0.97916666675,2.25,0.194368132,12.25,1.12442765575,35.75,3.49542124525,33.75,3.08150183175,11.75,1.086195055,0.5,0.04166666675,46.0,4.205929487,48.0,4.623282967,94.0,8.82921245425,53.25,4.97332875475,2.25,0.194368132,104.0,9.8292124535,253.5,23.826121795,0.75,0.5,0.5,0.5,1.0,67.0,0.0,58.0
Y9999987,0.0,0.0,0.0,0.0,0.0,0.0,0.0,0.0,0.0,0.0,0.0,0.0,0.0,0.0,0.0,0.0,0.0,0.0,0.0,0.0,0.0,0.0,0.0,0.0,0.0,0.0,0.0,0.0,0.0,0.0,0.0,0.0,0.0,0.0,0.0,0.0,0.0,0.0,0.0,0.0,0.0,0.0,0.0,0.0,0.0,0.0,0.0,0.0,0.0,0.0,0.0,0.0,0.0,0.0,48.25,0.0,27.0
Y9999988,2.5,255.979166668,388.0,0.75,12.0,12.0,1.25,27.375,30.5,0.0,0.0,0.0,8.25,5.25,3.0,0.641919192,0.358080808,10.8592975382,5.25,3.25,0.3808080805,7.5,0.9295454545,0.5,0.04772727275,3.75,0.429040404,3.0,0.30757575775,5.75,0.75681818175,3.0,0.3805555555,0.0,0.0,9.5,1.185858586,6.0,0.68813131325,15.5,1.873989899,15.0,1.94318181825,0.5,0.04772727275,23.75,2.873989899,54.75,6.738888889,0.0,0.0,0.0,0.0,0.0,48.25,0.0,33.0
Y9999989,1.0,379.625,457.75,0.75,66.0,66.0,1.0,7.25,8.75,0.0,0.0,0.0,5.0,5.0,0.0,0.75,0.0,9.7895477175,3.75,0.0,0.0,3.75,0.5625,1.25,0.1875,0.0,0.0,0.0,0.0,0.0,0.0,0.25,0.03125,0.0,0.0,0.0,0.0,0.25,0.03125,0.25,0.03125,4.0,0.59375,1.25,0.1875,5.25,0.78125,10.75,1.59375,0.0,0.0,0.0,0.0,0.0,73.25,0.0,59.0
Y9999990,4.25,198.083333318,862.25,3.25,21.9,71.25,3.0,34.3125,102.0,0.0,0.0,0.0,12.0,11.5,0.5,0.91666666675,0.08333333325,9.95610965875,1.5,4.5,0.39659244275,12.0,1.0,2.0,0.22697368425,7.25,0.5319669365,6.0,0.54310053975,64.25,5.7507591095,7.75,0.57742914975,0.25,0.01315789475,71.5,6.28272604575,14.0,1.13368758425,85.5,7.41641363025,82.25,7.1143724695,2.0,0.22697368425,97.5,8.41641363075,267.25,23.1741734125,0.0,0.0,0.0,0.0,0.0,87.0,1.0,63.0
Y9999991,1.0,387.5,471.5,0.75,48.625,56.25,0.5,48.0,48.0,0.0,0.0,0.0,5.75,4.75,1.0,0.4375,0.0625,4.81218604,3.25,3.75,0.2745535715,5.0,0.39285714275,1.0,0.14285714275,31.75,2.125,1.0,0.08258928575,5.0,0.4129464285,0.5,0.05133928575,0.25,0.03571428575,36.75,2.5379464285,1.75,0.16964285725,38.5,2.70758928575,10.25,0.84151785725,1.0,0.14285714275,44.25,3.20758928575,94.0,6.8995535715,0.0,0.0,0.0,0.0,0.0,70.75,0.0,36.0
Y9999992,2.0,357.6875,562.75,2.0,37.75,58.5,2.0,22.4375,35.75,0.0,0.0,0.0,11.5,11.25,0.25,0.97916666675,0.02083333325,13.746928212,3.75,2.0,0.17900641025,10.0,0.89383012825,2.75,0.22588141025,1.0,0.08333333325,3.5,0.2927884615,12.0,1.03213141025,4.25,0.428445513,0.5,0.03125,13.0,1.11546474375,8.25,0.7524839745,21.25,1.86794871775,25.25,2.250320513,3.0,0.24150641025,32.75,2.86794871775,82.25,7.227724359,0.0,0.0,0.0,0.0,0.0,43.25,0.0,38.0
Y9999993,1.75,650.8125,1061.75,1.25,44.5833333325,55.25,1.75,121.5625,186.75,0.0,0.0,0.0,15.25,13.75,1.5,0.68659420275,0.06340579725,5.2974708065,3.5,11.0,0.56185300225,15.25,0.75,1.25,0.06741718425,40.5,2.17818322975,37.25,1.9072851965,61.5,3.1939052795,14.75,0.77853260875,0.5,0.028726708,102.0,5.37208850975,52.5,2.7145445135,154.5,8.08663302075,89.0,4.6029373705,1.25,0.06741718425,169.75,8.83663302075,414.5,21.5936206,0.0,0.0,0.0,0.0,0.0,88.25,0.0,49.0
Y9999994,0.5,78.0,78.0,0.25,1.25,1.25,0.5,5.5,5.5,0.0,0.0,0.0,3.0,0.5,2.5,0.25,0.25,5.9639883965,2.0,0.25,0.025,2.5,0.35,0.25,0.125,0.75,0.075,1.0,0.1,0.25,0.025,0.0,0.0,0.0,0.0,1.0,0.1,1.0,0.1,2.0,0.2,2.75,0.375,0.25,0.125,5.0,0.7,10.0,1.4,0.0,0.0,0.0,0.0,0.0,31.25,0.0,20.0
Y9999995,1.5,178.5,261.5,1.0,16.0,17.5,1.0,24.0,30.0,0.0,0.0,0.0,6.25,2.5,3.75,0.32539682525,0.42460317475,7.6722002675,4.5,3.75,0.44047619075,5.5,0.65873015875,0.5,0.0634920635,11.25,1.34523809525,0.75,0.08333333325,2.75,0.3134920635,2.25,0.265873016,0.0,0.0,14.0,1.6587301585,3.0,0.34920634925,17.0,2.007936508,8.25,0.98015873025,0.5,0.0634920635,23.25,2.757936508,49.0,5.8095238095,0.0,0.0,0.0,0.0,0.0,74.25,0.0,57.0
Y9999996,0.0,0.0,0.0,0.0,0.0,0.0,0.0,0.0,0.0,0.0,0.0,0.0,0.0,0.0,0.0,0.0,0.0,0.0,0.0,0.0,0.0,0.0,0.0,0.0,0.0,0.0,0.0,0.0,0.0,0.0,0.0,0.0,0.0,0.0,0.0,0.0,0.0,0.0,0.0,0.0,0.0,0.0,0.0,0.0,0.0,0.0,0.0,0.0,0.0,0.0,0.0,0.0,0.0,0.0,81.0,0.0,54.0
Y9999997,1.75,236.8125,580.5,1.5,31.3125,73.5,1.5,10.3125,26.25,0.0,0.0,0.0,9.25,8.25,1.0,0.59615384625,0.15384615375,7.5338454615,1.25,2.75,0.22115384625,7.75,0.67414529925,2.25,0.10470085475,3.25,0.125,3.25,0.125,2.5,0.2115384615,2.0,0.2286324785,0.75,0.02884615375,5.75,0.3365384615,6.0,0.3824786325,11.75,0.719017094,11.5,0.97008547,2.25,0.10470085475,21.0,1.469017094,46.5,3.262820513,0.0,0.0,0.0,0.0,0.0,86.25,0.0,58.0
Y9999998,1.75,179.083333325,333.75,0.5,2.75,2.75,1.5,55.7083333325,90.25,0.0,0.0,0.0,11.75,8.5,3.25,0.523809524,0.226190476,4.932949165,2.25,7.0,0.4851190475,8.0,0.505952381,1.5,0.0863095235,60.0,4.22916666675,4.5,0.3095238095,5.75,0.3779761905,1.75,0.101190476,0.0,0.0,65.75,4.60714285725,6.25,0.41071428575,72.0,5.01785714275,13.25,0.818452381,1.5,0.0863095235,83.75,5.76785714275,170.5,11.6904761912,0.0,0.0,0.0,0.0,0.0,58.5,0.0,49.0
Y9999999,3.25,545.975,996.0,0.75,50.5,50.5,2.75,93.875,156.75,0.0,0.0,0.0,18.25,12.5,5.75,0.69734848475,0.30265151525,15.491649585,3.0,9.75,0.515719697,16.5,0.8856060605,2.25,0.127840909,25.0,1.28314393925,10.75,0.5630681815,69.0,3.65568181825,10.5,0.559659091,0.5,0.02083333325,94.0,4.9388257575,21.75,1.143560606,115.75,6.08238636375,92.5,4.9117424245,2.5,0.13825757575,134.0,7.08238636375,344.75,18.214772725,0.0,0.0,0.0,0.0,0.0,100.0,1.0,73.0
