username,active_num_days,active_avg_count,active_sum_count,problem_num_days,problem_avg_count,problem_sum_count,video_num_days,video_avg_count,video_sum_count,forum_num_days,forum_avg_count,forum_sum_count,num_watched,num_complete,num_incomplete,complete_rate,watched_time_hour,watched_time_weekday,seek_video_sum,seek_video_avg,pause_video_sum,pause_video_avg,stop_video_sum,stop_video_avg,video_forward_seek_sum,video_forward_seek_avg,video_backward_seek_sum,video_backward_seek_avg,video_pause_forward_seek_sum,video_pause_forward_seek_avg,video_pause_backward_seek_sum,video_pause_backward_seek_avg,video_stop_backward_seek_sum,video_stop_backward_seek_avg,all_type_video_forward_seek_sum,all_type_video_forward_seek_avg,all_type_video_backward_seek_sum,all_type_video_backward_seek_avg,all_type_video_seek_sum,all_type_video_seek_avg,video_pause_sum,video_pause_avg,video_stop_sum,video_stop_avg,video_play_sum,video_play_avg,video_events_sum,video_events_avg,mt_practice_sum,mt_unit_sum,mt_online_num_day,mt_online_practice_num_day,hw_mean,qz_mean,indicator,final_score
Y1050160,1.4,259.0,338.6,1.4,24.16666667,31.0,1.4,24.96666667,32.4,0.0,0.0,0.0,3.6,1.2,2.4,0.12,6.182800377,1.2,2.8,0.61,3.6,0.8,0.0,0.0,10.0,2.46,4.4,1.09,6.6,2.34,2.2,0.37,0.0,0.0,16.6,4.8,6.6,1.46,23.2,6.26,11.6,3.43,0.0,0.0,26.8,7.06,61.6,16.75,0.0,0.0,0.0,0.0,0.0,39.4,0,30
Y1050161,1.0,112.0,177.8,0.6,15.5,23.2,0.2,8.6,8.6,0.0,0.0,0.0,1.2,0.2,1.0,0.033333333,2.171963544,0.6,0.6,0.1,1.2,0.2,0.0,0.0,1.2,0.2,1.0,0.166666667,2.6,0.433333333,0.4,0.066666667,0.0,0.0,3.8,0.6333333329999999,1.4,0.233333333,5.2,0.8666666670000001,4.2,0.7,0.0,0.0,6.4,1.066666667,15.8,2.633333334,0.0,0.0,0.0,0.0,0.0,56.0,0,40
Y1050162,2.8,441.7333333000001,1284.4,2.6,21.83333333,57.6,2.6,103.6,275.6,0.0,0.0,0.0,11.6,9.2,2.4,0.788754579,9.870935916,4.4,10.4,0.874945055,11.4,0.986666667,0.4,0.02967033,46.2,3.635238095,80.8,7.234871796,92.4,8.239633699,27.4,2.447326007,0.4,0.02967033,138.6,11.874871800000001,108.6,9.711868131000001,247.2,21.58673993,130.6,11.62728938,0.4,0.02967033,258.8,22.58673993,637.0,55.83043956,0.0,0.0,0.0,0.0,0.0,48.0,0,30
Y1050164,0.6,7.266666666,21.8,0.0,0.0,0.0,0.6,0.8,2.4,0.0,0.0,0.0,1.2,0.8,0.4,0.133333333,1.486075526,0.4,0.2,0.033333333,0.8,0.133333333,0.4,0.066666667,0.0,0.0,0.0,0.0,0.2,0.033333333,0.0,0.0,0.2,0.033333333,0.2,0.033333333,0.2,0.033333333,0.4,0.066666667,1.0,0.166666667,0.4,0.066666667,1.6,0.26666666699999997,3.4,0.566666667,0.0,0.0,0.0,0.0,0.0,0.0,0,0
Y1050165,0.6,14.9,29.0,0.0,0.0,0.0,0.4,3.4,6.8,0.0,0.0,0.0,0.6,0.2,0.4,0.066666667,1.4996385630000002,0.4,0.4,0.133333333,0.6,0.2,0.2,0.066666667,0.6,0.2,0.2,0.066666667,4.4,1.466666667,0.2,0.066666667,0.0,0.0,5.0,1.6666666669999999,0.4,0.133333333,5.4,1.8,5.0,1.6666666669999999,0.2,0.066666667,6.0,2.0,16.6,5.533333334,0.0,0.0,0.0,0.0,0.0,0.0,0,0
Y1050166,1.4,29.8,78.8,0.6,1.3,2.4,1.0,2.933333333,7.0,0.0,0.0,0.0,0.8,0.0,0.8,0.0,1.7700241069999998,1.0,0.4,0.26666666699999997,0.8,0.4,0.0,0.0,0.8,0.26666666699999997,0.2,0.2,2.4,1.333333333,0.8,0.8,0.0,0.0,3.2,1.6,1.0,1.0,4.2,2.6,4.0,2.5333333330000003,0.0,0.0,5.0,3.0,13.2,8.133333334,0.0,0.0,0.0,0.0,0.0,33.0,0,20
Y1050167,1.4,170.43333330000002,373.2,0.8,42.5,47.8,1.0,10.8,15.6,0.0,0.0,0.0,4.8,2.4,2.4,0.32979798,3.855904747,2.8,1.6,0.197474748,4.2,0.533333333,0.6,0.12222222199999999,1.0,0.134848485,0.8,0.11666666699999999,4.6,0.641414141,0.6,0.09040404,0.2,0.05,5.6,0.776262626,1.6,0.257070707,7.2,1.033333333,8.6,1.124747475,0.6,0.12222222199999999,12.0,1.6333333330000002,28.4,3.913636364,0.8,0.6,1.0,0.6,1.466666667,57.2,0,30
Y1050168,1.2,71.5,190.6,0.8,6.7,12.2,0.8,5.6,16.0,0.0,0.0,0.0,2.2,1.6,0.6,0.177777778,4.351580395,1.8,1.2,0.133333333,1.6,0.333333333,1.0,0.111111111,5.0,0.5555555560000001,3.0,0.333333333,1.6,0.177777778,1.6,0.177777778,0.8,0.088888889,6.6,0.7333333329999999,5.4,0.6,12.0,1.333333333,4.8,0.688888889,1.2,0.133333333,14.2,1.733333333,32.2,3.8888888880000003,0.8,0.8,0.2,0.8,1.166666667,12.0,0,10
Y1050169,1.4,158.6,421.0,1.2,16.0,34.8,1.4,23.46666667,63.2,0.0,0.0,0.0,4.8,2.4,2.4,0.3,3.164597258,1.8,2.8,0.418181818,4.6,0.581818182,0.2,0.018181818,24.4,3.5272727269999997,8.6,0.7818181820000001,18.0,1.636363636,3.2,0.290909091,0.0,0.0,42.4,5.163636363999999,11.8,1.072727273,54.2,6.236363636,25.4,2.4727272730000003,0.2,0.018181818,59.0,6.836363636000001,138.8,15.56363636,0.0,0.0,0.0,0.0,0.0,0.0,0,0
Y1050170,1.6,180.41666669999998,426.2,1.0,26.2,36.2,1.2,22.75,38.8,0.0,0.0,0.0,6.2,5.6,0.6,0.526190476,3.726755401,3.2,2.6,0.252380952,6.0,0.583333333,1.2,0.11190476199999999,1.2,0.1,3.2,0.326190476,20.8,1.9,3.8,0.352380952,0.0,0.0,22.0,2.0,7.0,0.6785714290000001,29.0,2.6785714290000002,29.4,2.711904762,1.2,0.11190476199999999,35.2,3.278571429,94.8,8.78095238,1.6,1.4,1.0,1.4,3.77,0.0,0,10
Y1050171,2.8,149.19,454.6,2.0,23.8,58.0,2.2,7.85,20.6,0.0,0.0,0.0,7.4,7.2,0.2,0.771428571,4.794979697,1.6,0.8,0.079545455,7.0,0.753246753,1.4,0.158441559,0.6,0.061363636,1.0,0.097727273,7.0,0.7740259740000001,2.0,0.212662338,0.0,0.0,7.6,0.83538961,3.0,0.31038961,10.6,1.145779221,14.8,1.610064935,1.4,0.158441559,18.0,1.945779221,44.8,4.860064935,0.4,0.4,0.2,0.4,0.6,15.6,0,10
Y1050172,0.6,189.0,189.0,0.2,9.2,9.2,0.4,29.4,29.4,0.0,0.0,0.0,1.8,1.6,0.2,0.2,2.4969582630000002,0.6,1.2,0.15,1.6,0.375,0.4,0.05,2.6,0.325,1.8,0.225,21.4,6.0,0.8,0.1,0.2,0.025,24.0,6.325,2.8,0.35,26.8,6.675,23.6,6.45,0.4,0.05,28.6,7.075,79.4,20.25,0.4,0.4,0.2,0.4,0.0,18.6,0,10
Y1050173,3.4,270.9066667,665.2,2.4,25.0,54.8,2.0,41.43333333,61.0,0.0,0.0,0.0,6.8,4.4,2.4,0.576666667,8.693942737999999,3.0,3.8,0.536666667,6.6,0.9833333329999999,1.4,0.253333333,9.0,1.17,5.8,0.6366666670000001,28.4,4.853333333999999,4.8,0.93,0.2,0.066666667,37.4,6.023333332999999,10.8,1.6333333330000002,48.2,7.6566666670000005,38.4,6.56,1.4,0.253333333,55.0,8.656666667,143.0,23.12666667,1.0,1.0,0.4,1.0,1.2,84.6,1,70
Y1050174,5.6,138.8571429,728.2,3.6,24.88333333,86.8,1.2,14.1,24.4,0.0,0.0,0.0,3.6,2.6,1.0,0.493333333,6.830074152000001,2.4,1.2,0.373333333,3.4,0.6,0.6,0.128888889,5.4,0.724444445,1.0,0.155555555,12.2,2.164444445,1.4,0.2,0.0,0.0,17.6,2.888888889,2.4,0.355555556,20.0,3.244444444,16.4,2.835555556,0.6,0.128888889,23.6,4.044444444,60.6,10.25333333,5.4,3.0,2.0,4.0,6.671333333,83.8,1,80
Y1050175,3.2,213.41666669999998,690.8,3.0,21.91666667,64.8,3.2,14.51666667,48.0,0.0,0.0,0.0,10.4,7.0,3.4,0.643867244,14.23637888,1.6,5.2,0.544083694,9.0,0.8412698409999999,1.2,0.106204906,4.0,0.386219336,5.4,0.5519480520000001,17.2,1.594011544,5.8,0.495093795,0.2,0.014285714,21.2,1.98023088,11.4,1.061327561,32.6,3.0415584410000003,30.6,2.7909812410000003,1.2,0.106204906,43.0,4.041558441,107.4,9.980303031,0.6,0.4,0.4,0.4,0.6,39.8,0,30
Y1050176,4.6,234.24333330000002,1055.4,3.0,29.66666667,90.0,4.0,26.72666667,99.2,0.0,0.0,0.0,10.8,10.0,0.8,0.938461538,10.56200654,1.2,7.0,0.630691531,10.8,1.0,0.0,0.0,28.2,2.623154623,11.6,1.101806527,34.6,3.35042735,5.6,0.572319348,0.0,0.0,62.8,5.973581974,17.2,1.674125874,80.0,7.647707848,50.2,4.8584110339999995,0.0,0.0,90.8,8.647707848,221.0,21.15382673,15.4,3.2,1.6,4.0,9.549333333,79.2,1,90
Y1050177,2.6,355.6166667,878.8,1.2,54.5,75.2,1.4,49.2,76.8,0.0,0.0,0.0,6.2,3.0,3.2,0.338571429,9.325476546,2.2,6.0,0.771428571,5.0,0.645714286,0.4,0.07,21.6,2.772857143,23.4,2.601428571,6.6,0.737142857,6.4,0.64,0.4,0.07,28.2,3.51,30.2,3.3114285710000004,58.4,6.821428571,15.6,1.7742857140000001,0.4,0.07,64.6,7.621428571,139.0,16.28714286,1.6,1.0,0.4,1.0,1.2,34.6,0,20
Y1050178,0.4,162.4,162.4,0.4,11.0,11.0,0.4,26.6,26.6,0.0,0.0,0.0,4.2,2.2,2.0,0.209090909,2.695077005,2.4,3.2,0.30727272699999997,3.2,0.305454545,0.8,0.074545455,10.0,0.974545455,2.4,0.234545455,5.2,0.49272727299999997,0.8,0.078181818,0.0,0.0,15.2,1.4672727269999999,3.2,0.31272727300000003,18.4,1.78,7.6,0.7236363640000001,0.8,0.074545455,22.6,2.18,49.4,4.758181818,0.4,0.4,0.2,0.4,0.35,39.0,0,20
Y1050179,4.8,261.6166667,1331.0,3.4,27.28666667,95.2,4.2,36.94666667,175.8,0.0,0.0,0.0,11.8,10.6,1.2,0.8576109390000001,12.82113027,1.0,7.2,0.565970072,11.4,0.977708978,2.6,0.168550052,58.4,3.308668731,26.8,1.6642414859999999,38.6,3.1554953560000003,13.2,1.0988906090000001,1.8,0.121775026,97.0,6.4641640879999995,41.8,2.8849071210000004,138.8,9.349071207,61.0,5.098116615,3.0,0.201883385,150.6,10.34907121,353.4,24.99814242,3.8,1.8,2.0,2.6,8.111333333,92.6,1,95
Y1050180,3.6,45.53333333,141.4,0.4,4.6,9.2,0.6,3.8,11.4,0.0,0.0,0.0,2.0,1.6,0.4,0.16,2.284804966,0.6,0.6,0.06,1.8,0.18,0.4,0.04,0.8,0.08,1.6,0.16,2.2,0.22,0.6,0.06,0.2,0.02,3.0,0.3,2.4,0.24,5.4,0.54,4.2,0.42,0.4,0.04,7.4,0.74,17.4,1.74,0.4,0.4,0.2,0.4,0.4,51.2,0,40
Y1050181,2.4,85.88,258.0,1.6,18.6,45.6,0.0,0.0,0.0,0.0,0.0,0.0,0.0,0.0,0.0,0.0,0.0,0.0,0.0,0.0,0.0,0.0,0.0,0.0,0.0,0.0,0.0,0.0,0.0,0.0,0.0,0.0,0.0,0.0,0.0,0.0,0.0,0.0,0.0,0.0,0.0,0.0,0.0,0.0,0.0,0.0,0.0,0.0,0.0,0.0,0.0,0.0,0.0,42.0,0,20
Y1050182,4.6,223.62,1037.2,3.6,18.73333333,65.8,4.2,27.08333333,114.0,0.0,0.0,0.0,13.0,9.4,3.6,0.721078432,11.17255396,1.0,8.0,0.633578431,12.6,0.970833333,2.6,0.205392157,6.8,0.5575980389999999,17.6,1.3590686269999999,45.0,3.669607843,20.0,1.5747549019999998,1.2,0.09509803900000001,51.8,4.227205882,38.8,3.028921568,90.6,7.256127451,73.6,5.890441176,2.6,0.205392157,103.6,8.256127452000001,270.4,21.60808824,2.8,2.0,2.2,2.4,7.1333333329999995,85.0,1,90
Y1050184,0.2,12.4,12.4,0.0,0.0,0.0,0.0,0.0,0.0,0.0,0.0,0.0,0.0,0.0,0.0,0.0,0.0,0.0,0.0,0.0,0.0,0.0,0.0,0.0,0.0,0.0,0.0,0.0,0.0,0.0,0.0,0.0,0.0,0.0,0.0,0.0,0.0,0.0,0.0,0.0,0.0,0.0,0.0,0.0,0.0,0.0,0.0,0.0,0.6,0.6,0.2,0.6,0.7333333329999999,22.6,0,10
Y1050185,6.2,129.2190476,770.6,2.8,20.29333333,70.6,3.0,12.54666667,43.0,1.2,0.666666667,2.0,10.0,7.8,2.2,0.858619641,6.903262365,2.2,4.4,0.288355123,8.6,0.743143813,2.8,0.546974764,2.4,0.186926117,8.0,0.538522347,10.2,0.795439343,4.4,0.288355123,0.6,0.026086957,12.6,0.982365461,13.0,0.8529644270000001,25.6,1.8353298869999999,21.4,1.484280936,2.8,0.546974764,35.8,2.84402554,85.6,6.710611127999999,10.8,3.2,3.2,4.6,10.0,85.8,1,99
Y1050186,4.4,242.85,1030.4,2.6,31.56666667,81.0,3.4,31.0,106.4,0.0,0.0,0.0,11.0,9.4,1.6,0.803663004,6.775219806,1.2,8.0,0.762271062,10.6,0.969230769,3.2,0.322161172,23.2,2.7267399269999997,33.6,2.866666667,20.2,1.745238095,9.0,0.706410256,0.2,0.015384615,43.4,4.471978022,42.8,3.5884615380000002,86.2,8.06043956,36.4,3.0485347989999996,3.2,0.322161172,97.2,9.06043956,223.0,20.49157509,6.4,2.8,1.4,4.4,8.561333333,82.6,1,85
Y1050187,0.4,30.3,60.6,0.2,1.6,1.6,0.2,10.6,10.6,0.0,0.0,0.0,1.2,0.4,0.8,0.066666667,2.542094938,0.4,1.2,0.2,0.8,0.133333333,0.0,0.0,6.2,1.033333333,1.0,0.166666667,0.4,0.066666667,0.2,0.033333333,0.0,0.0,6.6,1.1,1.2,0.2,7.8,1.3,1.0,0.166666667,0.0,0.0,9.0,1.5,17.8,2.966666666,0.0,0.0,0.0,0.0,0.0,32.0,0,20
Y1050188,4.2,89.39619048,369.4,2.8,3.96,18.2,2.4,24.43333333,62.8,0.0,0.0,0.0,3.0,1.2,1.8,0.313333333,13.08897138,2.6,2.0,0.653333333,3.0,1.0,0.2,0.066666667,21.4,5.8,1.2,0.373333333,29.2,9.343333334,3.2,1.446666667,0.0,0.0,50.6,15.14333333,4.4,1.82,55.0,16.96333333,35.0,11.67333333,0.2,0.066666667,58.0,17.96333333,148.2,46.66666667,1.6,0.8,2.0,1.0,3.066666667,56.4,0,45
Y1050189,3.4,324.7333333,970.0,2.8,34.73333333,89.6,1.8,55.66666667,89.6,0.0,0.0,0.0,10.6,9.8,0.8,0.9138888890000001,11.22448763,4.0,6.8,0.648535353,10.0,0.948888889,1.2,0.08444444400000001,38.4,3.804646465,17.2,1.626767677,13.8,1.228434344,6.8,0.694090909,0.4,0.022222222000000003,52.2,5.033080808,24.4,2.3430808080000003,76.6,7.376161616,30.4,2.86030303,1.2,0.08444444400000001,87.2,8.376161616000001,195.4,18.69707071,4.4,3.2,1.4,3.8,7.9226666670000006,88.4,1,91
Y1050190,4.0,346.0666667,1342.2,3.2,25.36666667,71.2,2.8,76.52,189.2,0.0,0.0,0.0,11.0,8.4,2.6,0.788333333,10.78492515,2.4,9.6,0.884166667,10.4,0.960833333,1.4,0.110833333,32.8,3.96,43.0,4.018333333,61.2,5.573333333,21.6,2.065,0.8,0.0675,94.0,9.533333334,65.4,6.150833333,159.4,15.68416667,91.0,8.396666666,1.4,0.110833333,170.4,16.68416667,422.2,40.87583333,8.6,3.0,1.2,6.0,7.919333332999999,84.6,1,90
Y1050191,2.8,285.8666667,637.2,1.8,13.05,20.2,2.2,88.02,177.0,0.0,0.0,0.0,9.2,3.0,6.2,0.261111111,2.140961984,2.8,8.2,0.7412698409999999,8.0,0.707936508,0.0,0.0,138.6,12.94087302,8.2,0.692460317,7.8,0.711507936,4.0,0.37182539700000006,0.0,0.0,146.4,13.65238095,12.2,1.0642857140000002,158.6,14.71666667,19.2,1.751587302,0.0,0.0,167.8,15.51666667,345.6,31.98492064,0.2,0.2,0.2,0.2,0.333333333,41.2,0,40
Y1050192,2.6,473.0666666999999,1168.4,1.8,77.0,132.2,2.2,32.66666667,68.0,0.0,0.0,0.0,12.4,10.0,2.4,0.8131643359999999,10.97736362,2.8,6.4,0.5017249420000001,11.6,0.938333333,0.8,0.067348485,15.6,1.215518648,14.6,1.149073427,9.0,0.7040734270000001,7.4,0.6200524470000001,0.2,0.016666667,24.6,1.919592075,22.2,1.785792541,46.8,3.705384615,26.0,2.126008159,0.8,0.067348485,59.2,4.705384615,132.8,10.60412587,15.8,3.2,6.6,5.6,7.978,69.2,1,70
Y1050193,2.4,72.76666667,321.0,1.0,13.5,25.4,2.0,7.2,25.2,0.0,0.0,0.0,4.0,2.6,1.4,0.386666667,4.076006793,1.0,2.2,0.33,4.0,0.6,0.2,0.016666667,3.0,0.25,2.6,0.34,10.0,1.56,4.2,0.6133333329999999,0.2,0.016666667,13.0,1.81,7.0,0.97,20.0,2.78,17.6,2.65,0.2,0.016666667,24.0,3.38,61.8,8.826666666,0.4,0.4,0.2,0.4,0.066666667,29.0,0,20
Y1050194,3.0,233.33333330000002,617.0,2.2,21.7,46.8,2.0,42.5,76.8,0.0,0.0,0.0,5.8,3.6,2.2,0.482683983,14.97301957,3.4,4.6,0.854978355,5.8,1.0,0.4,0.06818181799999999,8.2,1.172943723,29.0,5.306277056,19.6,3.300865801,7.6,1.063852814,0.0,0.0,27.8,4.473809524,36.6,6.37012987,64.4,10.84393939,32.4,5.096536797,0.4,0.06818181799999999,70.2,11.84393939,167.4,27.8525974,0.6,0.6,0.2,0.6,1.066666667,30.0,0,20
Y1050195,5.0,319.3642857,1587.6,4.0,23.41333333,91.0,3.8,46.61666667,170.0,0.0,0.0,0.0,11.0,9.6,1.4,0.8892307690000001,12.27145749,1.2,7.0,0.639120879,11.0,1.0,1.8,0.17919413899999997,16.8,1.4276923080000001,19.4,1.7268864469999998,103.8,9.664688645,11.8,1.074065934,0.2,0.02,120.6,11.09238095,31.4,2.820952381,152.0,13.91333333,125.0,11.57956044,1.8,0.17919413899999997,163.0,14.91333333,441.8,40.58542125,1.6,1.4,0.6,1.6,1.5666666669999998,59.0,0,40
Y1050196,1.4,21.93333333,58.6,0.2,1.6,1.6,0.4,2.6,2.6,0.0,0.0,0.0,0.6,0.0,0.6,0.0,2.9759967389999997,1.6,0.2,0.1,0.6,0.4,0.0,0.0,0.2,0.1,0.0,0.0,0.2,0.1,0.2,0.1,0.0,0.0,0.4,0.2,0.2,0.1,0.6,0.3,0.8,0.5,0.0,0.0,1.2,0.7,2.6,1.5,0.0,0.0,0.0,0.0,0.0,11.0,0,10
Y1050197,3.6,455.91666669999995,1571.4,2.8,35.43333333,98.6,3.0,79.8,263.6,0.0,0.0,0.0,17.4,15.2,2.2,0.851312217,12.8710252,1.8,13.6,0.72361991,15.8,0.915701357,4.0,0.21524886899999998,110.0,4.708250378,47.8,2.389140271,31.6,1.545354449,18.8,0.960346908,2.4,0.123499246,141.6,6.253604827999999,69.0,3.472986425,210.6,9.726591251,63.0,3.2283861239999996,4.2,0.221131222,228.0,10.72659125,505.8,23.90269985,4.0,2.6,2.4,2.8,6.1333333329999995,77.6,1,80
Y1050198,1.4,122.5,228.2,1.0,12.3,23.0,1.2,13.2,20.2,0.0,0.0,0.0,3.2,2.4,0.8,0.45,11.41346147,1.8,2.6,0.635,3.2,0.8,0.6,0.15,2.4,0.71,6.6,2.66,3.8,1.235,0.6,0.12,0.4,0.125,6.2,1.945,7.6,2.905,13.8,4.85,7.2,1.93,0.6,0.15,17.0,5.65,38.6,12.58,0.0,0.0,0.0,0.0,0.0,43.8,0,20
Y1050199,2.0,144.43333330000002,472.2,1.2,20.4,40.8,1.8,22.66666667,68.0,0.0,0.0,0.0,7.2,5.0,2.2,0.420476191,5.463583885,0.8,4.0,0.332380952,6.8,0.566666667,0.8,0.067619048,32.2,2.829047619,10.6,0.8666666670000001,11.2,0.969523809,2.8,0.234761905,0.2,0.014285714,43.4,3.798571429,13.6,1.115714286,57.0,4.914285714,20.2,1.7176190480000002,0.8,0.067619048,64.2,5.514285714,142.2,12.21380952,10.2,2.0,2.2,3.4,4.7,42.0,0,30
Y1050200,2.8,269.0333334,771.6,1.4,17.43333333,38.4,2.2,64.4,135.8,0.0,0.0,0.0,6.8,5.0,1.8,0.731645022,9.263835285,2.0,4.8,0.6890043290000001,6.6,0.9714285709999999,0.2,0.028571429,5.6,0.809935065,24.2,4.220844156,77.6,13.00679654,10.6,1.8683116880000001,0.2,0.028571429,83.2,13.816731599999999,35.0,6.117727273,118.2,19.93445887,94.6,15.82835498,0.2,0.028571429,125.0,20.93445887,338.0,56.72584416,2.8,0.8,1.0,0.8,1.733333333,29.2,0,30
Y1050201,3.6,261.28333330000004,943.0,2.8,24.51666667,63.4,3.2,36.91666667,115.4,0.0,0.0,0.0,12.6,10.8,1.8,0.860984849,11.40194648,1.4,8.6,0.691666667,12.2,0.9693181820000001,1.0,0.080681818,15.8,1.279924242,15.6,1.266666667,43.2,3.522348485,15.4,1.258333333,0.2,0.016666667,59.0,4.802272727,31.2,2.541666667,90.2,7.3439393939999995,68.8,5.581439393999999,1.0,0.080681818,102.8,8.343939394,262.8,21.35,4.8,1.6,1.8,2.6,6.996666667,68.2,1,68
Y1050202,4.2,247.78,1024.6,3.2,26.26666667,84.2,3.2,33.53333333,108.2,0.0,0.0,0.0,11.4,11.0,0.4,0.958095238,11.65818421,1.2,2.6,0.231269841,11.4,1.0,3.6,0.33373015899999997,4.8,0.409801587,2.0,0.159960317,72.6,6.465674602999999,12.4,1.08531746,0.6,0.054404762,77.4,6.875476191000001,15.0,1.29968254,92.4,8.17515873,93.2,8.258333333,3.6,0.33373015899999997,103.8,9.17515873,293.0,25.94238095,3.0,2.0,1.0,2.6,7.827999999999999,79.0,1,75
Y1050203,0.4,66.4,66.4,0.2,5.8,5.8,0.4,2.2,2.2,0.0,0.0,0.0,0.6,0.2,0.4,0.1,1.4839173980000002,1.0,0.2,0.1,0.2,0.2,0.2,0.1,0.4,0.2,0.0,0.0,0.0,0.0,0.0,0.0,0.0,0.0,0.4,0.2,0.0,0.0,0.4,0.2,0.2,0.2,0.2,0.1,1.0,0.6,1.8,1.1,0.0,0.0,0.0,0.0,0.0,15.4,0,10
Y1050204,2.4,293.9833333,648.2,1.8,29.03333333,44.0,2.4,29.93333333,64.6,0.0,0.0,0.0,13.4,10.8,2.6,0.772577387,3.8800634019999998,1.6,5.4,0.441485826,12.2,0.9022482890000001,3.8,0.31506028,11.2,1.0794916909999999,12.0,0.996832845,15.2,1.330961225,5.2,0.519882698,1.4,0.11390029300000001,26.4,2.410452916,18.6,1.630615836,45.0,4.041068752,30.8,2.598787879,4.0,0.321511893,58.4,5.041068752,138.2,12.00243728,0.6,0.6,0.4,0.6,7.080666667000001,85.8,1,90
Y1050205,3.0,250.32,825.2,2.0,24.11666667,61.8,2.6,23.71333333,75.8,0.0,0.0,0.0,12.0,10.8,1.2,0.74743083,8.407219195,2.4,5.6,0.39565217399999997,11.4,0.757575758,4.4,0.36660079,2.8,0.16996047399999997,13.4,1.325823452,28.0,2.8332015810000004,6.6,0.536956522,0.6,0.034848485,30.8,3.003162055,20.6,1.897628458,51.4,4.900790514,41.8,3.786956522,4.6,0.38326745700000003,63.4,5.7007905139999995,161.2,14.77180501,2.8,1.6,0.6,1.6,7.872666667000001,85.0,1,88
Y1050206,3.2,268.84,782.0,3.0,28.0,78.4,3.0,12.93333333,38.6,0.0,0.0,0.0,10.0,5.6,4.4,0.584731935,8.292905994,1.6,3.8,0.366317016,9.0,0.921794872,0.8,0.091899767,7.4,0.8381118879999999,6.0,0.55011655,5.2,0.5256993010000001,1.6,0.18910256399999997,0.2,0.018181818,12.6,1.363811189,7.8,0.757400932,20.4,2.121212121,15.2,1.561596737,0.8,0.091899767,30.4,3.121212121,66.8,6.895920745,0.8,0.8,0.2,0.8,3.233333333,84.0,1,70
Y1050207,1.0,454.0,536.0,0.6,7.8,14.2,1.0,132.7,144.8,0.0,0.0,0.0,11.2,7.4,3.8,0.525,7.5219702360000005,4.2,8.6,0.563888889,9.0,0.73125,1.0,0.03125,83.6,3.7861111110000003,12.4,0.995833333,20.2,1.717361111,5.0,0.45833333299999995,0.6,0.01875,103.8,5.503472222,18.0,1.4729166669999998,121.8,6.976388889,32.0,2.703472222,1.0,0.03125,133.0,7.776388889,287.8,17.4875,0.0,0.0,0.0,0.0,0.0,76.6,0,40
Y1050208,5.2,226.3571429,1114.6,4.2,24.9,82.8,3.6,40.59,114.4,0.0,0.0,0.0,7.2,3.2,4.0,0.5162698410000001,5.814678025,3.6,7.0,0.977777778,6.4,0.898412698,0.0,0.0,78.6,13.03769841,7.4,1.309523809,16.8,2.3884920640000002,1.6,0.358333333,0.0,0.0,95.4,15.42619048,9.0,1.6678571430000002,104.4,17.09404762,24.6,3.620238095,0.0,0.0,111.6,18.09404762,240.6,38.80833333,5.0,1.8,1.0,2.6,6.8666666670000005,65.0,1,70
Y1050209,5.6,146.3595238,837.0,4.4,12.08,55.6,4.0,12.56666667,50.4,0.0,0.0,0.0,12.0,4.6,7.4,0.47333333299999997,3.385309772,1.8,2.4,0.29333333300000003,12.0,1.0,1.0,0.07666666700000001,5.0,0.35333333299999997,4.0,0.42666666700000005,17.4,2.44,7.6,0.76,0.4,0.033333333,22.4,2.793333333,12.0,1.22,34.4,4.013333333,36.2,4.14,1.0,0.07666666700000001,46.6,5.026666667,118.2,13.25666667,5.4,3.2,1.4,4.6,8.556666667,80.8,1,85
Y1050210,1.0,74.66666666,215.8,0.6,11.8,22.6,0.6,4.1,7.6,0.0,0.0,0.0,1.8,1.0,0.8,0.125,2.256258411,1.6,0.6,0.075,1.8,0.4,0.0,0.0,0.8,0.1,0.2,0.025,1.2,0.325,0.6,0.075,0.0,0.0,2.0,0.425,0.8,0.1,2.8,0.525,3.4,0.775,0.0,0.0,4.6,0.925,10.8,2.225,0.0,0.0,0.0,0.0,0.0,33.0,0,20
Y1050211,1.8,406.8333333,684.8,1.4,33.8,48.2,1.4,72.8,106.0,0.0,0.0,0.0,7.2,5.2,2.0,0.640909091,10.55623277,3.8,6.2,0.73030303,6.6,0.763636364,0.4,0.21666666699999998,39.4,3.4727272730000003,25.0,2.215151515,14.8,1.298484848,4.6,0.584848485,0.2,0.016666667,54.2,4.7712121210000005,29.8,2.816666667,84.0,7.587878787999999,24.6,2.343939394,0.4,0.21666666699999998,91.2,8.587878788,200.2,18.73636364,1.8,0.8,1.8,0.8,2.15,29.0,0,40
Y1050212,2.0,156.06666669999998,411.4,1.6,17.2,34.0,1.4,22.4,52.2,0.0,0.0,0.0,4.4,3.4,1.0,0.45,5.714657254,1.6,3.0,0.38333333299999994,4.4,0.6,0.4,0.033333333,7.2,0.783333333,19.0,2.633333333,13.2,1.983333333,3.6,0.5166666670000001,0.2,0.016666667,20.4,2.766666667,22.8,3.166666667,43.2,5.933333332999999,20.6,3.05,0.4,0.033333333,47.6,6.533333333,111.8,15.55,0.0,0.0,0.0,0.0,0.0,17.0,0,20
Y1050213,0.4,15.2,15.2,0.0,0.0,0.0,0.0,0.0,0.0,0.0,0.0,0.0,0.0,0.0,0.0,0.0,0.0,0.0,0.0,0.0,0.0,0.0,0.0,0.0,0.0,0.0,0.0,0.0,0.0,0.0,0.0,0.0,0.0,0.0,0.0,0.0,0.0,0.0,0.0,0.0,0.0,0.0,0.0,0.0,0.0,0.0,0.0,0.0,0.0,0.0,0.0,0.0,0.0,4.0,0,10
Y1050214,2.8,108.75,422.0,2.0,6.45,21.4,2.8,20.20333333,81.4,0.0,0.0,0.0,5.8,5.0,0.8,0.523636364,10.23769284,1.4,3.6,0.383636364,5.6,0.783333333,1.4,0.144545455,13.0,1.4478787880000001,17.8,1.933939394,36.4,4.709393939,4.2,0.7972727270000001,0.2,0.018181818,49.4,6.1572727270000005,22.2,2.749393939,71.6,8.906666666,44.6,6.127272727,1.4,0.144545455,77.4,9.706666666,195.0,24.88515152,0.6,0.6,0.4,0.6,0.316666667,26.6,0,20
Y1050215,2.0,146.98,390.6,1.2,21.83333333,41.0,1.4,13.15,25.4,0.0,0.0,0.0,7.4,6.6,0.8,0.548039216,4.9738892219999995,1.8,1.6,0.12205882400000001,7.0,0.571568628,1.2,0.08872549,2.2,0.215196078,2.8,0.194117647,6.4,0.531372549,3.0,0.249019608,0.2,0.011764706000000002,8.6,0.746568628,6.0,0.454901961,14.6,1.201470588,15.6,1.286764706,1.2,0.08872549,22.0,1.8014705880000002,53.4,4.378431372,0.0,0.0,0.0,0.0,0.0,38.0,0,20
Y1050216,0.8,32.13333334,79.6,0.2,2.4,2.4,0.2,4.4,4.4,0.0,0.0,0.0,0.8,0.0,0.8,0.0,2.70511222,1.4,0.8,0.2,0.2,0.05,0.0,0.0,0.8,0.2,0.8,0.2,1.0,0.25,0.2,0.05,0.0,0.0,1.8,0.45,1.0,0.25,2.8,0.7,1.2,0.3,0.0,0.0,3.6,0.9,7.6,1.9,0.0,0.0,0.0,0.0,0.0,4.0,0,10
Y1050218,0.4,82.7,165.4,0.4,10.4,20.8,0.4,3.7,7.4,0.0,0.0,0.0,1.2,0.8,0.4,0.133333333,2.56170772,0.8,0.6,0.1,1.2,0.2,0.0,0.0,1.2,0.2,2.8,0.46666666700000003,1.6,0.26666666699999997,0.4,0.066666667,0.0,0.0,2.8,0.46666666700000003,3.2,0.533333333,6.0,1.0,3.2,0.533333333,0.0,0.0,7.2,1.2,16.4,2.7333333339999997,0.0,0.0,0.0,0.0,0.0,5.0,0,10
Y1050219,2.0,129.86,295.4,1.2,18.43333333,35.8,1.4,5.933333332999999,11.8,0.0,0.0,0.0,4.2,0.6,3.6,0.075,10.97961005,1.6,3.6,0.525,2.2,0.5,0.0,0.0,3.2,0.425,0.6,0.075,2.8,0.4,0.8,0.1,0.0,0.0,6.0,0.825,1.4,0.175,7.4,1.0,5.0,0.875,0.0,0.0,11.6,1.8,24.0,3.675,1.2,0.8,0.2,1.2,1.466666667,40.8,0,20
Y1050220,1.8,155.5,463.8,1.0,7.8666666670000005,9.6,1.8,30.5,95.8,0.0,0.0,0.0,7.0,6.8,0.2,0.589473684,1.47484242,1.0,6.0,0.49492823,7.0,0.6,1.2,0.093779904,9.0,0.652822966,22.2,1.722296651,32.0,2.373588517,9.6,0.7085167459999999,0.4,0.028708134,41.0,3.026411483,32.2,2.459521531,73.2,5.485933015,47.2,3.555980861,1.2,0.093779904,80.2,6.085933015,201.8,15.22162679,0.0,0.0,0.0,0.0,0.0,35.0,0,30
Y1050221,2.8,170.8833333,582.0,1.8,32.63333333,73.6,1.6,3.2,8.8,0.0,0.0,0.0,2.8,0.8,2.0,0.088888889,2.839341026,2.0,0.6,0.12222222199999999,2.6,0.55,0.0,0.0,1.2,0.272222222,0.2,0.05,2.0,0.25,0.6,0.094444444,0.0,0.0,3.2,0.522222222,0.8,0.144444444,4.0,0.666666667,5.2,0.894444444,0.0,0.0,6.8,1.266666667,16.0,2.827777778,3.8,2.4,1.6,3.2,7.169333332999999,80.6,0,80
Y1050222,3.0,155.58333330000002,498.6,1.8,38.9,64.6,1.8,4.933333333999999,13.2,0.0,0.0,0.0,4.2,1.0,3.2,0.173333333,7.52880985,2.6,0.6,0.10666666699999999,4.2,0.8,0.0,0.0,4.2,0.72,0.4,0.066666667,1.6,0.286666667,0.8,0.14,0.0,0.0,5.8,1.006666667,1.2,0.206666667,7.0,1.213333333,6.6,1.226666667,0.0,0.0,11.2,2.0133333330000003,24.8,4.453333334,0.0,0.0,0.0,0.0,0.0,66.0,0,50
Y1050223,1.6,214.7666667,587.0,1.4,21.8,46.2,1.4,24.66666667,55.2,0.0,0.0,0.0,6.0,3.4,2.6,0.32954545399999996,8.385452118,2.6,5.2,0.520454545,5.4,0.525,0.6,0.061363636,9.0,0.920454545,5.6,0.509090909,24.2,2.3363636359999997,3.8,0.352272727,0.4,0.036363636,33.2,3.256818182,9.8,0.897727273,43.0,4.154545455,31.0,2.9886363639999995,0.8,0.079545455,49.0,4.754545455,123.8,11.97727273,0.6,0.6,0.2,0.6,0.26666666699999997,29.6,0,20
Y1050224,2.8,155.65,521.6,1.8,17.25,36.4,2.2,24.31666667,68.6,0.0,0.0,0.0,8.4,6.2,2.2,0.5906593410000001,2.39472846,1.4,4.2,0.35989011,8.2,0.7857142859999999,2.0,0.199725275,9.8,0.838736264,11.6,1.009615385,19.4,2.047252747,7.6,0.687637363,1.0,0.09642857099999999,29.2,2.8859890110000004,20.2,1.793681319,49.4,4.67967033,32.6,3.261538462,2.2,0.21401098899999998,58.0,5.50467033,142.2,13.65989011,1.2,0.8,0.2,0.8,2.8,89.8,1,68
Y1050225,4.8,172.5166667,920.8,3.6,19.8,78.6,4.4,23.08,106.6,0.0,0.0,0.0,11.4,10.0,1.4,0.8211111109999999,5.8828562920000005,1.6,7.8,0.732222222,10.8,0.8733333329999999,3.4,0.263333333,22.8,2.241111111,23.8,2.288888889,23.2,2.015555556,9.8,0.893333333,2.2,0.161111111,46.0,4.256666667,35.8,3.343333333,81.8,7.6,41.6,3.611111111,3.6,0.274444444,93.2,8.6,220.2,20.08555555,5.0,2.6,2.2,3.8,7.486666667000001,73.6,1,75
Y1050226,1.2,124.0,226.2,0.0,0.0,0.0,1.0,19.9,36.6,0.0,0.0,0.0,8.2,5.0,3.2,0.341880342,0.9309347440000001,1.6,2.8,0.16239316199999998,6.8,0.47692307700000003,1.6,0.105128205,3.4,0.145299145,3.2,0.21025641,7.4,0.536752137,6.2,0.35128205100000004,0.0,0.0,10.8,0.682051282,9.4,0.561538462,20.2,1.243589744,19.2,1.318803419,1.6,0.105128205,28.4,1.843589744,69.4,4.511111111,0.4,0.4,0.2,0.4,0.0,64.4,0,40
Y1050227,1.2,94.6,189.2,0.8,6.4,12.0,1.0,11.6,17.6,0.0,0.0,0.0,3.2,1.2,2.0,0.26,5.224534554,2.0,2.2,0.434285714,3.0,0.571428571,0.0,0.0,1.2,0.214285714,1.8,0.37714285700000005,9.2,1.7971428569999999,0.6,0.12857142900000001,0.0,0.0,10.4,2.0114285709999997,2.4,0.505714286,12.8,2.517142857,12.4,2.418571429,0.0,0.0,16.0,3.1171428569999997,41.2,8.052857142,0.4,0.4,0.2,0.4,0.0,21.0,0,10
Y1050228,3.4,276.0,1151.8,2.8,27.15,80.4,3.4,34.25,139.6,1.4,0.666666667,1.6,13.8,8.2,5.6,0.47481940100000003,6.0561359470000005,1.0,6.4,0.375190918,13.6,0.7888888890000001,1.8,0.105166839,25.4,1.494165807,14.2,0.863501892,63.4,3.653113175,13.6,0.7821740629999999,1.0,0.059084967,88.8,5.147278982,28.8,1.704760922,117.6,6.852039904,89.8,5.178094255,1.8,0.105166839,131.4,7.652039904,340.6,19.7873409,2.0,2.0,0.6,2.0,5.830666667000001,68.6,1,66
Y1050229,5.0,244.362381,1152.2,3.6,25.36666667,87.4,3.8,27.68095238,98.0,0.0,0.0,0.0,13.0,12.0,1.0,0.912525252,6.899180265,3.0,5.6,0.455500873,13.0,1.0,0.8,0.061052632,4.6,0.312083239,10.4,0.817762588,49.6,4.098086124,14.6,1.152257917,0.4,0.021052632,54.2,4.4101693630000005,25.4,1.9910731380000002,79.6,6.4012425,76.6,6.199817726,0.8,0.061052632,92.6,7.4012425010000005,249.6,20.06335536,10.2,3.2,2.0,5.6,9.978,97.0,1,99
Y1050231,0.4,63.4,63.4,0.0,0.0,0.0,0.4,5.8,5.8,0.0,0.0,0.0,4.4,4.4,0.0,0.4,1.0898777020000001,1.2,0.0,0.0,2.8,0.26,1.6,0.14,0.0,0.0,0.0,0.0,0.2,0.02,0.0,0.0,0.0,0.0,0.2,0.02,0.0,0.0,0.2,0.02,3.0,0.28,1.6,0.14,4.6,0.42,9.4,0.86,1.2,0.4,1.0,0.4,0.4,8.0,0,10
Y1050232,1.2,146.8,293.6,0.8,7.3,8.6,1.0,35.2,50.6,0.0,0.0,0.0,3.2,2.6,0.6,0.475,2.5904643590000003,1.6,1.8,0.375,3.2,0.6,0.6,0.1,9.2,1.8,8.8,1.625,16.8,3.425,3.6,0.775,0.4,0.075,26.0,5.225,12.8,2.475,38.8,7.7,22.8,4.625,0.8,0.15,42.0,8.3,104.4,20.775,0.0,0.0,0.0,0.0,0.0,18.0,0,10
Y1050233,0.6,98.2,98.2,0.2,2.4,2.4,0.6,17.2,17.2,0.0,0.0,0.0,2.0,1.0,1.0,0.283333333,1.603295555,1.8,0.8,0.26666666699999997,1.8,0.533333333,0.0,0.0,3.4,1.133333333,7.4,2.466666666,0.6,0.18333333300000001,0.4,0.11666666699999999,0.0,0.0,4.0,1.316666667,7.8,2.583333334,11.8,3.9000000010000004,2.6,0.7666666670000001,0.0,0.0,13.8,4.500000001,28.2,9.166666667000001,0.0,0.0,0.0,0.0,0.0,9.0,0,10
Y1050234,0.2,32.6,32.6,0.0,0.0,0.0,0.2,2.4,2.4,0.0,0.0,0.0,1.8,1.8,0.0,0.2,0.592885972,0.6,0.0,0.0,1.4,0.15555555599999998,0.4,0.04444444400000001,0.0,0.0,0.0,0.0,0.2,0.022222222000000003,0.0,0.0,0.0,0.0,0.2,0.022222222000000003,0.0,0.0,0.2,0.022222222000000003,1.6,0.177777778,0.4,0.04444444400000001,2.0,0.222222222,4.2,0.46666666700000003,2.0,0.4,1.8,0.4,0.4,7.0,0,10
Y1050235,0.6,78.0,78.0,0.0,0.0,0.0,0.6,13.0,13.0,0.0,0.0,0.0,2.6,2.0,0.6,0.36666666700000006,1.675431451,1.8,0.8,0.2,1.6,0.41333333299999997,1.0,0.18666666699999998,5.0,0.833333333,0.2,0.033333333,1.4,0.5066666670000001,0.2,0.04,0.0,0.0,6.4,1.34,0.4,0.073333333,6.8,1.4133333330000002,2.8,0.826666667,1.0,0.18666666699999998,9.4,2.0133333330000003,20.0,4.44,0.8,0.4,0.6,0.4,0.15,9.0,0,10
Y1050236,0.4,235.0,235.0,0.2,37.8,37.8,0.2,0.8,0.8,0.0,0.0,0.0,0.4,0.2,0.2,0.1,0.569526587,0.6,0.0,0.0,0.4,0.2,0.0,0.0,0.0,0.0,0.0,0.0,0.2,0.1,0.2,0.1,0.0,0.0,0.2,0.1,0.2,0.1,0.4,0.2,0.8,0.4,0.0,0.0,0.8,0.4,2.0,1.0,6.6,1.6,3.8,2.8,1.2,19.0,0,20
Y1050237,0.2,15.2,15.2,0.0,0.0,0.0,0.2,1.2,1.2,0.0,0.0,0.0,1.0,1.0,0.0,0.2,0.513909524,0.6,0.2,0.04,0.6,0.12,0.4,0.08,0.0,0.0,0.2,0.04,0.0,0.0,0.0,0.0,0.0,0.0,0.0,0.0,0.2,0.04,0.2,0.04,0.6,0.12,0.4,0.08,1.2,0.24,2.4,0.48,0.0,0.0,0.0,0.0,0.0,0.0,0,0
Y1050238,0.8,486.4,486.4,0.6,75.8,75.8,0.6,6.4,6.4,0.0,0.0,0.0,1.0,0.2,0.8,0.2,1.772964736,1.8,0.6,0.4,0.8,0.5,0.2,0.2,0.6,0.6,0.4,0.2,0.4,0.2,0.0,0.0,0.2,0.2,1.0,0.8,0.6,0.4,1.6,1.2,1.2,0.7,0.2,0.2,2.6,1.8,5.6,3.9,7.8,1.6,5.0,2.8,2.733333333,81.8,0,40
Y1050239,0.2,6.4,6.4,0.0,0.0,0.0,0.2,0.4,0.4,0.0,0.0,0.0,0.2,0.2,0.0,0.2,0.538024291,0.6,0.0,0.0,0.2,0.2,0.0,0.0,0.0,0.0,0.0,0.0,0.0,0.0,0.0,0.0,0.0,0.0,0.0,0.0,0.0,0.0,0.0,0.0,0.2,0.2,0.0,0.0,0.2,0.2,0.4,0.4,0.4,0.4,0.2,0.4,0.066666667,8.0,0,10
Y1050240,0.8,109.1,147.0,0.2,5.6,5.6,0.8,17.1,28.6,0.0,0.0,0.0,2.8,1.6,1.2,0.35,1.601552493,1.8,1.2,0.25,2.0,0.43,0.8,0.17,8.2,1.64,4.0,0.82,7.4,1.58,0.8,0.17,0.0,0.0,15.6,3.22,4.8,0.99,20.4,4.21,9.8,2.09,0.8,0.17,23.4,4.85,54.4,11.32,2.2,0.6,1.8,0.6,0.5,6.0,0,10
Y1050241,1.4,344.7,504.0,0.6,13.1,23.2,1.4,75.3,96.4,0.0,0.0,0.0,6.0,3.6,2.4,0.530952381,9.083697707999999,2.4,4.0,0.707142857,5.4,0.8940476190000001,0.4,0.05,15.8,2.052380952,7.6,0.984523809,11.6,1.6976190469999999,1.6,0.28214285699999997,0.2,0.025,27.4,3.75,9.4,1.291666667,36.8,5.041666667,17.8,2.711904762,0.4,0.05,42.8,6.041666667,97.8,13.8452381,0.6,0.4,0.8,0.4,0.65,36.6,0,20
Y1050242,0.8,118.0,168.0,0.4,0.6,1.2,0.8,34.5,47.0,0.0,0.0,0.0,3.4,2.2,1.2,0.345454545,3.228827162,1.6,2.2,0.393939394,3.0,0.515151515,1.2,0.206060606,17.8,3.315151515,10.0,2.4121212119999997,6.2,1.096969697,3.0,0.66060606,0.6,0.103030303,24.0,4.4121212110000005,13.6,3.175757576,37.6,7.587878787,11.4,2.103030303,1.2,0.206060606,41.0,8.187878786,91.2,18.08484848,0.4,0.4,0.2,0.4,0.0,34.0,0,20
Y1050243,0.6,79.8,79.8,0.0,0.0,0.0,0.6,11.0,11.0,0.0,0.0,0.0,3.8,3.0,0.8,0.35,1.807857407,1.8,0.4,0.047222222,2.4,0.436111111,1.8,0.21111111100000002,0.0,0.0,0.2,0.022222222000000003,4.0,0.8472222220000001,0.8,0.091666667,0.2,0.025,4.0,0.8472222220000001,1.2,0.13888888900000002,5.2,0.9861111109999999,6.6,1.302777778,2.0,0.236111111,9.0,1.586111111,22.8,4.1111111110000005,0.0,0.0,0.0,0.0,0.0,19.0,0,10
Y1050244,0.6,98.2,98.2,0.2,1.4,1.4,0.6,15.0,15.0,0.0,0.0,0.0,3.2,2.0,1.2,0.386666667,1.8421077780000001,1.8,1.4,0.26,2.4,0.446666667,1.4,0.273333333,0.4,0.066666667,1.8,0.34,6.0,1.146666667,0.2,0.04,0.6,0.12,6.4,1.213333333,2.6,0.5,9.0,1.713333333,7.8,1.486666667,1.6,0.313333333,12.2,2.313333333,30.6,5.8266666670000005,0.0,0.0,0.0,0.0,0.0,17.0,0,10
Y1050245,0.6,193.0,193.0,0.6,22.2,22.2,0.6,6.6,6.6,0.0,0.0,0.0,2.6,1.6,1.0,0.35,1.615786924,1.8,0.6,0.13,2.4,0.56,0.2,0.04,0.6,0.14,0.8,0.16,1.0,0.22,0.4,0.09,0.0,0.0,1.6,0.36,1.2,0.25,2.8,0.61,3.6,0.83,0.2,0.04,5.4,1.21,12.0,2.69,0.0,0.0,0.0,0.0,0.0,13.0,0,10
Y1050246,0.6,56.4,56.4,0.4,6.4,6.4,0.4,3.4,3.4,0.0,0.0,0.0,0.6,0.4,0.2,0.3,1.3136787109999999,1.2,0.2,0.1,0.6,0.4,0.0,0.0,0.8,0.4,0.4,0.2,0.4,0.4,0.0,0.0,0.0,0.0,1.2,0.8,0.4,0.2,1.6,1.0,1.0,0.8,0.0,0.0,2.2,1.4,4.8,3.2,4.2,1.8,3.0,2.6,3.7886666669999998,25.0,0,30
Y1050247,0.8,57.7,84.0,0.4,4.6,4.6,0.8,6.2,10.2,0.0,0.0,0.0,1.2,0.4,0.8,0.166666667,1.903335319,1.8,0.2,0.066666667,1.2,0.6,0.0,0.0,0.4,0.133333333,3.0,1.0,2.6,1.533333333,0.8,0.4,0.0,0.0,3.0,1.6666666669999999,3.8,1.4,6.8,3.066666667,4.6,2.5333333330000003,0.0,0.0,8.0,3.6666666660000002,19.4,9.266666666,4.4,1.8,0.6,2.8,4.0,37.4,0,30
Y1050248,0.6,116.0,116.0,0.4,12.2,12.2,0.6,6.8,6.8,0.0,0.0,0.0,2.8,2.0,0.8,0.47428571399999997,1.5491551909999999,1.8,0.6,0.097142857,2.2,0.43142857100000004,0.8,0.20857142899999997,0.0,0.0,0.6,0.097142857,0.6,0.108571429,0.0,0.0,0.0,0.0,0.6,0.108571429,0.6,0.097142857,1.2,0.20571428600000002,2.4,0.471428571,0.8,0.20857142899999997,4.0,0.805714286,8.4,1.6914285709999999,1.6,1.0,1.2,1.0,1.9,41.0,0,30
Y1050249,0.6,112.4,112.4,0.2,5.0,5.0,0.6,9.4,9.4,0.0,0.0,0.0,4.4,3.6,0.8,0.48730158700000004,1.4994451030000002,1.8,0.2,0.033333333,3.0,0.420634921,1.8,0.24603174600000002,0.2,0.033333333,0.4,0.066666667,2.8,0.43015873,0.0,0.0,0.0,0.0,3.0,0.463492064,0.4,0.066666667,3.4,0.53015873,5.4,0.784126984,1.8,0.24603174600000002,7.8,1.13015873,18.4,2.690476191,4.4,0.6,3.8,0.8,0.8,46.6,0,30
Y1050250,0.4,45.0,45.0,0.0,0.0,0.0,0.4,3.8,3.8,0.0,0.0,0.0,3.2,3.0,0.2,0.35,1.012902558,1.2,0.0,0.0,1.8,0.21666666699999998,1.4,0.18333333300000001,0.0,0.0,0.0,0.0,0.0,0.0,0.0,0.0,0.0,0.0,0.0,0.0,0.0,0.0,0.0,0.0,1.8,0.21666666699999998,1.4,0.18333333300000001,3.2,0.4,6.4,0.8,2.0,0.6,4.0,0.6,0.833333333,0.0,0,10
Y1050251,0.4,68.8,68.8,0.0,0.0,0.0,0.4,6.0,6.0,0.0,0.0,0.0,4.0,4.0,0.0,0.4,1.056206188,1.2,0.0,0.0,2.2,0.224242424,2.0,0.193939394,0.0,0.0,0.0,0.0,1.6,0.16161616199999998,0.0,0.0,0.0,0.0,1.6,0.16161616199999998,0.0,0.0,1.6,0.16161616199999998,3.6,0.367676768,2.0,0.193939394,5.6,0.561616162,12.8,1.284848485,0.0,0.0,0.0,0.0,0.0,0.0,0,0
Y1050252,0.6,216.4,216.4,0.6,22.2,22.2,0.6,11.4,11.4,0.0,0.0,0.0,3.8,3.2,0.6,0.4,1.598447986,1.8,0.6,0.16190476199999998,2.6,0.40317460299999996,1.4,0.174603175,0.0,0.0,1.4,0.276190476,4.0,0.609523809,0.6,0.15555555599999998,0.2,0.022222222000000003,4.0,0.609523809,2.2,0.45396825399999996,6.2,1.063492064,7.0,1.146031746,1.4,0.174603175,10.0,1.6634920640000002,24.6,4.0476190480000005,0.0,0.0,0.0,0.0,0.0,10.6,0,10
Y1050253,1.0,227.4666667,295.6,0.6,24.0,24.0,1.0,17.46666667,30.4,0.0,0.0,0.0,3.0,1.0,2.0,0.128888889,3.554026393,1.6,1.2,0.311111111,3.0,0.6,0.4,0.04444444400000001,2.2,0.24444444399999998,3.2,0.7111111109999999,13.4,2.4666666669999997,2.4,0.462222222,0.2,0.022222222000000003,15.6,2.711111111,5.8,1.195555556,21.4,3.906666667,18.2,3.462222222,0.4,0.04444444400000001,24.4,4.506666667,64.4,11.92,1.0,0.6,0.2,1.0,0.26666666699999997,19.0,0,10
Y1050254,0.6,338.0,338.0,0.4,44.6,44.6,0.6,15.6,15.6,0.0,0.0,0.0,2.0,0.8,1.2,0.25,1.6647191890000002,1.8,1.0,0.25,1.6,0.45,0.4,0.15,6.2,1.55,1.2,0.3,2.2,0.7,0.0,0.0,0.0,0.0,8.4,2.25,1.2,0.3,9.6,2.55,3.6,1.1,0.4,0.15,11.6,3.15,25.2,6.95,2.0,0.8,4.0,1.2,1.6666666669999999,30.6,0,20
Y1050255,2.2,163.3833333,490.4,1.2,39.5,52.2,2.0,14.78333333,35.8,0.0,0.0,0.0,5.6,4.4,1.2,0.662857143,5.615884492,2.0,2.6,0.43746031700000004,5.2,0.7514285709999999,1.4,0.176507936,11.4,1.475555556,6.6,0.9304761909999999,5.8,0.92984127,2.6,0.513333333,0.6,0.070793651,17.2,2.405396825,9.8,1.514603175,27.0,3.92,13.0,2.115238095,1.4,0.176507936,32.6,4.72,74.0,10.93174603,4.6,2.0,1.4,2.8,3.511333333,67.8,0,40
Y1050256,0.6,432.8,432.8,0.4,57.2,57.2,0.6,5.6,5.6,0.0,0.0,0.0,0.6,0.2,0.4,0.2,1.1171005790000001,1.2,0.4,0.3,0.6,0.4,0.2,0.2,0.6,0.6,0.6,0.4,0.6,0.3,0.0,0.0,0.2,0.2,1.2,0.9,0.8,0.6,2.0,1.5,1.0,0.6,0.2,0.2,2.6,1.9,5.8,4.2,2.0,1.2,1.0,1.2,0.75,49.8,0,30
Y1050257,1.0,122.6,155.0,0.6,12.8,12.8,0.6,20.8,20.8,0.0,0.0,0.0,1.6,0.4,1.2,0.15,1.644532175,1.8,1.0,0.35,1.6,0.6,0.0,0.0,6.0,2.2,4.4,1.95,3.6,1.3,0.6,0.25,0.0,0.0,9.6,3.5,5.0,2.2,14.6,5.7,5.6,2.1,0.0,0.0,16.2,6.3,36.4,14.1,0.4,0.4,0.2,0.4,0.2,78.0,0,40
Y1050258,0.6,230.6,230.6,0.4,22.8,22.8,0.6,18.2,18.2,0.0,0.0,0.0,2.4,1.0,1.4,0.2,1.7970115309999999,1.8,1.6,0.46666666700000003,2.2,0.5,0.4,0.1,1.8,0.38333333299999994,7.6,1.8833333330000002,1.6,0.38333333299999994,1.0,0.233333333,0.0,0.0,3.4,0.7666666670000001,8.6,2.116666667,12.0,2.883333333,4.2,0.966666667,0.4,0.1,14.4,3.483333333,31.0,7.433333332999999,0.4,0.4,0.2,0.4,0.333333333,13.0,0,10
Y1050259,1.6,479.13333330000006,937.8,1.4,60.56666667,98.6,1.4,48.86666667,73.2,0.0,0.0,0.0,12.0,11.4,0.6,0.75,4.586552439,4.2,6.6,0.44949832799999995,11.6,0.774637681,1.6,0.084225195,16.8,1.261315496,10.2,0.7386845040000001,24.8,1.7122073580000001,7.0,0.45195094799999996,0.2,0.008695652,41.6,2.9735228539999996,17.4,1.199331104,59.0,4.172853958,42.0,2.855295429,1.6,0.084225195,71.0,4.972853958,173.6,12.08522854,4.6,3.2,3.8,3.8,6.774666667000001,92.0,1,80
Y1050260,1.6,852.2,1012.2,1.4,62.7,76.2,1.6,63.8,82.0,0.0,0.0,0.0,11.2,9.0,2.2,0.7222222220000001,7.240681249,5.0,7.8,0.756944444,10.4,0.940277778,1.8,0.11805555599999999,4.4,0.293055556,19.2,2.226388889,29.2,3.244444445,9.2,0.805555555,0.4,0.023611111,33.6,3.5375,28.8,3.0555555560000003,62.4,6.593055555,46.2,4.802777778,1.8,0.11805555599999999,73.6,7.593055555,184.0,19.10694444,0.0,0.0,0.0,0.0,0.0,71.2,0,50
Y1050261,5.8,144.9947619,818.2,2.8,36.11333333,101.6,0.2,3.4,3.4,0.0,0.0,0.0,0.6,0.4,0.2,0.133333333,2.3814736340000002,0.8,0.2,0.066666667,0.6,0.2,0.0,0.0,1.0,0.333333333,0.0,0.0,1.8,0.6,0.0,0.0,0.0,0.0,2.8,0.933333333,0.0,0.0,2.8,0.933333333,2.4,0.8,0.0,0.0,3.4,1.133333333,8.6,2.8666666660000004,2.8,2.8,1.0,2.8,6.644666667,79.4,1,82
Y1050262,2.0,129.11666670000002,255.4,1.2,13.33333333,22.0,1.4,8.2,12.2,0.0,0.0,0.0,3.8,2.0,1.8,0.594444444,5.343289926000001,3.0,2.2,0.505555556,3.0,0.911111111,0.4,0.072222222,3.2,0.85,0.4,0.072222222,2.4,0.7333333329999999,0.2,0.2,0.0,0.0,5.6,1.5833333330000001,0.6,0.272222222,6.2,1.8555555559999999,4.8,1.55,0.4,0.072222222,10.0,2.855555556,21.4,6.333333333,1.0,1.0,0.4,1.0,1.4,92.0,0,50
Y1050263,2.2,249.6,543.6,0.8,15.46666667,24.8,0.6,44.6,48.8,0.0,0.0,0.0,4.4,4.0,0.4,0.36666666700000006,0.815757242,0.4,3.0,0.28,4.4,0.4,0.8,0.07,0.6,0.053333333,9.2,0.903333333,18.8,1.8433333330000001,14.2,1.3866666669999999,0.0,0.0,19.4,1.8966666669999999,23.4,2.29,42.8,4.186666667,35.6,3.476666667,0.8,0.07,47.2,4.586666667,126.4,12.32,0.0,0.0,0.0,0.0,0.0,66.0,0,40
Y1050264,2.8,211.08333330000002,649.2,2.0,38.08333333,71.0,2.0,19.01666667,38.6,0.0,0.0,0.0,10.4,9.4,1.0,0.724955437,7.854299137000001,3.2,1.4,0.11631016,9.6,0.741622103,2.8,0.221301248,0.2,0.016666667,1.4,0.127272727,17.6,1.37486631,4.0,0.34812834200000004,0.4,0.034848485,17.8,1.3915329769999998,5.8,0.5102495539999999,23.6,1.9017825309999998,29.0,2.29144385,2.8,0.221301248,34.0,2.701782531,89.4,7.11631016,0.2,0.2,0.2,0.2,0.5,86.2,0,40
Y1050265,0.8,282.1,324.0,0.8,23.2,25.2,0.8,23.8,27.4,0.0,0.0,0.0,5.8,5.4,0.4,0.566666667,3.036094978,3.0,2.6,0.272727273,5.0,0.515151515,1.6,0.18939393899999998,6.6,1.05,2.8,0.292424242,8.2,0.8681818179999999,1.6,0.139393939,1.0,0.13636363599999998,14.8,1.918181818,5.4,0.568181818,20.2,2.486363636,14.4,1.4878787880000002,1.8,0.222727273,26.0,3.086363636,62.4,7.283333333,0.0,0.0,0.0,0.0,0.0,48.0,0,20
Y1050266,2.2,281.8833333,646.6,2.0,25.95,53.0,2.0,34.2,75.6,0.0,0.0,0.0,8.6,8.0,0.6,0.935064935,11.17230669,3.0,2.6,0.243506494,8.0,0.9365800870000001,2.6,0.243506494,5.2,0.558441559,6.2,0.528571429,45.8,5.743290044,5.8,0.5281385279999999,1.0,0.084848485,51.0,6.301731602,13.0,1.141558441,64.0,7.443290043999999,58.6,7.112770563,2.6,0.243506494,72.6,8.443290044,197.8,23.24285714,1.2,0.8,0.6,0.8,0.8666666670000001,87.2,0,40
Y1050267,2.8,246.81666669999998,775.6,2.6,25.37,76.8,2.6,12.11,41.6,0.0,0.0,0.0,9.4,6.8,2.6,0.608461538,6.11813959,0.8,5.8,0.454322344,7.8,0.655421245,1.8,0.161245421,5.0,0.42223443200000005,8.6,0.67007326,12.6,0.961758242,3.8,0.296263736,0.0,0.0,17.6,1.3839926740000001,12.4,0.9663369959999999,30.0,2.35032967,21.0,1.66,1.8,0.161245421,39.4,3.15032967,92.2,7.321904761,1.4,1.0,0.4,1.4,1.9333333330000002,61.4,0,30
Y1050268,4.6,141.9833333,669.6,2.8,19.33333333,63.4,2.8,9.143333334,31.8,1.8,1.266666667,2.8,9.4,5.6,3.8,0.475213675,3.21058824,1.0,2.2,0.192307692,9.0,0.7692307690000001,1.6,0.132478633,3.0,0.241025641,3.2,0.274358974,6.2,0.509401709,3.6,0.311965812,0.4,0.032051282,9.2,0.75042735,7.2,0.618376068,16.4,1.368803419,17.0,1.429059829,1.8,0.147863248,25.8,2.168803419,61.0,5.114529913999999,0.0,0.0,0.0,0.0,0.0,84.8,1,60
Y1050270,1.6,176.3666667,389.4,1.2,24.96666667,41.0,1.4,10.46666667,23.8,0.0,0.0,0.0,5.8,3.4,2.4,0.35333333299999997,5.343183875,2.8,3.0,0.311111111,4.8,0.5,0.6,0.062222222,0.6,0.064444444,1.6,0.171111111,8.8,0.931111111,2.8,0.302222222,0.0,0.0,9.4,0.9955555559999999,4.4,0.47333333299999997,13.8,1.468888889,14.8,1.564444444,0.6,0.062222222,19.6,2.068888889,48.8,5.164444444,3.2,2.0,2.4,2.0,5.288666667,57.4,0,40
Y1050273,0.8,70.8,83.4,0.2,3.0,3.0,0.4,3.8,3.8,0.0,0.0,0.0,1.0,0.2,0.8,0.05,1.0413058590000002,0.8,0.6,0.3,1.0,0.4,0.0,0.0,1.4,1.1,0.4,0.1,0.2,0.2,0.2,0.2,0.0,0.0,1.6,1.3,0.6,0.3,2.2,1.6,1.2,0.6,0.0,0.0,3.2,2.0,6.6,4.2,2.8,2.0,0.8,2.6,5.15,42.8,0,40
Y9999986,3.0,341.1833333,906.6,2.6,28.33333333,65.4,2.6,45.28333333,113.2,0.0,0.0,0.0,10.4,8.4,2.0,0.789377289,9.67950659,3.2,7.0,0.65503663,10.2,0.9833333329999999,1.8,0.155494506,15.0,1.332875458,34.8,3.313003663,36.4,3.2485347989999998,12.6,1.135622711,0.4,0.033333333,51.4,4.581410256,47.8,4.481959707,99.2,9.063369963,57.4,5.2119963369999995,1.8,0.155494506,109.6,10.06336996,268.0,24.49423077,0.6,0.4,0.4,0.4,0.8,68.6,0,58
Y9999988,2.0,204.7833333,310.4,0.6,9.6,9.6,1.0,21.9,24.4,0.0,0.0,0.0,6.6,4.2,2.4,0.5135353539999999,8.687438031000001,4.2,2.6,0.304646464,6.0,0.7436363640000001,0.4,0.038181818,3.0,0.34323232299999995,2.4,0.24606060600000002,4.6,0.605454545,2.4,0.304444444,0.0,0.0,7.6,0.9486868690000001,4.8,0.550505051,12.4,1.499191919,12.0,1.554545455,0.4,0.038181818,19.0,2.299191919,43.8,5.391111111,0.0,0.0,0.0,0.0,0.0,47.6,0,33
Y9999989,0.8,303.7,366.2,0.6,52.8,52.8,0.8,5.8,7.0,0.0,0.0,0.0,4.0,4.0,0.0,0.6,7.831638174,3.0,0.0,0.0,3.0,0.45,1.0,0.15,0.0,0.0,0.0,0.0,0.0,0.0,0.2,0.025,0.0,0.0,0.0,0.0,0.2,0.025,0.2,0.025,3.2,0.475,1.0,0.15,4.2,0.625,8.6,1.275,0.0,0.0,0.0,0.0,0.0,76.6,0,59
Y9999990,4.4,178.38666669999998,789.4,3.4,20.27,68.0,3.4,28.73,88.0,0.0,0.0,0.0,11.2,10.4,0.8,0.8833333329999999,10.95649781,1.8,4.6,0.44227395399999997,11.0,0.975,1.6,0.181578947,7.0,0.575573549,5.2,0.484480432,53.4,4.850607288,6.6,0.51194332,0.2,0.010526316,60.4,5.426180837,12.0,1.006950067,72.4,6.4331309039999995,69.6,6.1664979760000005,1.6,0.181578947,83.6,7.433130905,227.2,20.21433873,0.0,0.0,0.0,0.0,0.0,89.0,1,63
Y9999991,0.8,310.0,377.2,0.6,38.9,45.0,0.4,38.4,38.4,0.0,0.0,0.0,4.6,3.8,0.8,0.35,3.849748832,2.6,3.0,0.219642857,4.0,0.314285714,0.8,0.11428571400000001,25.4,1.7,0.8,0.066071429,4.0,0.330357143,0.4,0.041071429,0.2,0.028571429,29.4,2.0303571430000003,1.4,0.135714286,30.8,2.166071429,8.2,0.673214286,0.8,0.11428571400000001,35.4,2.566071429,75.2,5.519642857000001,0.0,0.0,0.0,0.0,0.0,67.6,0,36
Y9999992,2.2,330.15,582.2,2.2,35.0,61.2,2.2,20.01666667,34.8,0.0,0.0,0.0,11.0,10.4,0.6,0.938888889,13.83118827,3.4,2.0,0.18764957300000001,9.6,0.89284188,2.8,0.247371795,1.4,0.133333333,3.2,0.278675214,11.2,1.003482906,3.6,0.364978633,0.4,0.025,12.6,1.136816239,7.2,0.668653846,19.8,1.805470085,23.2,2.133589744,3.0,0.259871795,30.8,2.805470085,76.8,7.004401709,0.0,0.0,0.0,0.0,0.0,52.6,0,38
Y9999993,1.4,520.65,849.4,1.0,35.66666667,44.2,1.4,97.25,149.4,0.0,0.0,0.0,12.2,11.0,1.2,0.549275362,4.237976645,2.8,8.8,0.449482402,12.2,0.6,1.0,0.053933747000000004,32.4,1.742546584,29.8,1.5258281569999999,49.2,2.555124224,11.8,0.6228260870000001,0.4,0.022981366,81.6,4.297670808,42.0,2.171635611,123.6,6.469306417,71.2,3.6823498960000003,1.0,0.053933747000000004,135.8,7.069306417000001,331.6,17.27489648,0.4,0.4,0.2,0.4,0.0,75.6,0,49
Y9999994,0.4,62.4,62.4,0.2,1.0,1.0,0.4,4.4,4.4,0.0,0.0,0.0,2.4,0.4,2.0,0.2,4.771190717,1.6,0.2,0.02,2.0,0.28,0.2,0.1,0.6,0.06,0.8,0.08,0.2,0.02,0.0,0.0,0.0,0.0,0.8,0.08,0.8,0.08,1.6,0.16,2.2,0.3,0.2,0.1,4.0,0.56,8.0,1.12,0.0,0.0,0.0,0.0,0.0,32.0,0,20
Y9999995,1.4,155.4,221.8,0.8,12.8,14.0,1.0,21.0,25.8,0.0,0.0,0.0,5.6,2.6,3.0,0.46031746,8.294305442,5.0,3.4,0.485714286,5.0,0.726984127,0.6,0.117460317,9.2,1.142857143,1.2,0.26666666699999997,2.6,0.384126984,1.8,0.212698413,0.0,0.0,11.8,1.526984127,3.0,0.47936507899999997,14.8,2.006349206,7.4,1.050793651,0.6,0.117460317,20.4,2.806349206,43.2,5.980952381,0.0,0.0,0.0,0.0,0.0,78.8,0,57
Y9999997,1.8,198.55,482.6,1.4,27.25,61.0,1.4,8.65,21.4,0.0,0.0,0.0,7.8,7.0,0.8,0.676923077,8.430552249,1.6,2.2,0.17692307699999998,6.6,0.7393162390000001,1.8,0.083760684,2.6,0.1,2.6,0.1,2.0,0.16923076899999998,1.6,0.182905983,0.6,0.023076923,4.6,0.269230769,4.8,0.305982906,9.4,0.575213675,9.6,0.976068376,1.8,0.083760684,17.2,1.375213675,38.0,3.01025641,0.0,0.0,0.0,0.0,0.0,84.6,0,58
Y9999998,1.8,190.4666667,361.4,0.8,5.9,9.6,1.6,49.86666667,82.8,0.0,0.0,0.0,11.2,8.2,3.0,0.574603175,6.546329436000001,2.8,6.4,0.47698412700000004,8.0,0.5825396829999999,1.2,0.069047619,53.8,4.027777778,4.0,0.292063492,5.0,0.34682539700000004,2.0,0.147619047,0.0,0.0,58.8,4.374603175,6.0,0.43968254,64.8,4.8142857139999995,13.0,0.921428571,1.2,0.069047619,76.0,5.614285714,155.0,11.41904762,0.0,0.0,0.0,0.0,0.0,61.8,0,49
Y9999999,2.6,436.78,796.8,0.6,40.4,40.4,2.2,75.1,125.4,0.0,0.0,0.0,14.6,10.0,4.6,0.557878788,12.39331967,2.4,7.8,0.41257575799999996,13.2,0.708484848,1.8,0.102272727,20.0,1.026515151,8.6,0.450454545,55.2,2.924545455,8.4,0.447727273,0.4,0.016666667,75.2,3.9510606060000004,17.4,0.914848485,92.6,4.865909091,74.0,3.92939394,2.0,0.11060606099999999,107.2,5.6659090910000005,275.8,14.57181818,0.0,0.0,0.0,0.0,0.0,99.0,0,73
