username,num_days,active_num_days,active_avg_count,active_sum_count,problem_num_days,problem_avg_count,problem_sum_count,video_num_days,video_avg_count,video_sum_count,forum_num_days,forum_avg_count,forum_sum_count,num_watched,num_complete,num_incomplete,complete_rate,incomplete_rate,watched_time_hour,watched_time_weekday,seek_video_sum,seek_video_avg,pause_video_sum,pause_video_avg,stop_video_sum,stop_video_avg,video_forward_seek_sum,video_forward_seek_avg,video_backward_seek_sum,video_backward_seek_avg,video_pause_forward_seek_sum,video_pause_forward_seek_avg,video_pause_backward_seek_sum,video_pause_backward_seek_avg,video_stop_backward_seek_sum,video_stop_backward_seek_avg,all_type_video_forward_seek_sum,all_type_video_forward_seek_avg,all_type_video_backward_seek_sum,all_type_video_backward_seek_avg,all_type_video_seek_sum,all_type_video_seek_avg,video_pause_sum,video_pause_avg,video_stop_sum,video_stop_avg,video_play_sum,video_play_avg,video_events_sum,video_events_avg,mt_practice_sum,mt_unit_sum,mt_online_num_day,mt_online_practice_num_day,hw_mean,qz_mean,final_score
Y1050160,0.333333333333,0.333333333333,60.3333333333,60.3333333333,0.333333333333,4.33333333333,4.33333333333,0.333333333333,4.0,4.0,0.0,0.0,0.0,0.666666666667,0.0,0.666666666667,0.0,0.333333333333,1.17601872967,0.333333333333,0.333333333333,0.166666666667,0.666666666667,0.333333333333,0.0,0.0,1.0,0.5,0.0,0.0,1.33333333333,0.666666666667,0.0,0.0,0.0,0.0,2.33333333333,1.16666666667,0.0,0.0,2.33333333333,1.16666666667,2.0,1.0,0.0,0.0,3.0,1.5,7.33333333333,3.66666666667,0.0,0.0,0.0,0.0,0.0,22.33333333,30.0
Y1050161,0.0,0.0,0.0,0.0,0.0,0.0,0.0,0.0,0.0,0.0,0.0,0.0,0.0,0.0,0.0,0.0,0.0,0.0,0.0,0.0,0.0,0.0,0.0,0.0,0.0,0.0,0.0,0.0,0.0,0.0,0.0,0.0,0.0,0.0,0.0,0.0,0.0,0.0,0.0,0.0,0.0,0.0,0.0,0.0,0.0,0.0,0.0,0.0,0.0,0.0,0.0,0.0,0.0,0.0,0.0,43.33333333,40.0
Y1050162,1.66666666667,1.66666666667,182.666666667,480.0,1.66666666667,11.5,30.6666666667,1.66666666667,35.4444444433,91.6666666667,0.0,0.0,0.0,6.0,4.33333333333,1.66666666667,0.488095238,0.178571428667,5.76866923367,2.33333333333,5.33333333333,0.559523809667,6.0,0.666666666667,0.333333333333,0.0238095236667,14.0,1.29761904767,23.6666666667,3.41666666667,35.3333333333,4.78571428567,9.66666666667,1.28571428567,0.333333333333,0.0238095236667,49.3333333333,6.08333333333,33.6666666667,4.72619047633,83.0,10.80952381,50.6666666667,6.71428571433,0.333333333333,0.0238095236667,89.0,11.4761904767,223.0,29.0238095233,0.0,0.0,0.0,0.0,0.0,41.66666667,30.0
Y1050163,0.0,0.0,0.0,0.0,0.0,0.0,0.0,0.0,0.0,0.0,0.0,0.0,0.0,0.0,0.0,0.0,0.0,0.0,0.0,0.0,0.0,0.0,0.0,0.0,0.0,0.0,0.0,0.0,0.0,0.0,0.0,0.0,0.0,0.0,0.0,0.0,0.0,0.0,0.0,0.0,0.0,0.0,0.0,0.0,0.0,0.0,0.0,0.0,0.0,0.0,0.0,0.0,0.0,0.0,0.0,0.0,0.0
Y1050164,0.0,0.0,0.0,0.0,0.0,0.0,0.0,0.0,0.0,0.0,0.0,0.0,0.0,0.0,0.0,0.0,0.0,0.0,0.0,0.0,0.0,0.0,0.0,0.0,0.0,0.0,0.0,0.0,0.0,0.0,0.0,0.0,0.0,0.0,0.0,0.0,0.0,0.0,0.0,0.0,0.0,0.0,0.0,0.0,0.0,0.0,0.0,0.0,0.0,0.0,0.0,0.0,0.0,0.0,0.0,0.0,0.0
Y1050165,0.0,0.0,0.0,0.0,0.0,0.0,0.0,0.0,0.0,0.0,0.0,0.0,0.0,0.0,0.0,0.0,0.0,0.0,0.0,0.0,0.0,0.0,0.0,0.0,0.0,0.0,0.0,0.0,0.0,0.0,0.0,0.0,0.0,0.0,0.0,0.0,0.0,0.0,0.0,0.0,0.0,0.0,0.0,0.0,0.0,0.0,0.0,0.0,0.0,0.0,0.0,0.0,0.0,0.0,0.0,0.0,0.0
Y1050166,0.666666666667,0.666666666667,14.1666666667,28.3333333333,0.0,0.0,0.0,0.666666666667,3.0,6.0,0.0,0.0,0.0,0.333333333333,0.0,0.333333333333,0.0,0.333333333333,0.423952711,1.0,0.333333333333,0.333333333333,0.333333333333,0.333333333333,0.0,0.0,0.0,0.0,0.333333333333,0.333333333333,1.33333333333,1.33333333333,1.33333333333,1.33333333333,0.0,0.0,1.33333333333,1.33333333333,1.66666666667,1.66666666667,3.0,3.0,3.0,3.0,0.0,0.0,3.33333333333,3.33333333333,9.33333333333,9.33333333333,0.0,0.0,0.0,0.0,0.0,0.0,20.0
Y1050167,0.0,0.0,0.0,0.0,0.0,0.0,0.0,0.0,0.0,0.0,0.0,0.0,0.0,0.0,0.0,0.0,0.0,0.0,0.0,0.0,0.0,0.0,0.0,0.0,0.0,0.0,0.0,0.0,0.0,0.0,0.0,0.0,0.0,0.0,0.0,0.0,0.0,0.0,0.0,0.0,0.0,0.0,0.0,0.0,0.0,0.0,0.0,0.0,0.0,0.0,0.0,0.0,0.0,0.0,0.0,22.0,30.0
Y1050168,0.0,0.0,0.0,0.0,0.0,0.0,0.0,0.0,0.0,0.0,0.0,0.0,0.0,0.0,0.0,0.0,0.0,0.0,0.0,0.0,0.0,0.0,0.0,0.0,0.0,0.0,0.0,0.0,0.0,0.0,0.0,0.0,0.0,0.0,0.0,0.0,0.0,0.0,0.0,0.0,0.0,0.0,0.0,0.0,0.0,0.0,0.0,0.0,0.0,0.0,0.0,0.0,0.0,0.0,0.0,2.666666667,10.0
Y1050169,0.0,0.0,0.0,0.0,0.0,0.0,0.0,0.0,0.0,0.0,0.0,0.0,0.0,0.0,0.0,0.0,0.0,0.0,0.0,0.0,0.0,0.0,0.0,0.0,0.0,0.0,0.0,0.0,0.0,0.0,0.0,0.0,0.0,0.0,0.0,0.0,0.0,0.0,0.0,0.0,0.0,0.0,0.0,0.0,0.0,0.0,0.0,0.0,0.0,0.0,0.0,0.0,0.0,0.0,0.0,0.0,0.0
Y1050170,0.0,0.0,0.0,0.0,0.0,0.0,0.0,0.0,0.0,0.0,0.0,0.0,0.0,0.0,0.0,0.0,0.0,0.0,0.0,0.0,0.0,0.0,0.0,0.0,0.0,0.0,0.0,0.0,0.0,0.0,0.0,0.0,0.0,0.0,0.0,0.0,0.0,0.0,0.0,0.0,0.0,0.0,0.0,0.0,0.0,0.0,0.0,0.0,0.0,0.0,0.0,0.0,0.0,0.0,0.0,0.0,10.0
Y1050171,2.33333333333,2.33333333333,211.777777767,498.333333333,2.33333333333,29.9444444433,71.0,2.33333333333,9.05555555567,20.6666666667,0.0,0.0,0.0,9.0,8.66666666667,0.333333333333,0.952380952333,0.0476190476667,6.84306082633,2.0,0.666666666667,0.0694444443333,8.0,0.896825396667,2.33333333333,0.253968254,0.333333333333,0.0416666666667,0.666666666667,0.0694444443333,8.0,0.936507936667,1.66666666667,0.200396825333,0.0,0.0,8.33333333333,0.978174603333,2.33333333333,0.26984127,10.6666666667,1.248015873,16.3333333333,1.882936508,2.33333333333,0.253968254,19.6666666667,2.248015873,49.0,5.632936508,0.0,0.0,0.0,0.0,0.0,26.0,10.0
Y1050172,0.0,0.0,0.0,0.0,0.0,0.0,0.0,0.0,0.0,0.0,0.0,0.0,0.0,0.0,0.0,0.0,0.0,0.0,0.0,0.0,0.0,0.0,0.0,0.0,0.0,0.0,0.0,0.0,0.0,0.0,0.0,0.0,0.0,0.0,0.0,0.0,0.0,0.0,0.0,0.0,0.0,0.0,0.0,0.0,0.0,0.0,0.0,0.0,0.0,0.0,0.0,0.0,0.0,0.0,0.0,12.66666667,10.0
Y1050173,3.0,3.0,114.5111111,441.666666667,1.66666666667,17.3333333333,43.6666666667,1.0,18.5,22.6666666667,0.0,0.0,0.0,2.0,1.0,1.0,0.333333333333,0.333333333333,4.42995949267,2.0,1.0,0.333333333333,2.0,0.666666666667,0.666666666667,0.222222222,2.0,0.666666666667,0.333333333333,0.111111111,13.0,4.33333333433,3.0,1.0,0.333333333333,0.111111111,15.0,5.0,3.66666666667,1.22222222233,18.6666666667,6.22222222233,17.6666666667,5.888888889,0.666666666667,0.222222222,20.6666666667,6.888888889,57.6666666667,19.22222222,0.0,0.0,0.0,0.0,0.0,84.33333333,70.0
Y1050174,5.33333333333,5.33333333333,68.9285714333,435.333333333,2.66666666667,22.22222222,65.6666666667,0.333333333333,0.333333333333,0.333333333333,0.0,0.0,0.0,0.333333333333,0.0,0.333333333333,0.0,0.333333333333,0.546531035,0.333333333333,0.333333333333,0.333333333333,0.0,0.0,0.0,0.0,0.0,0.0,0.0,0.0,0.0,0.0,0.0,0.0,0.0,0.0,0.0,0.0,0.0,0.0,0.0,0.0,0.0,0.0,0.0,0.0,0.333333333333,0.333333333333,0.333333333333,0.333333333333,8.0,2.66666666667,2.66666666667,4.33333333333,6.125,76.66666667,80.0
Y1050175,2.0,2.0,119.555555567,358.666666667,1.66666666667,14.38888889,33.3333333333,2.0,9.66666666667,29.0,0.0,0.0,0.0,6.66666666667,4.0,2.66666666667,0.390572390333,0.276094276333,9.79757055333,1.33333333333,3.0,0.299663299667,6.0,0.592592592667,1.0,0.0976430976667,3.0,0.306397306667,3.0,0.292929292667,8.33333333333,0.811447811333,5.0,0.468013468,0.0,0.0,11.3333333333,1.11784511767,8.0,0.760942761,19.3333333333,1.87878787867,18.0,1.750841751,1.0,0.0976430976667,26.0,2.54545454533,64.3333333333,6.27272727333,0.0,0.0,0.0,0.0,0.0,44.33333333,30.0
Y1050176,4.33333333333,4.33333333333,257.416666667,1103.0,3.33333333333,28.72222222,96.6666666667,4.0,19.0333333333,77.3333333333,0.0,0.0,0.0,10.0,7.33333333333,2.66666666667,0.675213675,0.324786325,10.747299423,1.0,6.33333333333,0.579642579333,10.0,1.0,0.0,0.0,25.3333333333,2.48018648033,6.66666666667,0.587412587667,25.0,2.49572649567,5.0,0.557498057667,0.0,0.0,50.3333333333,4.975912976,11.6666666667,1.14491064467,62.0,6.120823621,38.6666666667,3.94599844633,0.0,0.0,72.0,7.120823621,172.666666667,17.1876456867,11.6666666667,2.66666666667,2.33333333333,3.0,9.25,75.33333333,90.0
Y1050177,1.66666666667,1.66666666667,306.166666667,600.333333333,0.666666666667,56.3333333333,56.3333333333,0.666666666667,55.0,55.0,0.0,0.0,0.0,4.66666666667,2.33333333333,2.33333333333,0.283333333333,0.383333333333,8.23254817,2.66666666667,4.66666666667,0.666666666667,4.33333333333,0.633333333333,0.666666666667,0.116666666667,22.3333333333,3.18333333333,15.3333333333,1.68333333333,2.33333333333,0.333333333333,3.0,0.3,0.666666666667,0.116666666667,24.6666666667,3.51666666667,19.0,2.1,43.6666666667,5.61666666667,8.0,1.1,0.666666666667,0.116666666667,48.3333333333,6.28333333333,100.666666667,13.1166666667,0.0,0.0,0.0,0.0,0.0,7.666666667,20.0
Y1050178,0.0,0.0,0.0,0.0,0.0,0.0,0.0,0.0,0.0,0.0,0.0,0.0,0.0,0.0,0.0,0.0,0.0,0.0,0.0,0.0,0.0,0.0,0.0,0.0,0.0,0.0,0.0,0.0,0.0,0.0,0.0,0.0,0.0,0.0,0.0,0.0,0.0,0.0,0.0,0.0,0.0,0.0,0.0,0.0,0.0,0.0,0.0,0.0,0.0,0.0,0.0,0.0,0.0,0.0,0.0,0.0,20.0
Y1050179,4.33333333333,4.33333333333,233.383333333,997.666666667,3.0,31.4444444433,92.3333333333,4.0,19.188888889,79.0,0.0,0.0,0.0,10.0,8.66666666667,1.33333333333,0.863888889,0.136111111,11.439638441,1.0,5.0,0.463888889,10.0,1.0,2.0,0.197222222333,13.0,1.2,10.0,0.894444444333,23.0,2.06944444433,7.33333333333,0.708333333333,1.33333333333,0.111111111,36.0,3.26944444433,18.6666666667,1.713888889,54.6666666667,4.98333333333,38.3333333333,3.56944444433,2.66666666667,0.252777777667,64.6666666667,5.98333333333,160.333333333,14.78888889,5.33333333333,2.66666666667,2.66666666667,3.33333333333,8.14625,103.3333333,95.0
Y1050180,3.0,3.0,27.0,83.0,0.0,0.0,0.0,1.0,3.33333333333,10.0,0.0,0.0,0.0,3.66666666667,2.66666666667,1.0,0.242424242333,0.090909091,0.0845614523333,1.0,0.666666666667,0.0606060606667,3.0,0.272727272667,0.666666666667,0.0606060606667,1.66666666667,0.151515151667,0.0,0.0,3.66666666667,0.333333333333,0.0,0.0,0.0,0.0,5.33333333333,0.484848485,0.0,0.0,5.33333333333,0.484848485,6.33333333333,0.575757575667,0.666666666667,0.0606060606667,9.0,0.818181818333,21.3333333333,1.93939393933,0.0,0.0,0.0,0.0,0.0,39.33333333,40.0
Y1050181,0.333333333333,0.333333333333,7.33333333333,7.33333333333,0.0,0.0,0.0,0.0,0.0,0.0,0.0,0.0,0.0,0.0,0.0,0.0,0.0,0.0,0.0,0.0,0.0,0.0,0.0,0.0,0.0,0.0,0.0,0.0,0.0,0.0,0.0,0.0,0.0,0.0,0.0,0.0,0.0,0.0,0.0,0.0,0.0,0.0,0.0,0.0,0.0,0.0,0.0,0.0,0.0,0.0,0.0,0.0,0.0,0.0,0.0,0.0,20.0
Y1050182,4.33333333333,4.33333333333,206.25,914.666666667,2.66666666667,22.0833333333,59.6666666667,3.66666666667,26.2,98.3333333333,0.0,0.0,0.0,10.3333333333,8.66666666667,1.66666666667,0.801587301667,0.198412698333,8.225764916,1.0,6.0,0.539682539667,10.0,0.972222222333,3.0,0.26984127,8.0,0.686507936667,13.6666666667,1.25793650767,33.0,3.265873016,19.0,1.861111111,1.66666666667,0.138888889,41.0,3.95238095233,34.3333333333,3.25793650767,75.3333333333,7.21031746033,58.0,5.72619047633,3.0,0.26984127,85.6666666667,8.21031746133,222.0,21.4166666667,3.66666666667,2.66666666667,3.66666666667,3.33333333333,5.9375,100.0,90.0
Y1050183,0.0,0.0,0.0,0.0,0.0,0.0,0.0,0.0,0.0,0.0,0.0,0.0,0.0,0.0,0.0,0.0,0.0,0.0,0.0,0.0,0.0,0.0,0.0,0.0,0.0,0.0,0.0,0.0,0.0,0.0,0.0,0.0,0.0,0.0,0.0,0.0,0.0,0.0,0.0,0.0,0.0,0.0,0.0,0.0,0.0,0.0,0.0,0.0,0.0,0.0,0.0,0.0,0.0,0.0,0.0,0.0,10.0
Y1050184,0.0,0.0,0.0,0.0,0.0,0.0,0.0,0.0,0.0,0.0,0.0,0.0,0.0,0.0,0.0,0.0,0.0,0.0,0.0,0.0,0.0,0.0,0.0,0.0,0.0,0.0,0.0,0.0,0.0,0.0,0.0,0.0,0.0,0.0,0.0,0.0,0.0,0.0,0.0,0.0,0.0,0.0,0.0,0.0,0.0,0.0,0.0,0.0,0.0,0.0,0.0,0.0,0.0,0.0,0.0,7.666666667,10.0
Y1050185,5.33333333333,5.33333333333,144.222222223,774.0,2.0,40.3333333333,83.3333333333,2.66666666667,13.1333333333,45.0,1.0,0.777777777667,2.33333333333,10.6666666667,9.0,1.66666666667,0.927536232,0.072463768,5.382020698,1.0,5.0,0.383022774333,9.0,0.623188405667,3.0,0.501035196667,4.0,0.472049689667,8.0,0.679089027,11.6666666667,0.639751552667,4.33333333333,0.287784679333,1.33333333333,0.0910973086667,15.6666666667,1.11180124233,13.6666666667,1.05797101433,29.3333333333,2.16977225667,24.3333333333,1.45548654233,3.0,0.501035196667,40.3333333333,3.18426501033,97.0,7.31055900467,9.0,2.66666666667,1.66666666667,3.0,10.0,88.0,99.0
Y1050186,4.0,4.0,274.5,1098.0,2.33333333333,44.0,98.6666666667,3.66666666667,29.0833333333,102.666666667,0.0,0.0,0.0,11.0,9.66666666667,1.33333333333,0.839438339667,0.160561660333,5.02709660467,1.66666666667,8.0,0.714896215,10.3333333333,0.948717948667,2.33333333333,0.175824176,22.6666666667,1.93345543333,32.0,2.611111111,18.3333333333,1.492063492,9.0,0.816239316,0.333333333333,0.0256410256667,41.0,3.42551892533,41.3333333333,3.452991453,82.3333333333,6.87851037833,35.6666666667,3.108669109,2.33333333333,0.175824176,93.3333333333,7.878510378,213.666666667,18.04151404,5.66666666667,2.66666666667,1.66666666667,3.33333333333,7.65625,79.33333333,85.0
Y1050187,0.0,0.0,0.0,0.0,0.0,0.0,0.0,0.0,0.0,0.0,0.0,0.0,0.0,0.0,0.0,0.0,0.0,0.0,0.0,0.0,0.0,0.0,0.0,0.0,0.0,0.0,0.0,0.0,0.0,0.0,0.0,0.0,0.0,0.0,0.0,0.0,0.0,0.0,0.0,0.0,0.0,0.0,0.0,0.0,0.0,0.0,0.0,0.0,0.0,0.0,0.0,0.0,0.0,0.0,0.0,0.0,20.0
Y1050188,1.66666666667,1.66666666667,76.8333333333,128.333333333,0.333333333333,3.66666666667,3.66666666667,1.33333333333,18.1666666667,28.6666666667,0.0,0.0,0.0,1.66666666667,0.666666666667,1.0,0.222222222333,0.777777777667,8.478240768,3.0,1.0,0.555555555667,1.66666666667,1.0,0.333333333333,0.111111111,3.66666666667,2.33333333333,1.66666666667,0.555555555667,16.0,7.55555555667,3.33333333333,2.44444444433,0.0,0.0,19.6666666667,9.88888889,5.0,3.0,24.6666666667,12.88888889,20.6666666667,10.88888889,0.333333333333,0.111111111,26.3333333333,13.88888889,72.0,37.7777777767,0.0,0.0,0.0,0.0,0.0,34.0,45.0
Y1050189,3.0,3.0,324.555555567,973.666666667,1.66666666667,30.5555555567,70.3333333333,2.0,70.3333333333,139.0,0.0,0.0,0.0,14.0,10.0,4.0,0.689814814667,0.310185185333,10.2253979007,2.66666666667,10.6666666667,0.699074074,13.3333333333,0.960648148,2.33333333333,0.136574074,64.3333333333,4.550925926,27.6666666667,1.94675925933,21.0,1.34259259267,7.66666666667,0.5625,0.666666666667,0.037037037,85.3333333333,5.89351851867,36.0,2.54629629633,121.333333333,8.43981481467,41.0,2.80555555567,2.33333333333,0.136574074,135.333333333,9.43981481467,300.0,20.82175926,3.66666666667,2.66666666667,1.66666666667,3.0,6.14625,99.0,91.0
Y1050190,4.0,4.0,263.2777778,1038.0,2.0,32.7777777767,66.0,2.66666666667,66.8666666667,127.333333333,0.0,0.0,0.0,10.0,7.33333333333,2.66666666667,0.738492063333,0.261507936667,7.024345261,1.66666666667,7.66666666667,0.78015873,9.33333333333,0.955555555667,1.33333333333,0.108333333333,18.3333333333,1.92341269867,30.6666666667,3.05634920633,37.3333333333,4.20158730133,15.3333333333,1.65,0.666666666667,0.063888889,55.6666666667,6.125,46.6666666667,4.77023809533,102.333333333,10.8952380967,60.6666666667,6.69880952367,1.33333333333,0.108333333333,112.333333333,11.8952380967,276.666666667,29.5976190467,3.0,2.0,1.33333333333,2.33333333333,4.25,96.66666667,90.0
Y1050191,4.33333333333,4.33333333333,107.777777767,508.333333333,2.33333333333,5.08333333333,14.3333333333,3.33333333333,36.4777777777,127.0,0.0,0.0,0.0,8.33333333333,2.0,6.33333333333,0.185185185,0.814814815,3.036158066,1.33333333333,7.0,0.925925926,6.66666666667,0.870370370333,0.0,0.0,97.6666666667,10.2407407433,5.0,1.648148148,7.66666666667,2.537037037,4.66666666667,1.351851852,0.0,0.0,105.333333333,12.77777778,9.66666666667,3.0,115.0,15.7777777767,18.6666666667,4.74074074067,0.0,0.0,123.333333333,16.7777777767,257.0,37.2962962967,0.0,0.0,0.0,0.0,0.0,38.33333333,40.0
Y1050192,2.33333333333,2.33333333333,489.555555567,1050.66666667,2.0,64.1666666667,128.333333333,2.0,36.3333333333,72.6666666667,0.0,0.0,0.0,10.6666666667,8.33333333333,2.33333333333,0.732600732667,0.267399267333,7.300242693,3.33333333333,8.0,0.764346764333,9.66666666667,0.876984127,0.333333333333,0.0277777776667,21.6666666667,2.21855921867,19.0,1.61355311333,8.0,0.744505494333,6.66666666667,0.576007326,0.333333333333,0.0277777776667,29.6666666667,2.963064713,26.0,2.21733821733,55.6666666667,5.18040293033,23.3333333333,2.09859584867,0.333333333333,0.0277777776667,66.3333333333,6.18040293033,145.666666667,13.4871794867,13.3333333333,2.66666666667,1.66666666667,4.0,7.27125,67.0,70.0
Y1050193,0.0,0.0,0.0,0.0,0.0,0.0,0.0,0.0,0.0,0.0,0.0,0.0,0.0,0.0,0.0,0.0,0.0,0.0,0.0,0.0,0.0,0.0,0.0,0.0,0.0,0.0,0.0,0.0,0.0,0.0,0.0,0.0,0.0,0.0,0.0,0.0,0.0,0.0,0.0,0.0,0.0,0.0,0.0,0.0,0.0,0.0,0.0,0.0,0.0,0.0,0.0,0.0,0.0,0.0,0.0,10.0,20.0
Y1050194,1.66666666667,1.66666666667,125.8888889,287.666666667,1.0,15.1666666667,22.6666666667,0.666666666667,30.0,30.0,0.0,0.0,0.0,1.66666666667,0.666666666667,1.0,0.166666666667,0.5,8.80613723533,2.66666666667,1.66666666667,0.666666666667,1.66666666667,0.666666666667,0.333333333333,0.0833333333333,1.0,0.25,15.6666666667,4.41666666667,6.33333333333,1.83333333333,1.66666666667,0.416666666667,0.0,0.0,7.33333333333,2.08333333333,17.3333333333,4.83333333333,24.6666666667,6.91666666667,9.0,2.5,0.333333333333,0.0833333333333,26.3333333333,7.58333333333,60.3333333333,17.0833333333,0.0,0.0,0.0,0.0,0.0,5.0,20.0
Y1050195,3.33333333333,3.33333333333,240.916666677,828.0,2.33333333333,18.5,42.3333333333,2.0,32.9166666667,92.0,0.0,0.0,0.0,6.66666666667,6.0,0.666666666667,0.6,0.0666666666667,7.97090903333,1.0,3.33333333333,0.333333333333,6.66666666667,0.666666666667,1.33333333333,0.133333333333,2.66666666667,0.266666666667,7.33333333333,0.733333333333,67.6666666667,6.76666666667,5.66666666667,0.566666666667,0.333333333333,0.0333333333333,70.3333333333,7.03333333333,13.3333333333,1.33333333333,83.6666666667,8.36666666667,79.0,7.9,1.33333333333,0.133333333333,90.3333333333,9.03333333333,254.333333333,25.4333333333,0.333333333333,0.333333333333,0.333333333333,0.333333333333,0.625,36.0,40.0
Y1050196,0.0,0.0,0.0,0.0,0.0,0.0,0.0,0.0,0.0,0.0,0.0,0.0,0.0,0.0,0.0,0.0,0.0,0.0,0.0,0.0,0.0,0.0,0.0,0.0,0.0,0.0,0.0,0.0,0.0,0.0,0.0,0.0,0.0,0.0,0.0,0.0,0.0,0.0,0.0,0.0,0.0,0.0,0.0,0.0,0.0,0.0,0.0,0.0,0.0,0.0,0.0,0.0,0.0,0.0,0.0,0.0,10.0
Y1050197,3.0,3.0,945.1388889,2553.0,2.33333333333,29.6666666667,81.0,3.0,285.583333333,733.333333333,0.0,0.0,0.0,29.6666666667,27.6666666667,2.0,0.919281046,0.080718954,12.1329391323,1.33333333333,28.3333333333,0.949836601333,27.6666666667,0.930228758,6.33333333333,0.227124183,364.0,11.2844771257,143.0,4.59215686267,81.3333333333,2.68905228733,38.0,1.488398693,3.66666666667,0.128267973667,445.333333333,13.9735294133,184.666666667,6.20882352933,630.0,20.18235294,139.0,4.79068627467,6.66666666667,0.236928104667,659.666666667,21.18235294,1435.33333333,46.3923202633,1.33333333333,1.33333333333,0.666666666667,1.33333333333,2.45875,89.33333333,80.0
Y1050198,0.666666666667,0.666666666667,15.3333333333,30.6666666667,0.333333333333,2.66666666667,2.66666666667,0.333333333333,3.0,3.0,0.0,0.0,0.0,0.666666666667,0.333333333333,0.333333333333,0.166666666667,0.166666666667,2.192211271,0.333333333333,0.333333333333,0.166666666667,0.666666666667,0.333333333333,0.333333333333,0.166666666667,0.0,0.0,1.33333333333,0.666666666667,0.0,0.0,0.0,0.0,0.333333333333,0.166666666667,0.0,0.0,1.66666666667,0.833333333333,1.66666666667,0.833333333333,0.666666666667,0.333333333333,0.333333333333,0.166666666667,2.33333333333,1.16666666667,5.0,2.5,0.0,0.0,0.0,0.0,0.0,31.33333333,20.0
Y1050199,0.0,0.0,0.0,0.0,0.0,0.0,0.0,0.0,0.0,0.0,0.0,0.0,0.0,0.0,0.0,0.0,0.0,0.0,0.0,0.0,0.0,0.0,0.0,0.0,0.0,0.0,0.0,0.0,0.0,0.0,0.0,0.0,0.0,0.0,0.0,0.0,0.0,0.0,0.0,0.0,0.0,0.0,0.0,0.0,0.0,0.0,0.0,0.0,0.0,0.0,0.0,0.0,0.0,0.0,0.0,0.0,30.0
Y1050200,2.0,2.0,177.055555567,414.0,1.33333333333,8.88888889,20.6666666667,2.0,30.3333333333,70.0,0.0,0.0,0.0,5.0,3.33333333333,1.66666666667,0.464646464667,0.535353535333,10.2585459817,1.33333333333,2.33333333333,0.595959596,5.0,1.0,0.0,0.0,0.666666666667,0.0606060606667,5.66666666667,1.54545454533,38.3333333333,8.65656565533,6.0,1.57575757567,0.0,0.0,39.0,8.717171716,11.6666666667,3.12121212133,50.6666666667,11.8383838373,49.0,11.202020201,0.0,0.0,55.6666666667,12.8383838373,155.333333333,35.87878788,0.0,0.0,0.0,0.0,0.0,17.0,30.0
Y1050201,3.33333333333,3.33333333333,243.6388889,804.333333333,1.66666666667,14.4444444443,31.6666666667,2.66666666667,46.27777778,126.0,0.0,0.0,0.0,16.6666666667,11.0,5.66666666667,0.725869809333,0.274130190667,9.942391025,1.33333333333,13.6666666667,0.827160494,15.3333333333,0.932659932667,1.0,0.070426487,25.3333333333,1.41329966333,17.3333333333,1.175925926,30.3333333333,2.07351290667,15.6666666667,1.17592592567,0.0,0.0,55.6666666667,3.48681257,33.0,2.35185185167,88.6666666667,5.83866442167,56.0,3.85101010067,1.0,0.070426487,105.333333333,6.83866442167,251.0,16.59876543,9.0,2.66666666667,2.66666666667,4.66666666667,6.0775,62.0,68.0
Y1050202,4.0,4.0,185.3,780.666666667,2.33333333333,24.0833333333,68.3333333333,2.66666666667,25.25,74.3333333333,0.0,0.0,0.0,8.0,7.66666666667,0.333333333333,0.952380952333,0.0476190476667,13.1511171,1.33333333333,2.33333333333,0.226190476333,8.0,1.0,3.33333333333,0.315476190333,3.33333333333,0.342261904667,2.0,0.151785714333,49.3333333333,7.12797619033,8.33333333333,0.994047619,0.666666666667,0.068452381,52.6666666667,7.47023809533,11.0,1.21428571433,63.6666666667,8.68452380967,63.0,8.875,3.33333333333,0.315476190333,71.6666666667,9.68452380967,201.666666667,27.55952381,3.0,2.0,1.33333333333,2.33333333333,5.5625,71.66666667,75.0
Y1050203,0.0,0.0,0.0,0.0,0.0,0.0,0.0,0.0,0.0,0.0,0.0,0.0,0.0,0.0,0.0,0.0,0.0,0.0,0.0,0.0,0.0,0.0,0.0,0.0,0.0,0.0,0.0,0.0,0.0,0.0,0.0,0.0,0.0,0.0,0.0,0.0,0.0,0.0,0.0,0.0,0.0,0.0,0.0,0.0,0.0,0.0,0.0,0.0,0.0,0.0,0.0,0.0,0.0,0.0,0.0,0.0,10.0
Y1050204,2.33333333333,2.33333333333,281.416666667,592.666666667,1.33333333333,31.5,39.6666666667,2.0,28.3333333333,55.3333333333,0.0,0.0,0.0,15.3333333333,13.0,2.33333333333,0.760019550333,0.239980449667,4.80123473733,1.33333333333,5.0,0.259042033333,14.6666666667,0.978494623667,4.0,0.279814272,3.33333333333,0.146627566,13.0,0.673509286333,13.6666666667,0.820625611,5.66666666667,0.339198436,1.33333333333,0.062561095,17.0,0.967253177,20.0,1.07526881733,37.0,2.04252199433,31.6666666667,1.93181818167,4.33333333333,0.29056696,52.3333333333,3.04252199433,125.333333333,7.30742912833,1.33333333333,1.33333333333,1.0,1.33333333333,4.125,95.66666667,90.0
Y1050205,3.66666666667,3.66666666667,175.116666667,699.666666667,2.0,23.25,58.0,3.0,22.1333333333,66.6666666667,0.0,0.0,0.0,9.0,8.33333333333,0.666666666667,0.818181818333,0.181818181667,10.7945821353,1.66666666667,4.66666666667,0.555555555667,8.66666666667,0.984848485,3.66666666667,0.358585858667,0.666666666667,0.181818181667,15.6666666667,3.43434343433,28.3333333333,6.93939393933,6.0,1.16666666667,0.666666666667,0.0303030303333,29.0,7.12121212133,22.3333333333,4.63131313133,51.3333333333,11.7525252537,40.3333333333,8.77777777767,3.66666666667,0.358585858667,60.3333333333,12.7525252537,155.666666667,33.64141414,6.0,2.66666666667,1.0,2.66666666667,6.74,90.0,88.0
Y1050206,3.66666666667,3.66666666667,180.622222233,636.0,3.33333333333,22.1944444433,73.6666666667,3.0,12.2222222233,33.6666666667,0.0,0.0,0.0,7.66666666667,5.33333333333,2.33333333333,0.737373737,0.262626263,5.99885011967,1.66666666667,3.66666666667,0.510101010333,7.66666666667,1.0,1.33333333333,0.196969697,9.66666666667,1.51010101033,3.66666666667,0.459595959333,4.33333333333,0.646464646667,2.66666666667,0.444444444333,0.666666666667,0.085858586,14.0,2.15656565633,7.0,0.989898989667,21.0,3.14646464633,14.0,1.97979798,1.33333333333,0.196969697,28.6666666667,4.14646464633,65.0,9.46969696967,0.0,0.0,0.0,0.0,0.0,91.33333333,70.0
Y1050207,0.666666666667,0.666666666667,657.0,657.0,0.333333333333,8.33333333333,8.33333333333,0.666666666667,222.0,222.0,0.0,0.0,0.0,14.3333333333,8.66666666667,5.66666666667,0.390151515,0.276515151667,8.25600057667,1.33333333333,13.0,0.625,9.66666666667,0.461174242333,1.66666666667,0.0520833333333,158.333333333,7.79166666667,13.3333333333,0.535984848333,15.0,0.548295454667,4.33333333333,0.155303030333,1.0,0.03125,173.333333333,8.33996212,18.6666666667,0.722537878667,192.0,9.0625,27.0,1.08238636367,1.66666666667,0.0520833333333,206.333333333,9.72916666667,427.0,19.9261363633,0.0,0.0,0.0,0.0,0.0,54.33333333,40.0
Y1050208,5.66666666667,5.66666666667,185.142857133,1114.0,5.0,13.611111111,75.3333333333,3.66666666667,18.1833333333,71.3333333333,0.0,0.0,0.0,5.66666666667,2.66666666667,3.0,0.601190476333,0.398809523667,9.00807056533,2.0,5.66666666667,1.0,5.0,0.904761904667,0.0,0.0,46.0,7.30357143,3.33333333333,0.571428571333,13.6666666667,3.017857143,0.333333333333,0.0416666666667,0.0,0.0,59.6666666667,10.32142857,3.66666666667,0.613095238,63.3333333333,10.93452381,18.6666666667,3.92261904767,0.0,0.0,69.0,11.93452381,151.0,26.7916666667,8.0,2.66666666667,1.66666666667,2.66666666667,5.75,70.0,70.0
Y1050209,5.66666666667,5.66666666667,129.718253967,758.0,5.0,10.2444444433,52.6666666667,2.66666666667,12.3333333333,27.3333333333,0.0,0.0,0.0,12.3333333333,3.0,9.33333333333,0.344444444333,0.655555555667,0.945365419333,1.33333333333,0.666666666667,0.0555555556667,12.3333333333,1.0,0.666666666667,0.0944444443333,0.666666666667,0.0555555556667,0.666666666667,0.0555555556667,7.66666666667,0.955555555667,3.33333333333,0.333333333333,0.0,0.0,8.33333333333,1.011111111,4.0,0.388888889,12.3333333333,1.4,22.3333333333,2.16666666667,0.666666666667,0.0944444443333,24.6666666667,2.4,60.0,6.061111111,5.0,2.66666666667,2.33333333333,4.0,7.96875,91.33333333,85.0
Y1050210,0.0,0.0,0.0,0.0,0.0,0.0,0.0,0.0,0.0,0.0,0.0,0.0,0.0,0.0,0.0,0.0,0.0,0.0,0.0,0.0,0.0,0.0,0.0,0.0,0.0,0.0,0.0,0.0,0.0,0.0,0.0,0.0,0.0,0.0,0.0,0.0,0.0,0.0,0.0,0.0,0.0,0.0,0.0,0.0,0.0,0.0,0.0,0.0,0.0,0.0,0.0,0.0,0.0,0.0,0.0,0.0,20.0
Y1050211,1.0,1.0,107.333333333,171.333333333,0.666666666667,11.0,11.0,0.666666666667,1.66666666667,1.66666666667,0.0,0.0,0.0,0.666666666667,0.333333333333,0.333333333333,0.333333333333,0.333333333333,5.87858343933,1.0,0.333333333333,0.333333333333,0.333333333333,0.333333333333,0.333333333333,0.333333333333,0.0,0.0,0.0,0.0,0.0,0.0,0.333333333333,0.333333333333,0.0,0.0,0.0,0.0,0.333333333333,0.333333333333,0.333333333333,0.333333333333,0.333333333333,0.333333333333,0.333333333333,0.333333333333,1.0,1.0,2.0,2.0,0.0,0.0,0.0,0.0,0.0,19.33333333,40.0
Y1050212,0.333333333333,0.333333333333,47.3333333333,47.3333333333,0.333333333333,5.33333333333,5.33333333333,0.0,0.0,0.0,0.0,0.0,0.0,0.0,0.0,0.0,0.0,0.0,0.0,0.0,0.0,0.0,0.0,0.0,0.0,0.0,0.0,0.0,0.0,0.0,0.0,0.0,0.0,0.0,0.0,0.0,0.0,0.0,0.0,0.0,0.0,0.0,0.0,0.0,0.0,0.0,0.0,0.0,0.0,0.0,0.0,0.0,0.0,0.0,0.0,8.333333333,20.0
Y1050213,0.0,0.0,0.0,0.0,0.0,0.0,0.0,0.0,0.0,0.0,0.0,0.0,0.0,0.0,0.0,0.0,0.0,0.0,0.0,0.0,0.0,0.0,0.0,0.0,0.0,0.0,0.0,0.0,0.0,0.0,0.0,0.0,0.0,0.0,0.0,0.0,0.0,0.0,0.0,0.0,0.0,0.0,0.0,0.0,0.0,0.0,0.0,0.0,0.0,0.0,0.0,0.0,0.0,0.0,0.0,0.0,10.0
Y1050214,1.0,1.0,35.0,105.0,0.666666666667,2.66666666667,5.33333333333,1.0,7.88888889,23.6666666667,0.0,0.0,0.0,1.66666666667,1.33333333333,0.333333333333,0.266666666667,0.0666666666667,3.96965689667,0.333333333333,1.0,0.2,1.66666666667,0.333333333333,0.333333333333,0.0666666666667,4.66666666667,0.933333333333,5.33333333333,1.06666666667,9.33333333333,1.86666666667,1.0,0.2,0.0,0.0,14.0,2.8,6.33333333333,1.26666666667,20.3333333333,4.06666666667,11.6666666667,2.33333333333,0.333333333333,0.0666666666667,22.0,4.4,54.3333333333,10.8666666667,0.0,0.0,0.0,0.0,0.0,6.0,20.0
Y1050215,0.333333333333,0.333333333333,0.333333333333,0.333333333333,0.0,0.0,0.0,0.0,0.0,0.0,0.0,0.0,0.0,0.0,0.0,0.0,0.0,0.0,0.0,0.0,0.0,0.0,0.0,0.0,0.0,0.0,0.0,0.0,0.0,0.0,0.0,0.0,0.0,0.0,0.0,0.0,0.0,0.0,0.0,0.0,0.0,0.0,0.0,0.0,0.0,0.0,0.0,0.0,0.0,0.0,0.0,0.0,0.0,0.0,0.0,0.0,20.0
Y1050216,0.0,0.0,0.0,0.0,0.0,0.0,0.0,0.0,0.0,0.0,0.0,0.0,0.0,0.0,0.0,0.0,0.0,0.0,0.0,0.0,0.0,0.0,0.0,0.0,0.0,0.0,0.0,0.0,0.0,0.0,0.0,0.0,0.0,0.0,0.0,0.0,0.0,0.0,0.0,0.0,0.0,0.0,0.0,0.0,0.0,0.0,0.0,0.0,0.0,0.0,0.0,0.0,0.0,0.0,0.0,0.0,10.0
Y1050217,0.0,0.0,0.0,0.0,0.0,0.0,0.0,0.0,0.0,0.0,0.0,0.0,0.0,0.0,0.0,0.0,0.0,0.0,0.0,0.0,0.0,0.0,0.0,0.0,0.0,0.0,0.0,0.0,0.0,0.0,0.0,0.0,0.0,0.0,0.0,0.0,0.0,0.0,0.0,0.0,0.0,0.0,0.0,0.0,0.0,0.0,0.0,0.0,0.0,0.0,0.0,0.0,0.0,0.0,0.0,0.0,10.0
Y1050218,0.0,0.0,0.0,0.0,0.0,0.0,0.0,0.0,0.0,0.0,0.0,0.0,0.0,0.0,0.0,0.0,0.0,0.0,0.0,0.0,0.0,0.0,0.0,0.0,0.0,0.0,0.0,0.0,0.0,0.0,0.0,0.0,0.0,0.0,0.0,0.0,0.0,0.0,0.0,0.0,0.0,0.0,0.0,0.0,0.0,0.0,0.0,0.0,0.0,0.0,0.0,0.0,0.0,0.0,0.0,0.0,10.0
Y1050219,0.333333333333,0.333333333333,71.3333333333,71.3333333333,0.333333333333,9.66666666667,9.66666666667,0.333333333333,2.33333333333,2.33333333333,0.0,0.0,0.0,1.33333333333,0.0,1.33333333333,0.0,0.333333333333,4.60058689667,1.0,1.0,0.25,0.666666666667,0.166666666667,0.0,0.0,0.333333333333,0.0833333333333,0.0,0.0,0.666666666667,0.166666666667,0.0,0.0,0.0,0.0,1.0,0.25,0.0,0.0,1.0,0.25,1.0,0.25,0.0,0.0,2.33333333333,0.583333333333,4.33333333333,1.08333333333,0.0,0.0,0.0,0.0,0.0,8.0,20.0
Y1050220,1.66666666667,1.66666666667,135.833333333,290.333333333,0.333333333333,0.333333333333,0.333333333333,1.66666666667,32.3333333333,69.0,0.0,0.0,0.0,8.33333333333,5.33333333333,3.0,0.516666666667,0.15,3.141449239,1.66666666667,7.0,0.55,7.66666666667,0.633333333333,0.0,0.0,7.33333333333,0.566666666667,12.6666666667,1.18333333333,25.3333333333,1.91666666667,8.33333333333,0.566666666667,0.0,0.0,32.6666666667,2.48333333333,21.0,1.75,53.6666666667,4.23333333333,40.6666666667,3.03333333333,0.0,0.0,62.0,4.9,156.333333333,12.1666666667,0.0,0.0,0.0,0.0,0.0,11.66666667,30.0
Y1050221,3.0,3.0,202.2222222,606.666666667,2.33333333333,30.2222222233,74.3333333333,1.66666666667,5.66666666667,11.6666666667,0.0,0.0,0.0,3.33333333333,1.33333333333,2.0,0.148148148,0.518518518667,4.40990862067,2.66666666667,0.666666666667,0.370370370333,3.33333333333,0.666666666667,0.0,0.0,0.333333333333,0.037037037,0.666666666667,0.666666666667,4.33333333333,1.66666666667,0.666666666667,0.074074074,0.0,0.0,4.66666666667,1.70370370367,1.33333333333,0.740740740667,6.0,2.44444444433,8.33333333333,2.40740740733,0.0,0.0,9.33333333333,3.111111111,23.6666666667,7.962962963,4.66666666667,2.66666666667,2.0,3.33333333333,6.8175,78.66666667,80.0
Y1050222,3.33333333333,3.33333333333,184.472222233,612.666666667,1.66666666667,53.5,77.3333333333,1.66666666667,11.0555555567,26.6666666667,0.0,0.0,0.0,4.33333333333,3.66666666667,0.666666666667,0.555555555667,0.111111111,8.56825685167,2.0,2.33333333333,0.349206349,3.66666666667,0.571428571333,1.0,0.142857143,6.66666666667,1.09523809533,5.66666666667,0.825396825333,5.0,0.753968254,2.0,0.309523809667,0.333333333333,0.0476190476667,11.6666666667,1.849206349,8.0,1.18253968233,19.6666666667,3.031746032,10.6666666667,1.63492063467,1.0,0.142857143,24.0,3.69841269867,55.3333333333,8.50793651,0.0,0.0,0.0,0.0,0.0,64.33333333,50.0
Y1050223,1.0,1.0,110.444444433,331.333333333,1.0,9.11111111,27.3333333333,1.0,11.6666666667,35.0,0.0,0.0,0.0,3.66666666667,2.66666666667,1.0,0.242424242333,0.090909091,4.41366712,0.333333333333,2.66666666667,0.242424242333,3.66666666667,0.333333333333,0.666666666667,0.0606060606667,4.0,0.363636363667,3.66666666667,0.333333333333,15.0,1.36363636367,3.33333333333,0.303030303,0.666666666667,0.0606060606667,19.0,1.72727272733,7.66666666667,0.696969697,26.6666666667,2.42424242433,20.3333333333,1.84848484833,1.0,0.090909091,30.3333333333,2.75757575767,78.3333333333,7.12121212,0.0,0.0,0.0,0.0,0.0,11.0,20.0
Y1050224,3.0,3.0,136.166666667,432.666666667,1.66666666667,18.0,32.6666666667,2.0,20.2777777767,49.6666666667,0.0,0.0,0.0,7.33333333333,4.66666666667,2.66666666667,0.452380952333,0.547619047667,7.26321879167,3.0,3.33333333333,0.285714285667,7.0,0.976190476333,2.0,0.214285714333,3.33333333333,0.285714285667,8.0,0.666666666667,16.3333333333,2.47619047633,5.0,0.476190476,1.33333333333,0.119047619,19.6666666667,2.761904762,14.3333333333,1.261904762,34.0,4.02380952367,26.0,3.66666666667,2.33333333333,0.238095238333,41.3333333333,5.02380952367,103.666666667,12.9523809533,0.0,0.0,0.0,0.0,0.0,82.33333333,68.0
Y1050225,4.33333333333,4.33333333333,169.194444433,785.333333333,2.66666666667,21.0277777767,66.6666666667,3.66666666667,20.3888888867,78.3333333333,0.0,0.0,0.0,9.0,7.66666666667,1.33333333333,0.766666666667,0.233333333333,6.24341000033,1.66666666667,7.33333333333,0.711111111,8.33333333333,0.955555555667,3.66666666667,0.3,13.0,1.35555555567,20.0,2.44444444433,16.0,2.43333333333,8.66666666667,1.1,2.0,0.166666666667,29.0,3.788888889,30.6666666667,3.711111111,59.6666666667,7.5,30.3333333333,4.27777777767,3.66666666667,0.3,68.6666666667,8.5,162.333333333,20.5777777767,11.0,2.66666666667,4.33333333333,4.66666666667,6.65625,69.33333333,75.0
Y1050226,1.0,1.0,533.0,1031.66666667,0.666666666667,74.1666666667,148.333333333,0.666666666667,68.0,68.0,0.0,0.0,0.0,7.0,4.33333333333,2.66666666667,0.388888889,0.277777777667,1.07627179567,3.33333333333,2.66666666667,0.211111111333,5.0,0.5,0.333333333333,0.0222222223333,43.0,2.86666666667,6.66666666667,0.444444444333,4.66666666667,0.544444444667,1.0,0.1,0.0,0.0,47.6666666667,3.41111111133,7.66666666667,0.544444444667,55.3333333333,3.95555555433,10.0,1.1,0.333333333333,0.0222222223333,62.3333333333,4.622222221,128.0,9.700000001,0.0,0.0,0.0,0.0,0.0,38.33333333,40.0
Y1050227,1.0,1.0,47.5,73.3333333333,0.333333333333,0.333333333333,0.333333333333,0.666666666667,4.16666666667,8.33333333333,0.0,0.0,0.0,1.66666666667,1.33333333333,0.333333333333,0.266666666667,0.0666666666667,2.120948695,0.666666666667,1.0,0.2,1.66666666667,0.333333333333,0.0,0.0,0.0,0.0,1.0,0.2,5.33333333333,1.06666666667,0.0,0.0,0.0,0.0,5.33333333333,1.06666666667,1.0,0.2,6.33333333333,1.26666666667,7.0,1.4,0.0,0.0,8.0,1.6,21.3333333333,4.26666666667,0.0,0.0,0.0,0.0,0.0,7.666666667,10.0
Y1050228,3.33333333333,3.33333333333,262.833333333,1025.33333333,2.33333333333,22.0277777767,73.0,3.0,31.5833333333,122.333333333,1.0,0.333333333333,1.0,11.0,6.33333333333,4.66666666667,0.712418300667,0.287581699333,10.0667274573,2.33333333333,6.33333333333,0.707189542333,11.0,1.0,1.33333333333,0.0836601306667,25.0,1.55947712433,18.3333333333,2.09803921567,49.0,3.026143791,10.3333333333,0.641830065333,1.0,0.0614379086667,74.0,4.585620915,29.6666666667,2.80130718933,103.666666667,7.38692810567,70.0,4.645751634,1.33333333333,0.0836601306667,114.666666667,8.38692810567,289.666666667,20.5032679733,3.33333333333,2.66666666667,1.33333333333,3.0,5.5575,68.66666667,66.0
Y1050229,5.33333333333,5.33333333333,153.855555567,853.666666667,2.0,19.8333333333,59.0,2.0,24.1666666667,71.3333333333,0.0,0.0,0.0,8.33333333333,8.0,0.333333333333,0.648148148,0.0185185186667,2.71868130867,2.33333333333,3.66666666667,0.378306878333,8.33333333333,0.666666666667,0.0,0.0,5.66666666667,0.402116402333,7.66666666667,0.746031746,35.0,3.16666666667,12.3333333333,1.06349206333,0.0,0.0,40.6666666667,3.568783069,20.0,1.80952380967,60.6666666667,5.37830687833,55.6666666667,4.89682539667,0.0,0.0,69.0,6.044973546,185.333333333,16.32010582,7.33333333333,2.66666666667,3.33333333333,3.66666666667,10.0,103.3333333,99.0
Y1050230,0.0,0.0,0.0,0.0,0.0,0.0,0.0,0.0,0.0,0.0,0.0,0.0,0.0,0.0,0.0,0.0,0.0,0.0,0.0,0.0,0.0,0.0,0.0,0.0,0.0,0.0,0.0,0.0,0.0,0.0,0.0,0.0,0.0,0.0,0.0,0.0,0.0,0.0,0.0,0.0,0.0,0.0,0.0,0.0,0.0,0.0,0.0,0.0,0.0,0.0,0.0,0.0,0.0,0.0,0.0,0.0,0.0
Y1050231,0.0,0.0,0.0,0.0,0.0,0.0,0.0,0.0,0.0,0.0,0.0,0.0,0.0,0.0,0.0,0.0,0.0,0.0,0.0,0.0,0.0,0.0,0.0,0.0,0.0,0.0,0.0,0.0,0.0,0.0,0.0,0.0,0.0,0.0,0.0,0.0,0.0,0.0,0.0,0.0,0.0,0.0,0.0,0.0,0.0,0.0,0.0,0.0,0.0,0.0,0.0,0.0,0.0,0.0,0.0,0.0,10.0
Y1050232,0.333333333333,0.333333333333,36.3333333333,36.3333333333,0.333333333333,3.66666666667,3.66666666667,0.333333333333,5.0,5.0,0.0,0.0,0.0,0.333333333333,0.333333333333,0.0,0.333333333333,0.0,0.96197896,1.0,0.333333333333,0.333333333333,0.333333333333,0.333333333333,0.0,0.0,1.33333333333,1.33333333333,2.33333333333,2.33333333333,0.333333333333,0.333333333333,0.0,0.0,0.0,0.0,1.66666666667,1.66666666667,2.33333333333,2.33333333333,4.0,4.0,0.666666666667,0.666666666667,0.0,0.0,4.33333333333,4.33333333333,9.0,9.0,0.0,0.0,0.0,0.0,0.0,0.0,10.0
Y1050233,0.0,0.0,0.0,0.0,0.0,0.0,0.0,0.0,0.0,0.0,0.0,0.0,0.0,0.0,0.0,0.0,0.0,0.0,0.0,0.0,0.0,0.0,0.0,0.0,0.0,0.0,0.0,0.0,0.0,0.0,0.0,0.0,0.0,0.0,0.0,0.0,0.0,0.0,0.0,0.0,0.0,0.0,0.0,0.0,0.0,0.0,0.0,0.0,0.0,0.0,0.0,0.0,0.0,0.0,0.0,0.0,10.0
Y1050234,0.0,0.0,0.0,0.0,0.0,0.0,0.0,0.0,0.0,0.0,0.0,0.0,0.0,0.0,0.0,0.0,0.0,0.0,0.0,0.0,0.0,0.0,0.0,0.0,0.0,0.0,0.0,0.0,0.0,0.0,0.0,0.0,0.0,0.0,0.0,0.0,0.0,0.0,0.0,0.0,0.0,0.0,0.0,0.0,0.0,0.0,0.0,0.0,0.0,0.0,0.0,0.0,0.0,0.0,0.0,0.0,10.0
Y1050235,0.0,0.0,0.0,0.0,0.0,0.0,0.0,0.0,0.0,0.0,0.0,0.0,0.0,0.0,0.0,0.0,0.0,0.0,0.0,0.0,0.0,0.0,0.0,0.0,0.0,0.0,0.0,0.0,0.0,0.0,0.0,0.0,0.0,0.0,0.0,0.0,0.0,0.0,0.0,0.0,0.0,0.0,0.0,0.0,0.0,0.0,0.0,0.0,0.0,0.0,0.0,0.0,0.0,0.0,0.0,0.0,10.0
Y1050236,0.0,0.0,0.0,0.0,0.0,0.0,0.0,0.0,0.0,0.0,0.0,0.0,0.0,0.0,0.0,0.0,0.0,0.0,0.0,0.0,0.0,0.0,0.0,0.0,0.0,0.0,0.0,0.0,0.0,0.0,0.0,0.0,0.0,0.0,0.0,0.0,0.0,0.0,0.0,0.0,0.0,0.0,0.0,0.0,0.0,0.0,0.0,0.0,0.0,0.0,0.0,0.0,0.0,0.0,0.0,0.0,20.0
Y1050237,0.0,0.0,0.0,0.0,0.0,0.0,0.0,0.0,0.0,0.0,0.0,0.0,0.0,0.0,0.0,0.0,0.0,0.0,0.0,0.0,0.0,0.0,0.0,0.0,0.0,0.0,0.0,0.0,0.0,0.0,0.0,0.0,0.0,0.0,0.0,0.0,0.0,0.0,0.0,0.0,0.0,0.0,0.0,0.0,0.0,0.0,0.0,0.0,0.0,0.0,0.0,0.0,0.0,0.0,0.0,0.0,0.0
Y1050238,0.333333333333,0.333333333333,49.0,49.0,0.333333333333,5.0,5.0,0.0,0.0,0.0,0.0,0.0,0.0,0.0,0.0,0.0,0.0,0.0,0.0,0.0,0.0,0.0,0.0,0.0,0.0,0.0,0.0,0.0,0.0,0.0,0.0,0.0,0.0,0.0,0.0,0.0,0.0,0.0,0.0,0.0,0.0,0.0,0.0,0.0,0.0,0.0,0.0,0.0,0.0,0.0,0.0,0.0,0.0,0.0,0.0,54.66666667,40.0
Y1050239,0.0,0.0,0.0,0.0,0.0,0.0,0.0,0.0,0.0,0.0,0.0,0.0,0.0,0.0,0.0,0.0,0.0,0.0,0.0,0.0,0.0,0.0,0.0,0.0,0.0,0.0,0.0,0.0,0.0,0.0,0.0,0.0,0.0,0.0,0.0,0.0,0.0,0.0,0.0,0.0,0.0,0.0,0.0,0.0,0.0,0.0,0.0,0.0,0.0,0.0,0.0,0.0,0.0,0.0,0.0,0.0,10.0
Y1050240,0.0,0.0,0.0,0.0,0.0,0.0,0.0,0.0,0.0,0.0,0.0,0.0,0.0,0.0,0.0,0.0,0.0,0.0,0.0,0.0,0.0,0.0,0.0,0.0,0.0,0.0,0.0,0.0,0.0,0.0,0.0,0.0,0.0,0.0,0.0,0.0,0.0,0.0,0.0,0.0,0.0,0.0,0.0,0.0,0.0,0.0,0.0,0.0,0.0,0.0,0.0,0.0,0.0,0.0,0.0,0.0,10.0
Y1050241,1.33333333333,1.33333333333,192.333333333,237.333333333,0.666666666667,5.33333333333,5.33333333333,1.33333333333,38.8333333333,44.6666666667,0.0,0.0,0.0,6.66666666667,4.66666666667,2.0,0.768518518667,0.231481481333,9.66819545233,2.66666666667,4.33333333333,0.712962963,5.33333333333,0.847222222333,1.0,0.120370370333,7.0,1.0,5.33333333333,1.06944444433,11.0,1.56481481467,3.0,0.486111111333,0.333333333333,0.0416666666667,18.0,2.56481481467,8.66666666667,1.59722222233,26.6666666667,4.162037037,19.0,2.787037037,1.0,0.120370370333,33.3333333333,5.162037037,80.0,12.2314814833,0.0,0.0,0.0,0.0,0.0,0.0,20.0
Y1050242,0.0,0.0,0.0,0.0,0.0,0.0,0.0,0.0,0.0,0.0,0.0,0.0,0.0,0.0,0.0,0.0,0.0,0.0,0.0,0.0,0.0,0.0,0.0,0.0,0.0,0.0,0.0,0.0,0.0,0.0,0.0,0.0,0.0,0.0,0.0,0.0,0.0,0.0,0.0,0.0,0.0,0.0,0.0,0.0,0.0,0.0,0.0,0.0,0.0,0.0,0.0,0.0,0.0,0.0,0.0,0.0,20.0
Y1050243,0.0,0.0,0.0,0.0,0.0,0.0,0.0,0.0,0.0,0.0,0.0,0.0,0.0,0.0,0.0,0.0,0.0,0.0,0.0,0.0,0.0,0.0,0.0,0.0,0.0,0.0,0.0,0.0,0.0,0.0,0.0,0.0,0.0,0.0,0.0,0.0,0.0,0.0,0.0,0.0,0.0,0.0,0.0,0.0,0.0,0.0,0.0,0.0,0.0,0.0,0.0,0.0,0.0,0.0,0.0,0.0,10.0
Y1050244,0.0,0.0,0.0,0.0,0.0,0.0,0.0,0.0,0.0,0.0,0.0,0.0,0.0,0.0,0.0,0.0,0.0,0.0,0.0,0.0,0.0,0.0,0.0,0.0,0.0,0.0,0.0,0.0,0.0,0.0,0.0,0.0,0.0,0.0,0.0,0.0,0.0,0.0,0.0,0.0,0.0,0.0,0.0,0.0,0.0,0.0,0.0,0.0,0.0,0.0,0.0,0.0,0.0,0.0,0.0,0.0,10.0
Y1050245,0.0,0.0,0.0,0.0,0.0,0.0,0.0,0.0,0.0,0.0,0.0,0.0,0.0,0.0,0.0,0.0,0.0,0.0,0.0,0.0,0.0,0.0,0.0,0.0,0.0,0.0,0.0,0.0,0.0,0.0,0.0,0.0,0.0,0.0,0.0,0.0,0.0,0.0,0.0,0.0,0.0,0.0,0.0,0.0,0.0,0.0,0.0,0.0,0.0,0.0,0.0,0.0,0.0,0.0,0.0,0.0,10.0
Y1050246,0.0,0.0,0.0,0.0,0.0,0.0,0.0,0.0,0.0,0.0,0.0,0.0,0.0,0.0,0.0,0.0,0.0,0.0,0.0,0.0,0.0,0.0,0.0,0.0,0.0,0.0,0.0,0.0,0.0,0.0,0.0,0.0,0.0,0.0,0.0,0.0,0.0,0.0,0.0,0.0,0.0,0.0,0.0,0.0,0.0,0.0,0.0,0.0,0.0,0.0,0.0,0.0,0.0,0.0,0.0,0.0,30.0
Y1050247,0.0,0.0,0.0,0.0,0.0,0.0,0.0,0.0,0.0,0.0,0.0,0.0,0.0,0.0,0.0,0.0,0.0,0.0,0.0,0.0,0.0,0.0,0.0,0.0,0.0,0.0,0.0,0.0,0.0,0.0,0.0,0.0,0.0,0.0,0.0,0.0,0.0,0.0,0.0,0.0,0.0,0.0,0.0,0.0,0.0,0.0,0.0,0.0,0.0,0.0,0.0,0.0,0.0,0.0,0.0,4.0,30.0
Y1050248,0.0,0.0,0.0,0.0,0.0,0.0,0.0,0.0,0.0,0.0,0.0,0.0,0.0,0.0,0.0,0.0,0.0,0.0,0.0,0.0,0.0,0.0,0.0,0.0,0.0,0.0,0.0,0.0,0.0,0.0,0.0,0.0,0.0,0.0,0.0,0.0,0.0,0.0,0.0,0.0,0.0,0.0,0.0,0.0,0.0,0.0,0.0,0.0,0.0,0.0,0.0,0.0,0.0,0.0,0.0,0.0,30.0
Y1050249,0.0,0.0,0.0,0.0,0.0,0.0,0.0,0.0,0.0,0.0,0.0,0.0,0.0,0.0,0.0,0.0,0.0,0.0,0.0,0.0,0.0,0.0,0.0,0.0,0.0,0.0,0.0,0.0,0.0,0.0,0.0,0.0,0.0,0.0,0.0,0.0,0.0,0.0,0.0,0.0,0.0,0.0,0.0,0.0,0.0,0.0,0.0,0.0,0.0,0.0,0.0,0.0,0.0,0.0,0.0,0.0,30.0
Y1050250,0.0,0.0,0.0,0.0,0.0,0.0,0.0,0.0,0.0,0.0,0.0,0.0,0.0,0.0,0.0,0.0,0.0,0.0,0.0,0.0,0.0,0.0,0.0,0.0,0.0,0.0,0.0,0.0,0.0,0.0,0.0,0.0,0.0,0.0,0.0,0.0,0.0,0.0,0.0,0.0,0.0,0.0,0.0,0.0,0.0,0.0,0.0,0.0,0.0,0.0,0.0,0.0,0.0,0.0,0.0,0.0,10.0
Y1050251,0.0,0.0,0.0,0.0,0.0,0.0,0.0,0.0,0.0,0.0,0.0,0.0,0.0,0.0,0.0,0.0,0.0,0.0,0.0,0.0,0.0,0.0,0.0,0.0,0.0,0.0,0.0,0.0,0.0,0.0,0.0,0.0,0.0,0.0,0.0,0.0,0.0,0.0,0.0,0.0,0.0,0.0,0.0,0.0,0.0,0.0,0.0,0.0,0.0,0.0,0.0,0.0,0.0,0.0,0.0,0.0,0.0
Y1050252,0.0,0.0,0.0,0.0,0.0,0.0,0.0,0.0,0.0,0.0,0.0,0.0,0.0,0.0,0.0,0.0,0.0,0.0,0.0,0.0,0.0,0.0,0.0,0.0,0.0,0.0,0.0,0.0,0.0,0.0,0.0,0.0,0.0,0.0,0.0,0.0,0.0,0.0,0.0,0.0,0.0,0.0,0.0,0.0,0.0,0.0,0.0,0.0,0.0,0.0,0.0,0.0,0.0,0.0,0.0,0.0,10.0
Y1050253,0.0,0.0,0.0,0.0,0.0,0.0,0.0,0.0,0.0,0.0,0.0,0.0,0.0,0.0,0.0,0.0,0.0,0.0,0.0,0.0,0.0,0.0,0.0,0.0,0.0,0.0,0.0,0.0,0.0,0.0,0.0,0.0,0.0,0.0,0.0,0.0,0.0,0.0,0.0,0.0,0.0,0.0,0.0,0.0,0.0,0.0,0.0,0.0,0.0,0.0,0.0,0.0,0.0,0.0,0.0,0.0,10.0
Y1050254,0.0,0.0,0.0,0.0,0.0,0.0,0.0,0.0,0.0,0.0,0.0,0.0,0.0,0.0,0.0,0.0,0.0,0.0,0.0,0.0,0.0,0.0,0.0,0.0,0.0,0.0,0.0,0.0,0.0,0.0,0.0,0.0,0.0,0.0,0.0,0.0,0.0,0.0,0.0,0.0,0.0,0.0,0.0,0.0,0.0,0.0,0.0,0.0,0.0,0.0,0.0,0.0,0.0,0.0,0.0,0.0,20.0
Y1050255,1.0,1.0,36.0,71.6666666667,0.666666666667,3.16666666667,6.33333333333,0.666666666667,2.83333333333,5.66666666667,0.0,0.0,0.0,0.666666666667,0.666666666667,0.0,0.333333333333,0.0,0.897567694667,1.33333333333,0.666666666667,0.333333333333,0.666666666667,0.333333333333,0.0,0.0,1.33333333333,0.666666666667,1.0,0.5,1.0,0.5,1.0,0.5,0.0,0.0,2.33333333333,1.16666666667,2.0,1.0,4.33333333333,2.16666666667,2.66666666667,1.33333333333,0.0,0.0,5.0,2.5,12.0,6.0,0.0,0.0,0.0,0.0,0.0,28.0,40.0
Y1050256,0.0,0.0,0.0,0.0,0.0,0.0,0.0,0.0,0.0,0.0,0.0,0.0,0.0,0.0,0.0,0.0,0.0,0.0,0.0,0.0,0.0,0.0,0.0,0.0,0.0,0.0,0.0,0.0,0.0,0.0,0.0,0.0,0.0,0.0,0.0,0.0,0.0,0.0,0.0,0.0,0.0,0.0,0.0,0.0,0.0,0.0,0.0,0.0,0.0,0.0,0.0,0.0,0.0,0.0,0.0,18.0,30.0
Y1050257,0.333333333333,0.333333333333,9.33333333333,9.33333333333,0.333333333333,1.66666666667,1.66666666667,0.0,0.0,0.0,0.0,0.0,0.0,0.0,0.0,0.0,0.0,0.0,0.0,0.0,0.0,0.0,0.0,0.0,0.0,0.0,0.0,0.0,0.0,0.0,0.0,0.0,0.0,0.0,0.0,0.0,0.0,0.0,0.0,0.0,0.0,0.0,0.0,0.0,0.0,0.0,0.0,0.0,0.0,0.0,0.0,0.0,0.0,0.0,0.0,58.33333333,40.0
Y1050258,0.0,0.0,0.0,0.0,0.0,0.0,0.0,0.0,0.0,0.0,0.0,0.0,0.0,0.0,0.0,0.0,0.0,0.0,0.0,0.0,0.0,0.0,0.0,0.0,0.0,0.0,0.0,0.0,0.0,0.0,0.0,0.0,0.0,0.0,0.0,0.0,0.0,0.0,0.0,0.0,0.0,0.0,0.0,0.0,0.0,0.0,0.0,0.0,0.0,0.0,0.0,0.0,0.0,0.0,0.0,0.0,10.0
Y1050259,1.33333333333,1.33333333333,290.555555567,721.0,1.33333333333,31.7777777767,80.0,1.33333333333,17.4444444433,41.0,0.0,0.0,0.0,8.0,7.66666666667,0.333333333333,0.333333333333,0.333333333333,5.92448891,1.33333333333,4.0,0.492753623333,7.66666666667,0.652173913,2.0,0.0869565216667,4.0,0.811594203,6.33333333333,2.188405797,15.3333333333,2.89855072467,5.66666666667,0.565217391333,0.333333333333,0.0144927536667,19.3333333333,3.71014492767,12.3333333333,2.768115942,31.6666666667,6.47826086967,27.3333333333,4.05797101433,2.0,0.0869565216667,39.6666666667,7.14492753633,100.666666667,17.7681159433,3.0,2.66666666667,2.0,3.0,4.0775,85.0,80.0
Y1050260,2.66666666667,2.66666666667,254.333333333,545.666666667,1.33333333333,22.5,45.0,2.0,34.0,64.3333333333,0.0,0.0,0.0,7.0,6.33333333333,0.666666666667,0.814814814667,0.185185185333,11.344343754,2.33333333333,5.33333333333,0.907407407333,6.33333333333,0.962962963,1.66666666667,0.0925925926667,5.33333333333,0.925925926,13.6666666667,3.20370370367,22.3333333333,3.01851851867,6.0,0.481481481333,0.333333333333,0.0185185186667,27.6666666667,3.94444444433,20.0,3.70370370367,47.6666666667,7.648148148,33.6666666667,4.40740740733,1.66666666667,0.0925925926667,54.6666666667,8.648148148,137.666666667,20.7962962967,0.0,0.0,0.0,0.0,0.0,63.66666667,50.0
Y1050261,5.0,5.0,100.558730143,573.333333333,2.33333333333,34.4666666667,83.0,0.0,0.0,0.0,0.0,0.0,0.0,0.0,0.0,0.0,0.0,0.0,0.0,0.0,0.0,0.0,0.0,0.0,0.0,0.0,0.0,0.0,0.0,0.0,0.0,0.0,0.0,0.0,0.0,0.0,0.0,0.0,0.0,0.0,0.0,0.0,0.0,0.0,0.0,0.0,0.0,0.0,0.0,0.0,2.66666666667,2.66666666667,1.0,2.66666666667,4.0,82.66666667,82.0
Y1050262,0.666666666667,0.666666666667,86.3333333333,86.3333333333,0.333333333333,4.33333333333,4.33333333333,0.666666666667,7.0,7.0,0.0,0.0,0.0,1.66666666667,1.33333333333,0.333333333333,0.333333333333,0.333333333333,1.43181408467,3.66666666667,1.0,0.5,1.66666666667,0.666666666667,0.0,0.0,2.0,1.0,0.333333333333,0.0833333333333,1.33333333333,0.583333333333,0.333333333333,0.333333333333,0.0,0.0,3.33333333333,1.58333333333,0.666666666667,0.416666666667,4.0,2.0,3.0,1.25,0.0,0.0,5.66666666667,2.66666666667,12.6666666667,5.91666666667,0.0,0.0,0.0,0.0,0.0,66.66666667,50.0
Y1050263,1.0,1.0,95.1666666667,102.0,0.0,0.0,0.0,0.0,0.0,0.0,0.0,0.0,0.0,0.0,0.0,0.0,0.0,0.0,0.0,0.0,0.0,0.0,0.0,0.0,0.0,0.0,0.0,0.0,0.0,0.0,0.0,0.0,0.0,0.0,0.0,0.0,0.0,0.0,0.0,0.0,0.0,0.0,0.0,0.0,0.0,0.0,0.0,0.0,0.0,0.0,0.0,0.0,0.0,0.0,0.0,38.33333333,40.0
Y1050264,1.0,1.0,125.8888889,377.666666667,1.0,13.88888889,41.6666666667,1.0,5.77777777667,17.3333333333,0.0,0.0,0.0,5.66666666667,5.0,0.666666666667,0.294117647,0.0392156863333,2.26979323933,0.666666666667,0.333333333333,0.019607843,5.0,0.294117647,1.33333333333,0.0784313726667,0.0,0.0,0.0,0.0,9.33333333333,0.549019608,0.333333333333,0.019607843,0.0,0.0,9.33333333333,0.549019608,0.333333333333,0.019607843,9.66666666667,0.568627451,13.6666666667,0.803921568667,1.33333333333,0.0784313726667,15.3333333333,0.901960784333,40.0,2.35294117633,0.0,0.0,0.0,0.0,0.0,55.33333333,40.0
Y1050265,0.0,0.0,0.0,0.0,0.0,0.0,0.0,0.0,0.0,0.0,0.0,0.0,0.0,0.0,0.0,0.0,0.0,0.0,0.0,0.0,0.0,0.0,0.0,0.0,0.0,0.0,0.0,0.0,0.0,0.0,0.0,0.0,0.0,0.0,0.0,0.0,0.0,0.0,0.0,0.0,0.0,0.0,0.0,0.0,0.0,0.0,0.0,0.0,0.0,0.0,0.0,0.0,0.0,0.0,0.0,0.0,20.0
Y1050266,1.0,1.0,127.666666667,235.333333333,1.0,10.1666666667,19.3333333333,1.0,16.0,28.3333333333,0.0,0.0,0.0,4.0,3.33333333333,0.666666666667,0.606060606,0.0606060606667,8.45071686333,1.66666666667,0.666666666667,0.0606060606667,3.66666666667,0.636363636333,0.666666666667,0.0606060606667,1.33333333333,0.121212121333,0.0,0.0,19.3333333333,4.484848485,2.0,0.181818181667,0.333333333333,0.0303030303333,20.6666666667,4.606060606,2.33333333333,0.212121212,23.0,4.81818181833,25.0,5.303030303,0.666666666667,0.0606060606667,27.0,5.484848485,75.6666666667,15.6666666667,0.0,0.0,0.0,0.0,0.0,58.66666667,40.0
Y1050267,0.666666666667,0.666666666667,174.0,348.0,0.666666666667,17.8333333333,35.6666666667,0.666666666667,5.33333333333,10.6666666667,0.0,0.0,0.0,4.0,3.0,1.0,0.25,0.0833333333333,0.873710426,0.333333333333,1.66666666667,0.138888889,3.66666666667,0.305555555667,0.666666666667,0.0555555556667,0.333333333333,0.0277777776667,1.0,0.0833333333333,4.0,0.333333333333,1.33333333333,0.111111111,0.0,0.0,4.33333333333,0.361111111,2.33333333333,0.194444444333,6.66666666667,0.555555555667,7.33333333333,0.611111111,0.666666666667,0.0555555556667,10.6666666667,0.888888889,25.3333333333,2.111111111,0.0,0.0,0.0,0.0,0.0,17.33333333,30.0
Y1050268,4.33333333333,4.33333333333,141.222222233,680.666666667,3.33333333333,20.1666666667,68.3333333333,3.66666666667,8.01666666667,34.6666666667,1.66666666667,1.44444444433,3.33333333333,9.33333333333,6.33333333333,3.0,0.675213675333,0.324786324667,7.07791861933,1.33333333333,2.0,0.158119658333,8.66666666667,0.863247863333,2.0,0.243589743667,4.33333333333,0.350427350667,4.0,0.320512820667,6.33333333333,0.495726495667,3.66666666667,0.294871795,0.666666666667,0.0534188033333,10.6666666667,0.846153846,8.33333333333,0.668803418667,19.0,1.514957265,17.3333333333,1.54700854733,2.33333333333,0.269230769333,28.3333333333,2.514957265,67.0,5.846153846,0.0,0.0,0.0,0.0,0.0,84.66666667,60.0
Y1050269,0.0,0.0,0.0,0.0,0.0,0.0,0.0,0.0,0.0,0.0,0.0,0.0,0.0,0.0,0.0,0.0,0.0,0.0,0.0,0.0,0.0,0.0,0.0,0.0,0.0,0.0,0.0,0.0,0.0,0.0,0.0,0.0,0.0,0.0,0.0,0.0,0.0,0.0,0.0,0.0,0.0,0.0,0.0,0.0,0.0,0.0,0.0,0.0,0.0,0.0,0.0,0.0,0.0,0.0,0.0,0.0,10.0
Y1050270,0.0,0.0,0.0,0.0,0.0,0.0,0.0,0.0,0.0,0.0,0.0,0.0,0.0,0.0,0.0,0.0,0.0,0.0,0.0,0.0,0.0,0.0,0.0,0.0,0.0,0.0,0.0,0.0,0.0,0.0,0.0,0.0,0.0,0.0,0.0,0.0,0.0,0.0,0.0,0.0,0.0,0.0,0.0,0.0,0.0,0.0,0.0,0.0,0.0,0.0,0.0,0.0,0.0,0.0,0.0,0.0,40.0
Y1050271,0.0,0.0,0.0,0.0,0.0,0.0,0.0,0.0,0.0,0.0,0.0,0.0,0.0,0.0,0.0,0.0,0.0,0.0,0.0,0.0,0.0,0.0,0.0,0.0,0.0,0.0,0.0,0.0,0.0,0.0,0.0,0.0,0.0,0.0,0.0,0.0,0.0,0.0,0.0,0.0,0.0,0.0,0.0,0.0,0.0,0.0,0.0,0.0,0.0,0.0,0.0,0.0,0.0,0.0,0.0,0.0,0.0
Y1050272,0.0,0.0,0.0,0.0,0.0,0.0,0.0,0.0,0.0,0.0,0.0,0.0,0.0,0.0,0.0,0.0,0.0,0.0,0.0,0.0,0.0,0.0,0.0,0.0,0.0,0.0,0.0,0.0,0.0,0.0,0.0,0.0,0.0,0.0,0.0,0.0,0.0,0.0,0.0,0.0,0.0,0.0,0.0,0.0,0.0,0.0,0.0,0.0,0.0,0.0,0.0,0.0,0.0,0.0,0.0,0.0,0.0
Y1050273,0.333333333333,0.333333333333,19.0,19.0,0.0,0.0,0.0,0.333333333333,0.666666666667,0.666666666667,0.0,0.0,0.0,0.666666666667,0.333333333333,0.333333333333,0.166666666667,0.166666666667,2.029093358,1.33333333333,0.0,0.0,0.666666666667,0.333333333333,0.0,0.0,0.0,0.0,0.0,0.0,0.0,0.0,0.0,0.0,0.0,0.0,0.0,0.0,0.0,0.0,0.0,0.0,0.666666666667,0.333333333333,0.0,0.0,0.666666666667,0.333333333333,1.33333333333,0.666666666667,0.0,0.0,0.0,0.0,0.0,44.66666667,40.0
Y9999986,1.66666666667,1.66666666667,247.333333333,462.333333333,1.0,25.8333333333,39.0,1.0,29.0,37.6666666667,0.0,0.0,0.0,5.0,3.33333333333,1.66666666667,0.452380952333,0.214285714333,4.340091084,2.33333333333,2.66666666667,0.363095238,5.0,0.666666666667,0.333333333333,0.0476190476667,3.66666666667,0.482142857,15.6666666667,2.107142857,9.66666666667,1.30952380967,3.66666666667,0.505952381,0.0,0.0,13.3333333333,1.79166666667,19.3333333333,2.613095238,32.6666666667,4.40476190467,18.0,2.43452380967,0.333333333333,0.0476190476667,37.6666666667,5.07142857133,88.6666666667,11.9583333333,0.0,0.0,0.0,0.0,0.0,71.0,58.0
Y9999987,0.0,0.0,0.0,0.0,0.0,0.0,0.0,0.0,0.0,0.0,0.0,0.0,0.0,0.0,0.0,0.0,0.0,0.0,0.0,0.0,0.0,0.0,0.0,0.0,0.0,0.0,0.0,0.0,0.0,0.0,0.0,0.0,0.0,0.0,0.0,0.0,0.0,0.0,0.0,0.0,0.0,0.0,0.0,0.0,0.0,0.0,0.0,0.0,0.0,0.0,0.0,0.0,0.0,0.0,0.0,71.0,27.0
Y9999988,2.33333333333,2.33333333333,43.63888889,145.333333333,0.333333333333,0.333333333333,0.333333333333,0.666666666667,16.0,16.0,0.0,0.0,0.0,4.66666666667,2.66666666667,2.0,0.404040404,0.262626262667,6.44916067767,2.66666666667,2.33333333333,0.292929292667,4.0,0.606060606,0.333333333333,0.0303030303333,3.0,0.353535353333,1.33333333333,0.121212121333,3.66666666667,0.575757575667,0.333333333333,0.111111111,0.0,0.0,6.66666666667,0.929292929333,1.66666666667,0.232323232333,8.33333333333,1.16161616167,7.0,1.202020202,0.333333333333,0.0303030303333,13.0,1.82828282833,28.6666666667,4.22222222233,0.0,0.0,0.0,0.0,0.0,36.0,33.0
Y9999989,0.333333333333,0.333333333333,220.333333333,220.333333333,0.333333333333,32.6666666667,32.6666666667,0.333333333333,4.0,4.0,0.0,0.0,0.0,2.66666666667,2.66666666667,0.0,0.333333333333,0.0,4.26908506,0.666666666667,0.0,0.0,2.0,0.25,0.666666666667,0.0833333333333,0.0,0.0,0.0,0.0,0.0,0.0,0.0,0.0,0.0,0.0,0.0,0.0,0.0,0.0,0.0,0.0,2.0,0.25,0.666666666667,0.0833333333333,2.66666666667,0.333333333333,5.33333333333,0.666666666667,0.0,0.0,0.0,0.0,0.0,77.66666667,59.0
Y9999990,3.33333333333,3.33333333333,328.666666657,758.666666667,2.66666666667,31.0333333333,68.0,2.33333333333,46.1666666667,83.3333333333,0.0,0.0,0.0,10.0,9.66666666667,0.333333333333,0.916666666667,0.0833333333333,9.258064635,3.0,4.0,0.432330827333,10.0,1.0,2.66666666667,0.362155388667,9.33333333333,0.947994987333,8.33333333333,1.026942356,42.6666666667,5.063283208,6.66666666667,0.657268170333,0.333333333333,0.0175438596667,52.0,6.01127819567,15.3333333333,1.701754386,67.3333333333,7.713032582,56.6666666667,6.328320802,2.66666666667,0.362155388667,77.3333333333,8.713032582,204.0,23.1165413533,0.0,0.0,0.0,0.0,0.0,89.33333333,63.0
Y9999991,0.0,0.0,0.0,0.0,0.0,0.0,0.0,0.0,0.0,0.0,0.0,0.0,0.0,0.0,0.0,0.0,0.0,0.0,0.0,0.0,0.0,0.0,0.0,0.0,0.0,0.0,0.0,0.0,0.0,0.0,0.0,0.0,0.0,0.0,0.0,0.0,0.0,0.0,0.0,0.0,0.0,0.0,0.0,0.0,0.0,0.0,0.0,0.0,0.0,0.0,0.0,0.0,0.0,0.0,0.0,56.0,36.0
Y9999992,1.0,1.0,193.0,318.666666667,1.0,21.0,35.6666666667,1.0,11.3333333333,17.3333333333,0.0,0.0,0.0,7.0,7.0,0.0,0.666666666667,0.0,6.819242216,2.0,1.0,0.108333333333,6.0,0.604166666667,2.0,0.170833333333,0.0,0.0,1.0,0.108333333333,5.0,0.495833333333,1.33333333333,0.220833333333,0.666666666667,0.0416666666667,5.0,0.495833333333,3.0,0.370833333333,8.0,0.866666666667,11.6666666667,1.23333333333,2.33333333333,0.191666666667,15.0,1.53333333333,37.0,3.825,0.0,0.0,0.0,0.0,0.0,30.33333333,38.0
Y9999993,1.33333333333,1.33333333333,114.083333333,456.333333333,1.0,7.11111111,21.3333333333,1.33333333333,15.25,61.0,0.0,0.0,0.0,7.66666666667,7.0,0.666666666667,0.304347826,0.0289855073333,3.97037749333,0.333333333333,5.0,0.217391304333,7.66666666667,0.333333333333,0.333333333333,0.0144927536667,10.6666666667,0.463768116,15.0,0.652173913,15.6666666667,0.681159420333,5.66666666667,0.246376811667,0.333333333333,0.0144927536667,26.3333333333,1.14492753633,21.0,0.913043478333,47.3333333333,2.05797101433,28.6666666667,1.24637681167,0.333333333333,0.0144927536667,55.0,2.39130434767,131.333333333,5.71014492667,0.0,0.0,0.0,0.0,0.0,80.33333333,49.0
Y9999994,0.333333333333,0.333333333333,12.3333333333,12.3333333333,0.0,0.0,0.0,0.333333333333,0.666666666667,0.666666666667,0.0,0.0,0.0,0.666666666667,0.666666666667,0.0,0.333333333333,0.0,4.92155101333,0.333333333333,0.0,0.0,0.333333333333,0.166666666667,0.333333333333,0.166666666667,0.0,0.0,0.0,0.0,0.0,0.0,0.0,0.0,0.0,0.0,0.0,0.0,0.0,0.0,0.0,0.0,0.333333333333,0.166666666667,0.333333333333,0.166666666667,0.666666666667,0.333333333333,1.33333333333,0.666666666667,0.0,0.0,0.0,0.0,0.0,38.33333333,20.0
Y9999995,1.0,1.0,46.3333333333,92.3333333333,0.333333333333,5.0,5.0,0.333333333333,8.66666666667,8.66666666667,0.0,0.0,0.0,2.33333333333,2.0,0.333333333333,0.285714285667,0.0476190476667,4.74131940333,1.66666666667,1.0,0.142857143,2.0,0.285714285667,0.333333333333,0.0476190476667,4.0,0.571428571333,0.0,0.0,0.333333333333,0.0476190476667,0.666666666667,0.0952380953333,0.0,0.0,4.33333333333,0.619047619,0.666666666667,0.0952380953333,5.0,0.714285714333,2.66666666667,0.380952381,0.333333333333,0.0476190476667,7.33333333333,1.04761904767,15.3333333333,2.19047619033,0.0,0.0,0.0,0.0,0.0,82.33333333,57.0
Y9999996,0.0,0.0,0.0,0.0,0.0,0.0,0.0,0.0,0.0,0.0,0.0,0.0,0.0,0.0,0.0,0.0,0.0,0.0,0.0,0.0,0.0,0.0,0.0,0.0,0.0,0.0,0.0,0.0,0.0,0.0,0.0,0.0,0.0,0.0,0.0,0.0,0.0,0.0,0.0,0.0,0.0,0.0,0.0,0.0,0.0,0.0,0.0,0.0,0.0,0.0,0.0,0.0,0.0,0.0,0.0,83.0,54.0
Y9999997,1.0,1.0,167.666666667,181.666666667,0.666666666667,23.0,23.0,0.666666666667,6.66666666667,6.66666666667,0.0,0.0,0.0,3.66666666667,3.33333333333,0.333333333333,0.5,0.166666666667,6.130770552,1.33333333333,0.333333333333,0.166666666667,3.33333333333,0.629629629667,0.333333333333,0.037037037,0.0,0.0,0.0,0.0,0.333333333333,0.166666666667,1.0,0.240740740667,0.0,0.0,0.333333333333,0.166666666667,1.0,0.240740740667,1.33333333333,0.407407407333,4.33333333333,0.870370370333,0.333333333333,0.037037037,5.0,1.074074074,11.0,2.388888889,0.0,0.0,0.0,0.0,0.0,90.0,58.0
Y9999998,1.0,1.0,47.1111111,141.333333333,0.0,0.0,0.0,1.0,10.4444444433,31.3333333333,0.0,0.0,0.0,7.0,5.66666666667,1.33333333333,0.26984127,0.0634920633333,0.700711237667,0.333333333333,2.33333333333,0.111111111,4.66666666667,0.222222222333,1.33333333333,0.0634920633333,17.0,0.809523809667,1.66666666667,0.0793650793333,2.66666666667,0.126984127,1.33333333333,0.0634920633333,0.0,0.0,19.6666666667,0.936507936667,3.0,0.142857143,22.6666666667,1.07936507933,8.66666666667,0.412698412667,1.33333333333,0.0634920633333,29.6666666667,1.41269841267,62.3333333333,2.96825396833,0.0,0.0,0.0,0.0,0.0,76.33333333,49.0
Y9999999,2.66666666667,2.66666666667,124.5,466.666666667,0.333333333333,21.6666666667,21.6666666667,2.0,25.0,77.3333333333,0.0,0.0,0.0,11.3333333333,9.0,2.33333333333,0.535353535333,0.131313131333,10.09829379,1.33333333333,4.33333333333,0.234848485,10.0,0.580808080667,2.0,0.128787878667,8.0,0.363636363667,3.0,0.186868686667,35.6666666667,2.202020202,3.33333333333,0.176767677,0.0,0.0,43.6666666667,2.56565656567,6.33333333333,0.363636363667,50.0,2.92929292933,47.0,2.84343434367,2.0,0.128787878667,61.3333333333,3.595959596,160.333333333,9.49747474667,0.0,0.0,0.0,0.0,0.0,103.3333333,73.0
